Type,Air temperature [K],Process temperature [K],Rotational speed [rpm],Torque [Nm],Tool wear [min],Machine failure,TWF,HDF,PWF,OSF,RNF,delta_temp,power_kw,wear_torque
M,298.1,308.6,1551,42.8,0,0,0,0,0,0,0,10.5,6.951078534031413,0.0
L,298.2,308.7,1408,46.3,3,0,0,0,0,0,0,10.5,6.826219895287958,138.89999999999998
L,298.1,308.5,1498,49.4,5,0,0,0,0,0,0,10.399999999999977,7.748816753926701,247.0
L,298.2,308.6,1433,39.5,7,0,0,0,0,0,0,10.400000000000034,5.927068062827225,276.5
L,298.2,308.7,1408,40.0,9,0,0,0,0,0,0,10.5,5.897382198952879,360.0
M,298.1,308.6,1425,41.9,11,0,0,0,0,0,0,10.5,6.252094240837696,460.9
L,298.1,308.6,1558,42.4,14,0,0,0,0,0,0,10.5,6.917193717277486,593.6
L,298.1,308.6,1527,40.2,16,0,0,0,0,0,0,10.5,6.42779057591623,643.2
M,298.3,308.7,1667,28.6,18,0,0,0,0,0,0,10.399999999999977,4.992272251308901,514.8000000000001
M,298.5,309.0,1741,28.0,21,0,0,0,0,0,0,10.5,5.104502617801047,588.0
H,298.4,308.9,1782,23.9,24,0,0,0,0,0,0,10.5,4.4596649214659685,573.5999999999999
H,298.6,309.1,1423,44.3,29,0,0,0,0,0,0,10.5,6.600931937172774,1284.6999999999998
M,298.6,309.1,1339,51.1,34,0,0,0,0,0,0,10.5,7.164701570680629,1737.4
M,298.6,309.2,1742,30.0,37,0,0,0,0,0,0,10.599999999999966,5.472251308900524,1110.0
L,298.6,309.2,2035,19.6,40,0,0,0,0,0,0,10.599999999999966,4.176544502617801,784.0
L,298.6,309.2,1542,48.4,42,0,0,0,0,0,0,10.599999999999966,7.814952879581152,2032.8
M,298.6,309.2,1311,46.6,44,0,0,0,0,0,0,10.599999999999966,6.397130890052356,2050.4
M,298.7,309.2,1410,45.6,47,0,0,0,0,0,0,10.5,6.732565445026178,2143.2000000000003
H,298.8,309.2,1306,54.5,50,0,0,0,0,0,0,10.399999999999977,7.4530890052356025,2725.0
M,298.9,309.3,1632,32.5,55,0,0,0,0,0,0,10.400000000000034,5.55392670157068,1787.5
H,298.9,309.3,1375,42.7,58,0,0,0,0,0,0,10.400000000000034,6.147905759162304,2476.6000000000004
L,298.8,309.3,1450,44.8,63,0,0,0,0,0,0,10.5,6.802094240837696,2822.3999999999996
M,298.9,309.3,1581,30.7,65,0,0,0,0,0,0,10.400000000000034,5.082376963350785,1995.5
L,299.0,309.4,1758,25.7,68,0,0,0,0,0,0,10.399999999999977,4.730952879581151,1747.6
M,299.0,309.4,1561,37.3,70,0,0,0,0,0,0,10.399999999999977,6.09689005235602,2611.0
L,299.0,309.5,1861,23.3,73,0,0,0,0,0,0,10.5,4.540450261780105,1700.9
L,299.1,309.5,1512,39.0,75,0,0,0,0,0,0,10.399999999999977,6.174659685863874,2925.0
H,299.1,309.4,1811,24.6,77,0,0,0,0,0,0,10.299999999999955,4.664984293193718,1894.2
L,299.1,309.4,1439,44.2,82,0,0,0,0,0,0,10.299999999999955,6.660083769633508,3624.4
L,299.0,309.4,1693,30.1,84,0,0,0,0,0,0,10.399999999999977,5.336052356020943,2528.4
M,299.1,309.5,1339,48.2,86,0,0,0,0,0,0,10.399999999999977,6.758094240837696,4145.2
L,299.0,309.4,1798,25.5,89,0,0,0,0,0,0,10.399999999999977,4.800942408376963,2269.5
L,299.0,309.4,1419,48.3,91,0,0,0,0,0,0,10.399999999999977,7.176722513089005,4395.3
L,298.9,309.3,1665,32.5,93,0,0,0,0,0,0,10.400000000000034,5.6662303664921465,3022.5
M,298.8,309.1,1559,34.7,95,0,0,0,0,0,0,10.300000000000011,5.664638743455498,3296.5000000000005
M,298.8,309.2,1452,48.6,98,0,0,0,0,0,0,10.399999999999977,7.3892356020942405,4762.8
M,298.9,309.2,1581,36.7,101,0,0,0,0,0,0,10.300000000000011,6.075675392670157,3706.7000000000003
L,298.8,309.1,1439,39.2,104,0,0,0,0,0,0,10.300000000000011,5.906680628272252,4076.8
H,298.9,309.2,1379,50.7,106,0,0,0,0,0,0,10.300000000000011,7.320973821989529,5374.200000000001
L,298.8,309.1,1350,52.5,111,0,0,0,0,0,0,10.300000000000011,7.4214659685863875,5827.5
L,298.8,309.1,1362,45.4,113,0,0,0,0,0,0,10.300000000000011,6.474848167539267,5130.2
L,298.8,309.1,1368,50.8,115,0,0,0,0,0,0,10.300000000000011,7.276900523560209,5842.0
M,298.8,309.1,1368,49.1,117,0,0,0,0,0,0,10.300000000000011,7.0333821989528795,5744.7
H,298.8,309.2,1372,48.5,120,0,0,0,0,0,0,10.399999999999977,6.967748691099477,5820.0
M,298.8,309.1,1472,47.5,125,0,0,0,0,0,0,10.300000000000011,7.321465968586388,5937.5
L,298.8,309.1,1489,49.1,128,0,0,0,0,0,0,10.300000000000011,7.655486910994766,6284.8
M,298.7,309.0,1843,25.8,130,0,0,0,0,0,0,10.300000000000011,4.978994764397906,3354.0
L,298.8,309.1,1418,46.3,133,0,0,0,0,0,0,10.300000000000011,6.874701570680628,6157.9
H,298.8,309.2,1425,53.9,135,0,0,0,0,0,0,10.399999999999977,8.042670157068063,7276.5
M,298.9,309.2,1412,44.1,140,0,0,0,0,0,0,10.300000000000011,6.520335078534032,6174.0
L,298.9,309.1,2861,4.6,143,1,0,0,1,0,0,10.200000000000045,1.3780732984293191,657.8
L,298.9,309.1,1383,54.9,145,0,0,0,0,0,0,10.200000000000045,7.950439790575916,7960.5
H,298.8,309.0,1497,43.8,147,0,0,0,0,0,0,10.199999999999989,6.865821989528795,6438.599999999999
L,298.7,309.0,1565,35.1,152,0,0,0,0,0,0,10.300000000000011,5.751989528795812,5335.2
L,298.7,309.0,1691,30.1,154,0,0,0,0,0,0,10.300000000000011,5.329748691099477,4635.400000000001
L,298.8,309.1,1512,40.7,156,0,0,0,0,0,0,10.300000000000011,6.443811518324607,6349.200000000001
L,298.8,309.1,1477,42.4,158,0,0,0,0,0,0,10.300000000000011,6.557570680628272,6699.2
L,298.8,309.1,1513,40.3,160,0,0,0,0,0,0,10.300000000000011,6.384701570680628,6448.0
M,298.8,309.0,1661,29.5,162,0,0,0,0,0,0,10.199999999999989,5.130837696335078,4779.0
L,298.8,309.1,1378,54.4,165,0,0,0,0,0,0,10.300000000000011,7.849549738219895,8976.0
L,298.8,309.1,1393,52.6,167,0,0,0,0,0,0,10.300000000000011,7.6724397905759165,8784.2
M,298.8,309.0,1592,38.2,169,0,0,0,0,0,0,10.199999999999989,6.368,6455.8
L,298.8,309.0,1829,22.9,172,0,0,0,0,0,0,10.199999999999989,4.385769633507853,3938.7999999999997
M,298.9,309.0,1812,25.9,174,0,0,0,0,0,0,10.100000000000023,4.914219895287958,4506.599999999999
L,299.0,309.1,1523,38.6,177,0,0,0,0,0,0,10.100000000000023,6.155790575916231,6832.2
L,299.0,309.1,1394,45.1,179,0,0,0,0,0,0,10.100000000000023,6.583183246073299,8072.900000000001
M,298.9,308.9,1679,28.7,181,0,0,0,0,0,0,10.0,5.04579057591623,5194.7
H,298.8,308.9,1466,44.1,184,0,0,0,0,0,0,10.099999999999966,6.7696963350785335,8114.400000000001
L,298.8,308.9,1527,32.4,189,0,0,0,0,0,0,10.099999999999966,5.180607329842932,6123.599999999999
L,298.9,309.0,1410,65.7,191,1,0,0,1,1,0,10.100000000000023,9.70020942408377,12548.7
M,298.9,309.0,1924,22.6,193,0,0,0,0,0,0,10.100000000000023,4.553130890052357,4361.8
L,298.9,309.1,1452,45.5,196,0,0,0,0,0,0,10.200000000000045,6.917905759162304,8918.0
L,298.9,309.1,1369,44.4,198,0,0,0,0,0,0,10.200000000000045,6.364774869109947,8791.199999999999
L,299.0,309.1,1592,35.0,200,0,0,0,0,0,0,10.100000000000023,5.83455497382199,7000.0
L,298.9,309.0,1601,32.3,202,0,0,0,0,0,0,10.100000000000023,5.414900523560209,6524.599999999999
L,298.8,308.9,1379,46.7,204,0,0,0,0,0,0,10.099999999999966,6.7433821989528795,9526.800000000001
L,298.8,308.9,1461,47.9,206,0,0,0,0,0,0,10.099999999999966,7.327947643979057,9867.4
L,298.8,308.9,1455,41.3,208,1,1,0,0,0,0,10.099999999999966,6.292303664921465,8590.4
L,298.8,308.9,1398,51.5,0,0,0,0,0,0,0,10.099999999999966,7.538952879581152,0.0
L,298.8,308.9,1402,37.9,2,0,0,0,0,0,0,10.099999999999966,5.563958115183246,75.8
H,298.8,308.8,1445,49.9,4,0,0,0,0,0,0,10.0,7.550314136125654,199.6
L,298.9,308.9,1450,47.5,9,0,0,0,0,0,0,10.0,7.212041884816754,427.5
L,298.9,308.9,1453,40.8,11,0,0,0,0,0,0,10.0,6.20758115183246,448.79999999999995
L,299.0,309.0,1469,40.1,13,0,0,0,0,0,0,10.0,6.168261780104713,521.3000000000001
L,298.9,308.9,1422,47.6,15,0,0,0,0,0,0,10.0,7.087664921465969,714.0
M,299.0,309.0,1804,26.8,17,0,0,0,0,0,0,10.0,5.062534031413613,455.6
H,299.0,309.0,1436,43.9,20,0,0,0,0,0,0,10.0,6.601089005235602,878.0
L,299.0,309.0,1544,31.8,25,0,0,0,0,0,0,10.0,5.141277486910996,795.0
M,299.0,309.0,1419,45.2,27,0,0,0,0,0,0,10.0,6.7161047120418855,1220.4
M,298.9,308.9,1487,39.5,30,0,0,0,0,0,0,10.0,6.150418848167539,1185.0
L,298.9,308.9,1753,25.8,33,0,0,0,0,0,0,10.0,4.735853403141362,851.4
L,298.9,308.9,1830,24.9,35,0,0,0,0,0,0,10.0,4.771413612565445,871.5
M,298.9,308.9,1727,27.1,37,0,0,0,0,0,0,10.0,4.900701570680629,1002.7
L,299.1,309.0,1450,43.0,40,0,0,0,0,0,0,9.899999999999977,6.528795811518324,1720.0
L,299.0,308.9,1622,31.9,42,0,0,0,0,0,0,9.899999999999977,5.417989528795811,1339.8
M,299.0,309.0,1351,52.2,44,0,0,0,0,0,0,10.0,7.3845235602094235,2296.8
M,299.0,309.0,1575,35.3,47,0,0,0,0,0,0,10.0,5.8217277486910985,1659.1
M,298.9,308.9,1750,29.9,50,0,0,0,0,0,0,10.0,5.479057591623037,1495.0
L,298.9,308.8,1529,32.7,53,0,0,0,0,0,0,9.900000000000034,5.235424083769634,1733.1000000000001
L,298.8,308.8,1523,44.4,55,0,0,0,0,0,0,10.0,7.08075392670157,2442.0
L,298.8,308.9,1852,25.0,57,0,0,0,0,0,0,10.099999999999966,4.848167539267016,1425.0
L,298.8,308.8,1991,20.7,59,0,0,0,0,0,0,10.0,4.315570680628272,1221.3
L,298.8,308.8,1555,40.6,61,0,0,0,0,0,0,10.0,6.610785340314136,2476.6
M,298.8,308.8,1441,40.5,63,0,0,0,0,0,0,10.0,6.111047120418848,2551.5
L,298.8,308.7,1450,43.4,66,0,0,0,0,0,0,9.899999999999977,6.5895287958115185,2864.4
L,298.8,308.7,1591,31.1,68,0,0,0,0,0,0,9.899999999999977,5.181162303664922,2114.8
L,298.8,308.7,1445,48.5,70,0,0,0,0,0,0,9.899999999999977,7.3384816753926705,3395.0
M,298.8,308.8,1497,46.8,72,0,0,0,0,0,0,10.0,7.336083769633507,3369.6
H,298.9,308.8,1621,32.7,75,0,0,0,0,0,0,9.900000000000034,5.550439790575917,2452.5
L,298.9,308.7,1572,34.1,80,0,0,0,0,0,0,9.800000000000011,5.61310994764398,2728.0
L,298.8,308.6,1872,22.5,82,0,0,0,0,0,0,9.800000000000011,4.4104712041884815,1845.0
H,298.7,308.6,1499,43.5,84,0,0,0,0,0,0,9.900000000000034,6.827905759162304,3654.0
M,298.8,308.7,1498,39.5,89,0,0,0,0,0,0,9.899999999999977,6.1959162303664925,3515.5
M,298.8,308.6,1486,41.9,92,0,0,0,0,0,0,9.800000000000011,6.5197277486911,3854.7999999999997
L,298.8,308.6,1680,29.4,95,0,0,0,0,0,0,9.800000000000011,5.171937172774869,2793.0
L,298.8,308.6,1431,45.7,97,0,0,0,0,0,0,9.800000000000011,6.847821989528796,4432.900000000001
L,298.9,308.7,1564,34.1,99,0,0,0,0,0,0,9.800000000000011,5.584544502617801,3375.9
L,298.8,308.6,1599,33.0,101,0,0,0,0,0,0,9.800000000000011,5.525340314136126,3333.0
M,298.8,308.6,1707,28.1,103,0,0,0,0,0,0,9.800000000000011,5.02269109947644,2894.3
L,298.7,308.5,1467,40.7,106,0,0,0,0,0,0,9.800000000000011,6.252031413612565,4314.200000000001
L,298.9,308.7,1433,44.7,108,0,0,0,0,0,0,9.800000000000011,6.707340314136126,4827.6
L,298.9,308.7,1558,41.2,110,0,0,0,0,0,0,9.800000000000011,6.721424083769634,4532.0
L,299.0,308.8,1310,50.7,112,0,0,0,0,0,0,9.800000000000011,6.9546596858638745,5678.400000000001
L,298.9,308.7,1546,43.4,114,0,0,0,0,0,0,9.800000000000011,7.025801047120418,4947.599999999999
L,298.9,308.7,1727,29.4,116,0,0,0,0,0,0,9.800000000000011,5.316628272251308,3410.3999999999996
L,298.9,308.6,1560,32.2,118,0,0,0,0,0,0,9.700000000000045,5.259895287958116,3799.6000000000004
L,299.0,308.6,1329,60.5,120,0,0,0,0,0,0,9.600000000000023,8.419319371727749,7260.0
L,298.9,308.6,1413,46.5,122,0,0,0,0,0,0,9.700000000000045,6.880052356020943,5673.0
L,299.0,308.6,1587,38.6,124,0,0,0,0,0,0,9.600000000000023,6.414471204188482,4786.400000000001
L,298.9,308.5,1559,34.3,126,0,0,0,0,0,0,9.600000000000023,5.599340314136126,4321.799999999999
L,298.8,308.4,1473,41.1,128,0,0,0,0,0,0,9.599999999999966,6.339298429319372,5260.8
L,298.8,308.4,1737,27.7,130,0,0,0,0,0,0,9.599999999999966,5.03820942408377,3601.0
M,298.7,308.4,1441,43.2,132,0,0,0,0,0,0,9.699999999999989,6.518450261780105,5702.400000000001
M,298.7,308.4,1430,49.6,135,0,0,0,0,0,0,9.699999999999989,7.427015706806283,6696.0
L,298.8,308.4,1369,53.0,138,0,0,0,0,0,0,9.599999999999966,7.597591623036649,7314.0
M,298.8,308.5,1711,28.5,140,0,0,0,0,0,0,9.699999999999989,5.106125654450262,3990.0
H,298.7,308.5,1420,45.7,143,0,0,0,0,0,0,9.800000000000011,6.795183246073299,6535.1
L,298.7,308.6,1297,55.3,148,0,0,0,0,0,0,9.900000000000034,7.510376963350785,8184.4
H,298.8,308.6,1449,49.4,150,0,0,0,0,0,0,9.800000000000011,7.495350785340313,7410.0
L,298.8,308.6,1268,55.8,155,0,0,0,0,0,0,9.800000000000011,7.408837696335078,8649.0
L,298.8,308.6,1511,36.1,157,0,0,0,0,0,0,9.800000000000011,5.711738219895288,5667.7
L,298.7,308.5,1544,35.2,159,0,0,0,0,0,0,9.800000000000011,5.690973821989529,5596.8
M,298.6,308.4,1778,28.2,161,0,0,0,0,0,0,9.799999999999955,5.250219895287958,4540.2
H,298.6,308.4,1407,50.5,164,0,0,0,0,0,0,9.799999999999955,7.4401570680628275,8282.0
M,298.6,308.4,1391,42.4,169,0,0,0,0,0,0,9.799999999999955,6.175748691099477,7165.599999999999
L,298.5,308.4,1513,33.6,172,0,0,0,0,0,0,9.899999999999977,5.3232251308900524,5779.2
H,298.5,308.4,1612,36.1,174,0,0,0,0,0,0,9.899999999999977,6.093528795811519,6281.400000000001
L,298.4,308.4,1515,40.1,179,0,0,0,0,0,0,10.0,6.361413612565445,7177.900000000001
M,298.3,308.3,1379,48.0,181,0,0,0,0,0,0,10.0,6.93109947643979,8688.0
L,298.4,308.3,1473,39.9,184,0,0,0,0,0,0,9.900000000000034,6.15420942408377,7341.599999999999
L,298.4,308.3,1422,42.7,186,0,0,0,0,0,0,9.900000000000034,6.358052356020942,7942.200000000001
M,298.4,308.2,1463,37.6,188,0,0,0,0,0,0,9.800000000000011,5.760083769633508,7068.8
M,298.4,308.2,1584,41.0,191,0,0,0,0,0,0,9.800000000000011,6.800418848167539,7831.0
L,298.4,308.2,1850,27.0,194,0,0,0,0,0,0,9.800000000000011,5.230366492146596,5238.0
L,298.4,308.2,1528,36.2,196,0,0,0,0,0,0,9.800000000000011,5.792000000000001,7095.200000000001
H,298.4,308.2,1987,19.8,198,0,0,0,0,0,0,9.800000000000011,4.119643979057591,3920.4
M,298.4,308.1,1495,46.0,203,0,0,0,0,0,0,9.700000000000045,7.201047120418848,9338.0
H,298.4,308.2,1478,43.5,206,0,0,0,0,0,0,9.800000000000011,6.732251308900524,8961.0
M,298.4,308.2,1499,40.0,211,0,0,0,0,0,0,9.800000000000011,6.278534031413613,8440.0
L,298.4,308.2,1471,47.0,214,0,0,0,0,0,0,9.800000000000011,7.239476439790576,10058.0
L,298.4,308.2,1282,60.7,216,1,0,0,0,1,0,9.800000000000011,8.148418848167541,13111.2
L,298.3,308.1,1412,52.3,218,1,0,0,0,1,0,9.800000000000011,7.732732984293193,11401.4
L,298.3,308.1,1586,35.5,0,0,0,0,0,0,0,9.800000000000011,5.895602094240838,0.0
M,298.4,308.2,1468,43.8,2,0,0,0,0,0,0,9.800000000000011,6.732816753926701,87.6
M,298.5,308.3,1440,43.6,5,0,0,0,0,0,0,9.800000000000011,6.574240837696335,218.0
L,298.5,308.4,1733,26.0,8,0,0,0,0,0,0,9.899999999999977,4.7181151832460735,208.0
H,298.4,308.2,1612,32.6,10,0,0,0,0,0,0,9.800000000000011,5.502743455497383,326.0
H,298.4,308.3,1458,42.9,15,0,0,0,0,0,0,9.900000000000034,6.549549738219895,643.5
L,298.4,308.3,1433,62.3,20,1,0,0,1,0,0,9.900000000000034,9.348261780104712,1246.0
L,298.4,308.3,1318,59.1,22,0,0,0,0,0,0,9.900000000000034,8.15641884816754,1300.2
M,298.4,308.2,1610,35.0,24,0,0,0,0,0,0,9.800000000000011,5.900523560209424,840.0
L,298.2,308.1,1462,50.8,27,0,0,0,0,0,0,9.900000000000034,7.776921465968585,1371.6
M,298.1,308.0,1924,20.8,29,0,0,0,0,0,0,9.899999999999977,4.190492146596859,603.2
M,298.2,308.0,1591,33.7,32,0,0,0,0,0,0,9.800000000000011,5.614314136125655,1078.4
L,298.2,308.1,1306,58.3,35,0,0,0,0,0,0,9.900000000000034,7.972753926701571,2040.5
L,298.2,308.1,1382,43.5,37,0,0,0,0,0,0,9.900000000000034,6.294973821989529,1609.5
L,298.2,308.1,1618,34.7,39,0,0,0,0,0,0,9.900000000000034,5.879015706806284,1353.3000000000002
L,298.2,308.2,1988,21.4,41,0,0,0,0,0,0,10.0,4.454785340314136,877.4
L,298.2,308.2,1436,50.2,43,0,0,0,0,0,0,10.0,7.548397905759162,2158.6
L,298.2,308.3,1304,49.8,45,0,0,0,0,0,0,10.100000000000023,6.799916230366492,2241.0
L,298.2,308.3,1475,49.9,47,0,0,0,0,0,0,10.100000000000023,7.707068062827225,2345.2999999999997
H,298.2,308.3,1824,24.2,49,0,0,0,0,0,0,10.100000000000023,4.622073298429319,1185.8
M,298.1,308.2,1342,48.1,54,0,0,0,0,0,0,10.099999999999966,6.759183246073299,2597.4
L,298.1,308.2,1485,40.7,57,0,0,0,0,0,0,10.099999999999966,6.328743455497383,2319.9
L,298.2,308.2,1667,30.6,59,0,0,0,0,0,0,10.0,5.34138219895288,1805.4
L,298.2,308.2,1446,38.2,61,0,0,0,0,0,0,10.0,5.784000000000001,2330.2000000000003
L,298.1,308.3,1301,56.0,63,0,0,0,0,0,0,10.199999999999989,7.628900523560209,3528.0
L,298.2,308.4,1379,43.1,65,0,0,0,0,0,0,10.199999999999989,6.223549738219895,2801.5
L,298.3,308.5,1606,33.6,67,0,0,0,0,0,0,10.199999999999989,5.650429319371728,2251.2000000000003
M,298.3,308.4,1539,43.4,69,0,0,0,0,0,0,10.099999999999966,6.993989528795811,2994.6
L,298.2,308.4,1477,49.9,72,0,0,0,0,0,0,10.199999999999989,7.7175183246073304,3592.7999999999997
L,298.2,308.4,1666,34.6,74,0,0,0,0,0,0,10.199999999999989,6.035979057591623,2560.4
H,298.2,308.4,1398,51.8,76,0,0,0,0,0,0,10.199999999999989,7.5828691099476435,3936.7999999999997
H,298.2,308.4,1678,34.6,81,0,0,0,0,0,0,10.199999999999989,6.079455497382199,2802.6
M,298.2,308.5,2678,10.7,86,1,0,0,1,0,0,10.300000000000011,3.00048167539267,920.1999999999999
L,298.3,308.5,1453,42.9,89,0,0,0,0,0,0,10.199999999999989,6.527089005235601,3818.1
H,298.3,308.6,1432,49.5,91,0,0,0,0,0,0,10.300000000000011,7.422408376963351,4504.5
M,298.4,308.6,1527,40.9,96,0,0,0,0,0,0,10.200000000000045,6.53971727748691,3926.3999999999996
L,298.4,308.7,1588,35.0,99,0,0,0,0,0,0,10.300000000000011,5.819895287958115,3465.0
L,298.4,308.6,1433,47.1,101,0,0,0,0,0,0,10.200000000000045,7.067465968586387,4757.1
L,298.4,308.6,1609,35.0,103,0,0,0,0,0,0,10.200000000000045,5.896858638743455,3605.0
L,298.3,308.5,1575,41.2,105,0,0,0,0,0,0,10.199999999999989,6.79476439790576,4326.0
M,298.4,308.5,1636,35.7,107,0,0,0,0,0,0,10.100000000000023,6.1157277486911,3819.9
L,298.4,308.5,1490,37.9,110,0,0,0,0,0,0,10.100000000000023,5.913193717277487,4169.0
L,298.4,308.5,1741,32.8,112,0,0,0,0,0,0,10.100000000000023,5.979560209424084,3673.5999999999995
M,298.5,308.6,1344,53.0,114,0,0,0,0,0,0,10.100000000000023,7.458848167539267,6042.0
L,298.5,308.7,1609,35.3,117,0,0,0,0,0,0,10.199999999999989,5.9474031413612565,4130.099999999999
M,298.4,308.7,1421,60.7,119,1,0,0,1,0,0,10.300000000000011,9.031905759162303,7223.3
L,298.4,308.6,1591,36.7,122,0,0,0,0,0,0,10.200000000000045,6.114104712041885,4477.400000000001
L,298.4,308.6,1477,44.0,124,0,0,0,0,0,0,10.200000000000045,6.805026178010471,5456.0
L,298.4,308.7,1523,36.1,126,0,0,0,0,0,0,10.300000000000011,5.757099476439791,4548.6
L,298.5,308.7,1575,33.9,128,0,0,0,0,0,0,10.199999999999989,5.590837696335078,4339.2
H,298.4,308.7,1344,52.9,130,0,0,0,0,0,0,10.300000000000011,7.4447748691099465,6877.0
L,298.4,308.7,1386,44.9,135,0,0,0,0,0,0,10.300000000000011,6.516376963350785,6061.5
M,298.3,308.6,1589,37.1,137,0,0,0,0,0,0,10.300000000000011,6.172973821989529,5082.7
L,298.3,308.6,1548,40.3,140,0,0,0,0,0,0,10.300000000000011,6.5323979057591615,5642.0
L,298.3,308.6,1499,38.3,142,0,0,0,0,0,0,10.300000000000011,6.0116963350785335,5438.599999999999
L,298.3,308.5,1664,31.6,144,0,0,0,0,0,0,10.199999999999989,5.506010471204188,4550.400000000001
L,298.3,308.6,1447,38.1,146,0,0,0,0,0,0,10.300000000000011,5.7728481675392675,5562.6
M,298.3,308.5,1434,46.2,148,0,0,0,0,0,0,10.199999999999989,6.937256544502618,6837.6
L,298.3,308.5,1416,52.7,151,0,0,0,0,0,0,10.199999999999989,7.813947643979057,7957.700000000001
H,298.4,308.5,1827,24.3,153,0,0,0,0,0,0,10.100000000000023,4.6488062827225125,3717.9
L,298.4,308.6,1304,45.0,158,0,0,0,0,0,0,10.200000000000045,6.144502617801047,7110.0
L,298.4,308.6,1569,34.4,160,0,0,0,0,0,0,10.200000000000045,5.651685863874345,5504.0
L,298.3,308.6,1584,29.3,162,0,0,0,0,0,0,10.300000000000011,4.859811518324608,4746.6
L,298.3,308.5,1362,53.8,164,0,0,0,0,0,0,10.199999999999989,7.672837696335078,8823.199999999999
L,298.3,308.4,1329,49.2,166,0,0,0,0,0,0,10.099999999999966,6.8467853403141365,8167.200000000001
L,298.3,308.5,1539,36.1,168,0,0,0,0,0,0,10.199999999999989,5.817581151832461,6064.8
M,298.3,308.5,1629,37.1,170,0,0,0,0,0,0,10.199999999999989,6.328366492146597,6307.0
L,298.3,308.5,1538,32.2,173,0,0,0,0,0,0,10.199999999999989,5.185717277486912,5570.6
L,298.3,308.6,1570,34.8,175,0,0,0,0,0,0,10.300000000000011,5.721047120418848,6089.999999999999
L,298.3,308.4,1408,43.1,177,0,0,0,0,0,0,10.099999999999966,6.354429319371728,7628.7
L,298.2,308.4,1424,47.6,179,0,0,0,0,0,0,10.199999999999989,7.097633507853404,8520.4
L,298.2,308.4,1512,34.9,181,0,0,0,0,0,0,10.199999999999989,5.525528795811518,6316.9
L,298.2,308.4,1478,42.9,183,0,0,0,0,0,0,10.199999999999989,6.639392670157068,7850.7
M,298.1,308.3,1680,33.7,185,0,0,0,0,0,0,10.199999999999989,5.928376963350786,6234.500000000001
L,298.1,308.3,1495,38.7,188,0,0,0,0,0,0,10.199999999999989,6.058272251308901,7275.6
M,298.0,308.1,1552,36.6,190,0,0,0,0,0,0,10.100000000000023,5.947979057591623,6954.0
L,297.9,308.1,1393,50.3,193,0,0,0,0,0,0,10.200000000000045,7.336952879581151,9707.9
L,298.0,308.2,1611,30.6,195,0,0,0,0,0,0,10.199999999999989,5.161947643979058,5967.0
M,298.0,308.1,1339,51.6,197,0,0,0,0,0,0,10.100000000000023,7.234806282722514,10165.2
L,298.0,308.1,1777,24.3,200,0,0,0,0,0,0,10.100000000000023,4.521581151832461,4860.0
L,298.0,308.2,1348,58.8,202,1,0,0,0,1,0,10.199999999999989,8.2997277486911,11877.599999999999
L,298.0,308.2,1442,44.1,204,0,0,0,0,0,0,10.199999999999989,6.658869109947644,8996.4
M,298.0,308.2,1395,49.1,206,0,0,0,0,0,0,10.199999999999989,7.172198952879581,10114.6
M,297.9,308.1,1627,31.4,209,0,0,0,0,0,0,10.200000000000045,5.349507853403141,6562.599999999999
L,297.9,308.1,1585,33.5,212,0,0,0,0,0,0,10.200000000000045,5.559947643979058,7102.0
L,298.0,308.2,1469,45.5,214,0,0,0,0,0,0,10.199999999999989,6.998900523560209,9737.0
L,298.0,308.3,1362,56.8,216,1,0,0,0,1,0,10.300000000000011,8.100691099476439,12268.8
L,298.0,308.3,1405,56.2,218,1,0,0,0,1,0,10.300000000000011,8.268167539267015,12251.6
L,298.0,308.3,1662,32.7,0,0,0,0,0,0,0,10.300000000000011,5.6908272251308905,0.0
M,298.0,308.2,1466,42.6,2,0,0,0,0,0,0,10.199999999999989,6.5394345549738215,85.2
L,298.0,308.2,1620,35.8,5,0,0,0,0,0,0,10.199999999999989,6.072879581151832,179.0
L,298.0,308.2,1357,48.2,7,0,0,0,0,0,0,10.199999999999989,6.848942408376963,337.40000000000003
L,298.0,308.2,1514,37.9,9,0,0,0,0,0,0,10.199999999999989,6.008439790575916,341.09999999999997
L,298.0,308.2,1489,40.4,11,0,0,0,0,0,0,10.199999999999989,6.299015706806283,444.4
L,298.1,308.3,1331,63.0,13,0,0,0,0,0,0,10.199999999999989,8.780418848167539,819.0
L,298.0,308.0,1615,29.5,15,0,0,0,0,0,0,10.0,4.988743455497382,442.5
L,298.1,308.2,1482,37.9,17,0,0,0,0,0,0,10.099999999999966,5.88144502617801,644.3
M,298.1,308.2,1420,63.9,19,1,0,0,1,0,0,10.099999999999966,9.501361256544502,1214.1
M,298.2,308.3,1522,49.1,22,0,0,0,0,0,0,10.100000000000023,7.825151832460732,1080.2
L,298.1,308.2,1654,32.1,25,0,0,0,0,0,0,10.099999999999966,5.55951832460733,802.5
M,298.1,308.2,1736,26.8,27,0,0,0,0,0,0,10.099999999999966,4.871706806282723,723.6
M,298.0,308.1,1587,32.3,30,0,0,0,0,0,0,10.100000000000023,5.367549738219895,968.9999999999999
L,298.1,308.2,1390,47.5,33,0,0,0,0,0,0,10.099999999999966,6.9136125654450264,1567.5
L,298.0,308.1,1454,37.1,35,0,0,0,0,0,0,10.100000000000023,5.648523560209425,1298.5
H,298.0,308.1,1440,43.7,37,0,0,0,0,0,0,10.100000000000023,6.58931937172775,1616.9
L,297.9,308.0,1954,21.1,42,0,0,0,0,0,0,10.100000000000023,4.317214659685864,886.2
H,297.9,308.0,1800,24.8,44,0,0,0,0,0,0,10.100000000000023,4.67434554973822,1091.2
L,298.0,308.0,1524,37.0,49,0,0,0,0,0,0,10.0,5.904502617801047,1813.0
H,298.0,308.0,1520,39.6,51,0,0,0,0,0,0,10.0,6.30282722513089,2019.6000000000001
M,298.1,308.1,1452,40.8,56,0,0,0,0,0,0,10.0,6.20330890052356,2284.7999999999997
L,298.1,308.1,1484,40.4,59,0,0,0,0,0,0,10.0,6.27786387434555,2383.6
L,298.1,308.0,1426,46.0,61,0,0,0,0,0,0,9.899999999999977,6.86869109947644,2806.0
L,298.1,308.0,1652,28.5,63,0,0,0,0,0,0,9.899999999999977,4.930052356020942,1795.5
L,298.0,308.0,1401,54.7,65,0,0,0,0,0,0,10.0,8.024575916230367,3555.5
M,298.0,307.9,1750,26.6,67,0,0,0,0,0,0,9.899999999999977,4.87434554973822,1782.2
H,298.0,308.0,1479,50.7,70,0,0,0,0,0,0,10.0,7.85186387434555,3549.0
M,298.0,308.0,1620,29.4,75,0,0,0,0,0,0,10.0,4.987225130890052,2205.0
L,298.0,308.1,1819,23.4,78,0,0,0,0,0,0,10.100000000000023,4.457026178010471,1825.1999999999998
M,298.1,308.1,1456,43.7,80,0,0,0,0,0,0,10.0,6.662534031413613,3496.0
L,298.1,308.0,1626,36.5,83,0,0,0,0,0,0,9.899999999999977,6.21455497382199,3029.5
M,298.1,308.1,1390,49.8,85,0,0,0,0,0,0,10.0,7.248376963350785,4233.0
L,298.2,308.2,1469,43.0,88,0,0,0,0,0,0,10.0,6.6143455497382195,3784.0
L,298.2,308.3,2051,19.2,90,0,0,0,0,0,0,10.100000000000023,4.123476439790576,1728.0
L,298.2,308.3,1568,36.0,92,0,0,0,0,0,0,10.100000000000023,5.910785340314136,3312.0
L,298.2,308.3,1589,33.2,94,0,0,0,0,0,0,10.100000000000023,5.524062827225131,3120.8
L,298.2,308.3,1805,31.6,96,0,0,0,0,0,0,10.100000000000023,5.972565445026178,3033.6000000000004
H,298.2,308.4,1385,42.2,98,0,0,0,0,0,0,10.199999999999989,6.120104712041885,4135.6
L,298.1,308.4,1436,46.7,103,0,0,0,0,0,0,10.299999999999955,7.022115183246073,4810.1
L,298.1,308.4,1438,45.6,105,0,0,0,0,0,0,10.299999999999955,6.866261780104712,4788.0
L,298.0,308.3,1473,42.6,107,0,0,0,0,0,0,10.300000000000011,6.570659685863875,4558.2
L,298.1,308.4,1335,40.2,109,0,0,0,0,0,0,10.299999999999955,5.619581151832461,4381.8
H,298.1,308.5,1392,44.8,111,0,0,0,0,0,0,10.399999999999977,6.530010471204188,4972.799999999999
M,298.1,308.5,1372,51.1,116,0,0,0,0,0,0,10.399999999999977,7.341277486910994,5927.6
M,298.1,308.6,1716,30.7,119,0,0,0,0,0,0,10.5,5.516356020942408,3653.2999999999997
L,298.0,308.5,1395,46.2,122,0,0,0,0,0,0,10.5,6.748586387434556,5636.400000000001
L,298.0,308.5,1713,25.3,124,0,0,0,0,0,0,10.5,4.538104712041885,3137.2000000000003
H,297.9,308.5,2129,18.7,126,0,0,0,0,0,0,10.600000000000023,4.168827225130889,2356.2
M,297.8,308.3,1567,35.6,131,0,0,0,0,0,0,10.5,5.84138219895288,4663.6
L,297.8,308.4,1622,38.3,134,0,0,0,0,0,0,10.599999999999966,6.504984293193717,5132.2
L,297.7,308.4,1740,27.1,136,0,0,0,0,0,0,10.699999999999989,4.937591623036649,3685.6000000000004
H,297.8,308.4,1512,35.1,138,0,0,0,0,0,0,10.599999999999966,5.557193717277487,4843.8
M,297.8,308.4,1479,43.5,143,0,0,0,0,0,0,10.599999999999966,6.7368062827225135,6220.5
L,297.8,308.4,1737,27.5,146,0,0,0,0,0,0,10.599999999999966,5.0018324607329845,4015.0
L,297.8,308.4,2129,19.2,148,0,0,0,0,0,0,10.599999999999966,4.280293193717277,2841.6
L,297.8,308.4,1374,47.1,150,0,0,0,0,0,0,10.599999999999966,6.77648167539267,7065.0
M,297.8,308.4,1579,36.6,152,0,0,0,0,0,0,10.599999999999966,6.051455497382199,5563.2
L,297.9,308.5,1305,47.2,155,0,0,0,0,0,0,10.600000000000023,6.449842931937174,7316.0
M,297.9,308.5,1449,40.8,157,0,0,0,0,0,0,10.600000000000023,6.190492146596858,6405.599999999999
H,298.0,308.6,1526,41.8,160,0,0,0,0,0,0,10.600000000000023,6.679246073298429,6688.0
M,298.0,308.6,1453,44.1,165,0,0,0,0,0,0,10.600000000000023,6.7096649214659685,7276.5
L,297.9,308.6,1468,36.0,168,0,0,0,0,0,0,10.700000000000045,5.5338219895287954,6048.0
L,298.0,308.6,1313,50.8,170,0,0,0,0,0,0,10.600000000000023,6.984335078534031,8636.0
M,297.9,308.5,1300,53.0,172,0,0,0,0,0,0,10.600000000000023,7.214659685863874,9116.0
L,297.9,308.4,1646,40.6,175,0,0,0,0,0,0,10.5,6.997654450261781,7105.0
L,297.8,308.4,1714,33.2,177,0,0,0,0,0,0,10.599999999999966,5.9586178010471205,5876.400000000001
L,297.8,308.4,1685,28.4,179,0,0,0,0,0,0,10.599999999999966,5.010890052356021,5083.599999999999
L,297.8,308.4,1512,39.9,181,0,0,0,0,0,0,10.599999999999966,6.317151832460732,7221.9
L,297.8,308.4,1612,32.1,183,0,0,0,0,0,0,10.599999999999966,5.418345549738221,5874.3
H,297.8,308.4,1550,38.2,185,0,0,0,0,0,0,10.599999999999966,6.200000000000001,7067.000000000001
L,297.8,308.4,1518,32.5,190,0,0,0,0,0,0,10.599999999999966,5.165968586387435,6175.0
L,297.8,308.5,1448,40.0,192,0,0,0,0,0,0,10.699999999999989,6.064921465968586,7680.0
L,297.8,308.5,1561,46.3,194,0,0,0,0,0,0,10.699999999999989,7.5679895287958105,8982.199999999999
M,297.8,308.5,1488,41.9,196,0,0,0,0,0,0,10.699999999999989,6.528502617801047,8212.4
L,297.8,308.5,1699,27.8,199,0,0,0,0,0,0,10.699999999999989,4.945780104712043,5532.2
L,297.7,308.5,1501,41.4,201,0,0,0,0,0,0,10.800000000000011,6.506952879581152,8321.4
L,297.7,308.5,1373,56.7,203,1,0,0,0,1,0,10.800000000000011,8.151738219895288,11510.1
H,297.6,308.4,1703,31.4,205,0,0,0,0,0,0,10.799999999999955,5.5993926701570675,6437.0
H,297.7,308.5,1720,29.9,210,0,0,0,0,0,0,10.800000000000011,5.3851308900523565,6279.0
M,297.6,308.4,1398,41.9,215,0,0,0,0,0,0,10.799999999999955,6.1336335078534026,9008.5
M,297.6,308.4,1391,51.9,218,0,0,0,0,0,0,10.799999999999955,7.5594659685863865,11314.199999999999
M,297.6,308.3,1538,40.2,0,0,0,0,0,0,0,10.699999999999989,6.474094240837697,0.0
L,297.5,308.2,1647,31.3,3,0,0,0,0,0,0,10.699999999999989,5.398020942408377,93.9
M,297.5,308.1,1469,44.8,5,0,0,0,0,0,0,10.600000000000023,6.891225130890052,224.0
L,297.4,308.1,1749,25.9,8,0,0,0,0,0,0,10.700000000000045,4.743361256544502,207.2
M,297.6,308.2,1995,20.5,10,0,0,0,0,0,0,10.599999999999966,4.282460732984293,205.0
L,297.6,308.3,1742,27.7,13,0,0,0,0,0,0,10.699999999999989,5.052712041884817,360.09999999999997
L,297.5,308.2,1563,38.2,15,0,0,0,0,0,0,10.699999999999989,6.252000000000001,573.0
M,297.5,308.2,1713,32.2,17,0,0,0,0,0,0,10.699999999999989,5.775769633507854,547.4000000000001
L,297.4,308.1,1474,39.4,20,0,0,0,0,0,0,10.700000000000045,6.081214659685863,788.0
M,297.4,308.2,1530,32.6,22,0,0,0,0,0,0,10.800000000000011,5.2228272251308905,717.2
L,297.4,308.2,1471,46.5,25,0,0,0,0,0,0,10.800000000000011,7.162460732984293,1162.5
L,297.5,308.3,1388,48.6,27,0,0,0,0,0,0,10.800000000000011,7.063539267015707,1312.2
M,297.5,308.2,2448,13.8,29,0,0,0,0,0,0,10.699999999999989,3.5374240837696336,400.20000000000005
L,297.5,308.3,1585,32.9,32,0,0,0,0,0,0,10.800000000000011,5.460366492146597,1052.8
M,297.5,308.3,1459,45.2,34,0,0,0,0,0,0,10.800000000000011,6.905424083769634,1536.8000000000002
L,297.5,308.3,1544,40.8,37,0,0,0,0,0,0,10.800000000000011,6.596356020942408,1509.6
L,297.6,308.3,1617,31.7,39,0,0,0,0,0,0,10.699999999999989,5.367424083769634,1236.3
L,297.6,308.3,1595,34.3,41,0,0,0,0,0,0,10.699999999999989,5.728638743455496,1406.3
H,297.6,308.3,1400,44.3,43,0,0,0,0,0,0,10.699999999999989,6.494240837696334,1904.8999999999999
M,297.6,308.4,1611,31.0,48,0,0,0,0,0,0,10.799999999999955,5.229424083769634,1488.0
M,297.6,308.4,1507,46.0,51,0,0,0,0,0,0,10.799999999999955,7.258848167539267,2346.0
H,297.5,308.3,1674,30.0,54,0,0,0,0,0,0,10.800000000000011,5.2586387434554975,1620.0
L,297.6,308.3,1658,34.3,59,0,0,0,0,0,0,10.699999999999989,5.954910994764397,2023.6999999999998
L,297.6,308.3,1623,36.9,61,0,0,0,0,0,0,10.699999999999989,6.271068062827225,2250.9
M,297.6,308.4,1398,48.9,63,0,0,0,0,0,0,10.799999999999955,7.15834554973822,3080.7
L,297.6,308.4,1517,34.2,66,0,0,0,0,0,0,10.799999999999955,5.4326073298429325,2257.2000000000003
M,297.6,308.3,1467,36.7,68,0,0,0,0,0,0,10.699999999999989,5.637581151832461,2495.6000000000004
M,297.6,308.3,1567,34.6,71,0,0,0,0,0,0,10.699999999999989,5.6772984293193725,2456.6
M,297.5,308.3,1521,38.2,74,0,0,0,0,0,0,10.800000000000011,6.0840000000000005,2826.8
L,297.5,308.3,1596,36.8,77,0,0,0,0,0,0,10.800000000000011,6.150031413612565,2833.6
H,297.6,308.3,1640,30.9,79,0,0,0,0,0,0,10.699999999999989,5.306387434554974,2441.1
L,297.6,308.3,1438,47.8,84,0,0,0,0,0,0,10.699999999999989,7.197528795811517,4015.2
L,297.6,308.4,1407,55.2,86,0,0,0,0,0,0,10.799999999999955,8.132607329842934,4747.2
L,297.6,308.4,1353,57.5,88,0,0,0,0,0,0,10.799999999999955,8.146335078534031,5060.0
M,297.6,308.5,1552,40.9,90,0,0,0,0,0,0,10.899999999999977,6.6467853403141355,3681.0
M,297.6,308.4,1569,38.3,93,0,0,0,0,0,0,10.799999999999955,6.292429319371728,3561.8999999999996
L,297.5,308.4,1489,39.5,96,0,0,0,0,0,0,10.899999999999977,6.15869109947644,3792.0
H,297.5,308.4,1587,36.1,98,0,0,0,0,0,0,10.899999999999977,5.999026178010472,3537.8
M,297.5,308.3,1622,37.2,103,0,0,0,0,0,0,10.800000000000011,6.318157068062828,3831.6000000000004
L,297.5,308.4,1604,38.1,106,0,0,0,0,0,0,10.899999999999977,6.399204188481676,4038.6000000000004
M,297.4,308.3,1405,51.7,108,0,0,0,0,0,0,10.900000000000034,7.606125654450262,5583.6
L,297.4,308.3,1412,42.0,111,0,0,0,0,0,0,10.900000000000034,6.209842931937173,4662.0
L,297.4,308.3,1431,43.0,113,0,0,0,0,0,0,10.900000000000034,6.443246073298429,4859.0
L,297.4,308.2,1533,37.4,115,0,0,0,0,0,0,10.800000000000011,6.00358115183246,4301.0
M,297.4,308.2,1401,51.9,117,0,0,0,0,0,0,10.800000000000011,7.6138115183246065,6072.3
M,297.4,308.2,1424,53.9,120,0,0,0,0,0,0,10.800000000000011,8.03702617801047,6468.0
L,297.3,308.2,1754,29.4,123,0,0,0,0,0,0,10.899999999999977,5.399748691099476,3616.2
L,297.3,308.2,1754,26.8,125,0,0,0,0,0,0,10.899999999999977,4.922219895287959,3350.0
L,297.5,308.3,2564,12.8,127,1,0,0,1,0,0,10.800000000000011,3.4365654450261784,1625.6000000000001
L,297.5,308.5,1546,40.4,129,0,0,0,0,0,0,11.0,6.540146596858638,5211.599999999999
L,297.5,308.5,1335,48.0,131,0,0,0,0,0,0,11.0,6.709947643979057,6288.0
M,297.5,308.6,1842,27.0,133,0,0,0,0,0,0,11.100000000000023,5.207748691099477,3591.0
L,297.5,308.5,1712,26.8,136,0,0,0,0,0,0,11.0,4.804356020942408,3644.8
M,297.6,308.6,1414,45.4,138,0,0,0,0,0,0,11.0,6.722052356020942,6265.2
L,297.6,308.7,1319,50.9,141,0,0,0,0,0,0,11.099999999999966,7.03006282722513,7176.9
L,297.7,308.7,1249,60.4,143,0,0,0,0,0,0,11.0,7.899434554973821,8637.199999999999
L,297.6,308.7,1455,48.2,145,0,0,0,0,0,0,11.099999999999966,7.3435602094240835,6989.0
M,297.6,308.7,1408,54.8,147,0,0,0,0,0,0,11.099999999999966,8.079413612565444,8055.599999999999
L,297.6,308.7,1460,46.7,150,0,0,0,0,0,0,11.099999999999966,7.139476439790576,7005.0
L,297.6,308.6,1491,38.1,152,0,0,0,0,0,0,11.0,5.948387434554974,5791.2
M,297.6,308.5,1490,43.4,154,0,0,0,0,0,0,10.899999999999977,6.77130890052356,6683.599999999999
M,297.5,308.4,1350,52.2,157,0,0,0,0,0,0,10.899999999999977,7.379057591623036,8195.4
L,297.5,308.4,1528,39.9,160,0,0,0,0,0,0,10.899999999999977,6.3839999999999995,6384.0
L,297.4,308.3,1571,37.7,162,0,0,0,0,0,0,10.900000000000034,6.201748691099477,6107.400000000001
L,297.4,308.3,1490,42.6,164,0,0,0,0,0,0,10.900000000000034,6.6464921465968585,6986.400000000001
M,297.4,308.3,1774,28.9,166,0,0,0,0,0,0,10.900000000000034,5.368439790575916,4797.4
H,297.4,308.3,1502,43.6,169,0,0,0,0,0,0,10.900000000000034,6.857298429319372,7368.400000000001
L,297.4,308.4,1392,49.7,174,0,0,0,0,0,0,11.0,7.244230366492148,8647.800000000001
L,297.4,308.5,2100,16.9,176,0,0,0,0,0,0,11.100000000000023,3.7162303664921468,2974.3999999999996
L,297.5,308.5,1722,30.4,178,0,0,0,0,0,0,11.0,5.481549738219895,5411.2
L,297.4,308.6,1678,32.3,180,0,0,0,0,0,0,11.200000000000045,5.675329842931936,5813.999999999999
L,297.3,308.6,1273,59.8,182,0,0,0,0,0,0,11.300000000000011,7.9712460732984285,10883.6
L,297.3,308.6,1297,45.9,184,0,0,0,0,0,0,11.300000000000011,6.233748691099476,8445.6
L,297.3,308.5,1350,57.6,186,0,0,0,0,0,0,11.199999999999989,8.14240837696335,10713.6
L,297.4,308.6,1439,51.9,188,0,0,0,0,0,0,11.200000000000045,7.820324607329842,9757.199999999999
M,297.4,308.5,1600,42.1,190,0,0,0,0,0,0,11.100000000000023,7.053403141361256,7999.0
M,297.4,308.6,1434,44.4,193,0,0,0,0,0,0,11.200000000000045,6.6669738219895285,8569.199999999999
L,297.4,308.6,1459,41.3,196,0,0,0,0,0,0,11.200000000000045,6.309602094240837,8094.799999999999
M,297.5,308.6,1472,44.9,198,0,0,0,0,0,0,11.100000000000023,6.920712041884817,8890.199999999999
L,297.5,308.7,1429,44.3,201,0,0,0,0,0,0,11.199999999999989,6.628764397905758,8904.3
L,297.5,308.6,1388,48.2,203,0,0,0,0,0,0,11.100000000000023,7.005403141361257,9784.6
L,297.4,308.4,1573,34.5,205,0,0,0,0,0,0,11.0,5.682565445026178,7072.5
L,297.4,308.4,1588,32.5,207,0,0,0,0,0,0,11.0,5.4041884816753925,6727.5
L,297.5,308.4,1511,42.8,209,0,0,0,0,0,0,10.899999999999977,6.771811518324607,8945.199999999999
L,297.4,308.5,1495,37.8,211,0,0,0,0,0,0,11.100000000000023,5.917382198952879,7975.799999999999
L,297.4,308.4,1394,50.1,213,0,0,0,0,0,0,11.0,7.313026178010472,10671.300000000001
L,297.4,308.4,2151,17.7,0,0,0,0,0,0,0,11.0,3.9866701570680627,0.0
M,297.3,308.3,1501,38.2,2,0,0,0,0,0,0,11.0,6.0040000000000004,76.4
M,297.3,308.3,1301,39.6,5,0,0,0,0,0,0,11.0,5.394722513089005,198.0
M,297.3,308.3,1657,31.1,8,0,0,0,0,0,0,11.0,5.396094240837697,248.8
L,297.3,308.3,1333,55.2,11,0,0,0,0,0,0,11.0,7.704879581151833,607.2
L,297.3,308.3,1484,43.9,13,0,0,0,0,0,0,11.0,6.821738219895288,570.6999999999999
L,297.3,308.4,1430,45.7,15,0,0,0,0,0,0,11.099999999999966,6.84303664921466,685.5
M,297.3,308.4,1665,28.9,17,0,0,0,0,0,0,11.099999999999966,5.038586387434555,491.29999999999995
L,297.4,308.5,1501,44.9,20,0,0,0,0,0,0,11.100000000000023,7.057057591623036,898.0
M,297.5,308.5,1496,42.2,22,0,0,0,0,0,0,11.0,6.610596858638744,928.4000000000001
M,297.6,308.6,1595,36.9,25,0,0,0,0,0,0,11.0,6.162879581151833,922.5
L,297.5,308.6,1208,62.3,28,0,0,0,0,0,0,11.100000000000023,7.880460732984292,1744.3999999999999
L,297.5,308.6,1596,37.1,30,0,0,0,0,0,0,11.100000000000023,6.200167539267016,1113.0
L,297.5,308.5,1446,41.9,32,0,0,0,0,0,0,11.0,6.3442303664921464,1340.8
M,297.6,308.5,1466,39.7,34,0,0,0,0,0,0,10.899999999999977,6.094261780104713,1349.8000000000002
M,297.6,308.5,1848,23.7,37,0,0,0,0,0,0,10.899999999999977,4.58613612565445,876.9
M,297.5,308.5,1484,44.7,40,0,0,0,0,0,0,11.0,6.946052356020942,1788.0
L,297.4,308.3,1493,41.2,43,0,0,0,0,0,0,10.900000000000034,6.441005235602095,1771.6000000000001
L,297.3,308.3,1504,36.3,45,0,0,0,0,0,0,11.0,5.716774869109948,1633.4999999999998
L,297.3,308.3,1538,38.5,47,0,0,0,0,0,0,11.0,6.200314136125654,1809.5
L,297.4,308.4,1341,52.2,49,0,0,0,0,0,0,11.0,7.329863874345549,2557.8
M,297.4,308.3,1535,34.6,51,0,0,0,0,0,0,10.900000000000034,5.561361256544503,1764.6000000000001
L,297.4,308.5,1389,39.2,54,0,0,0,0,0,0,11.100000000000023,5.7014450261780105,2116.8
H,297.5,308.5,1393,46.6,56,0,0,0,0,0,0,11.0,6.797256544502618,2609.6
L,297.4,308.5,1399,61.5,61,1,0,0,1,0,0,11.100000000000023,9.009267015706806,3751.5
H,297.4,308.5,1469,45.1,63,0,0,0,0,0,0,11.100000000000023,6.937371727748692,2841.3
L,297.4,308.4,1582,37.2,68,0,0,0,0,0,0,11.0,6.1623455497382205,2529.6000000000004
L,297.5,308.6,1793,26.7,70,0,0,0,0,0,0,11.100000000000023,5.0128900523560205,1869.0
L,297.5,308.6,1452,39.0,72,0,0,0,0,0,0,11.100000000000023,5.929633507853403,2808.0
M,297.6,308.7,1376,59.9,74,0,0,0,0,0,0,11.099999999999966,8.63061780104712,4432.599999999999
L,297.5,308.6,1552,44.9,77,0,0,0,0,0,0,11.100000000000023,7.2968376963350785,3457.2999999999997
L,297.6,308.7,1622,37.9,79,0,0,0,0,0,0,11.099999999999966,6.437047120418848,2994.1
M,297.6,308.7,1419,41.7,81,0,0,0,0,0,0,11.099999999999966,6.196052356020942,3377.7000000000003
H,297.5,308.6,1440,46.1,84,0,0,0,0,0,0,11.100000000000023,6.951204188481675,3872.4
M,297.4,308.6,1643,31.0,89,0,0,0,0,0,0,11.200000000000045,5.333298429319372,2759.0
L,297.4,308.7,1510,36.2,92,0,0,0,0,0,0,11.300000000000011,5.723769633507854,3330.4
L,297.4,308.7,1468,46.6,94,0,0,0,0,0,0,11.300000000000011,7.163225130890052,4380.400000000001
L,297.4,308.7,1429,57.4,96,0,0,0,0,0,0,11.300000000000011,8.58896335078534,5510.4
H,297.3,308.7,1478,47.6,98,0,0,0,0,0,0,11.399999999999977,7.366785340314136,4664.8
L,297.4,308.6,1276,53.6,103,0,0,0,0,0,0,11.200000000000045,7.161633507853404,5520.8
L,297.3,308.6,1486,42.6,105,0,0,0,0,0,0,11.300000000000011,6.628649214659686,4473.0
L,297.4,308.6,1476,42.3,107,0,0,0,0,0,0,11.200000000000045,6.537675392670157,4526.099999999999
H,297.3,308.6,1431,42.0,109,0,0,0,0,0,0,11.300000000000011,6.293403141361257,4578.0
L,297.4,308.7,1402,40.2,114,0,0,0,0,0,0,11.300000000000011,5.901612565445026,4582.8
L,297.4,308.7,1433,43.4,116,0,0,0,0,0,0,11.300000000000011,6.5122722513089,5034.4
L,297.4,308.7,2874,4.2,118,1,0,0,1,0,0,11.300000000000011,1.2639581151832462,495.6
L,297.3,308.6,1511,35.7,120,0,0,0,0,0,0,11.300000000000011,5.648450261780106,4284.0
M,297.3,308.6,1456,42.9,122,0,0,0,0,0,0,11.300000000000011,6.5405654450261785,5233.8
L,297.2,308.5,1550,41.5,125,0,0,0,0,0,0,11.300000000000011,6.7356020942408374,5187.5
L,297.2,308.5,2182,16.5,127,0,0,0,0,0,0,11.300000000000011,3.769947643979058,2095.5
L,297.3,308.7,1619,31.6,129,0,0,0,0,0,0,11.399999999999977,5.35710994764398,4076.4
M,297.3,308.8,1586,32.7,131,0,0,0,0,0,0,11.5,5.430596858638744,4283.700000000001
H,297.3,308.8,1499,44.2,134,0,0,0,0,0,0,11.5,6.937780104712042,5922.8
H,297.3,308.8,1419,42.4,139,0,0,0,0,0,0,11.5,6.300062827225131,5893.599999999999
M,297.4,309.0,1497,41.8,144,0,0,0,0,0,0,11.600000000000023,6.552314136125655,6019.2
M,297.4,309.0,1520,37.0,147,0,0,0,0,0,0,11.600000000000023,5.889005235602094,5439.0
L,297.4,309.1,1478,49.8,150,0,0,0,0,0,0,11.700000000000045,7.7072670157068055,7470.0
L,297.4,309.1,1380,41.1,152,0,0,0,0,0,0,11.700000000000045,5.939057591623037,6247.2
L,297.4,309.0,1570,37.9,154,0,0,0,0,0,0,11.600000000000023,6.2306806282722516,5836.599999999999
H,297.4,309.0,1468,41.4,156,0,0,0,0,0,0,11.600000000000023,6.3638952879581145,6458.4
L,297.4,309.0,1833,22.6,161,0,0,0,0,0,0,11.600000000000023,4.337780104712042,3638.6000000000004
M,297.4,308.9,1323,57.3,163,0,0,0,0,0,0,11.5,7.938,9339.9
L,297.4,309.0,1583,32.0,166,0,0,0,0,0,0,11.600000000000023,5.304293193717277,5312.0
M,297.3,309.0,1556,39.5,168,0,0,0,0,0,0,11.699999999999989,6.435811518324607,6636.0
L,297.3,309.0,1548,37.4,171,0,0,0,0,0,0,11.699999999999989,6.062324607329843,6395.4
L,297.4,309.0,1324,56.9,173,0,0,0,0,0,0,11.600000000000023,7.8885445026178,9843.699999999999
L,297.4,309.0,1568,33.7,175,0,0,0,0,0,0,11.600000000000023,5.533151832460733,5897.500000000001
M,297.4,309.0,1685,30.7,177,0,0,0,0,0,0,11.600000000000023,5.416701570680628,5433.9
M,297.4,309.1,1582,35.9,180,0,0,0,0,0,0,11.700000000000045,5.946994764397905,6462.0
M,297.4,309.1,1463,35.0,183,0,0,0,0,0,0,11.700000000000045,5.361780104712042,6405.0
L,297.4,309.2,1584,42.8,186,0,0,0,0,0,0,11.800000000000011,7.098973821989529,7960.799999999999
M,297.5,309.2,1347,55.8,188,0,0,0,0,0,0,11.699999999999989,7.870429319371727,10490.4
L,297.4,309.2,1459,37.9,191,0,0,0,0,0,0,11.800000000000011,5.790167539267015,7238.9
L,297.4,309.2,1420,45.6,193,0,0,0,0,0,0,11.800000000000011,6.7803141361256545,8800.800000000001
L,297.5,309.3,1404,43.5,195,0,0,0,0,0,0,11.800000000000011,6.395183246073298,8482.5
L,297.5,309.3,1470,38.8,197,0,0,0,0,0,0,11.800000000000011,5.972356020942407,7643.599999999999
L,297.6,309.4,1326,49.8,199,0,0,0,0,0,0,11.799999999999955,6.914638743455498,9910.199999999999
H,297.5,309.3,1459,49.7,201,0,0,0,0,0,0,11.800000000000011,7.592910994764398,9989.7
M,297.5,309.2,1530,40.0,206,0,0,0,0,0,0,11.699999999999989,6.408376963350785,8240.0
L,297.4,309.0,1505,39.2,209,0,0,0,0,0,0,11.600000000000023,6.17759162303665,8192.800000000001
L,297.5,309.1,1611,30.2,211,0,0,0,0,0,0,11.600000000000023,5.094471204188482,6372.2
L,297.5,309.1,1515,35.1,213,0,0,0,0,0,0,11.600000000000023,5.5682198952879585,7476.3
M,297.5,309.2,1804,27.4,215,0,0,0,0,0,0,11.699999999999989,5.1758743455497385,5891.0
M,297.6,309.3,1464,46.2,218,0,0,0,0,0,0,11.699999999999989,7.082387434554974,10071.6
L,297.6,309.2,1390,43.3,221,0,0,0,0,0,0,11.599999999999966,6.302303664921465,9569.3
M,297.6,309.2,1442,48.1,0,0,0,0,0,0,0,11.599999999999966,7.262848167539267,0.0
M,297.6,309.3,1529,41.9,3,0,0,0,0,0,0,11.699999999999989,6.708387434554973,125.69999999999999
L,297.6,309.3,1610,35.0,6,0,0,0,0,0,0,11.699999999999989,5.900523560209424,210.0
L,297.6,309.3,1543,34.3,8,0,0,0,0,0,0,11.699999999999989,5.541874345549737,274.4
H,297.8,309.4,1445,48.2,10,0,0,0,0,0,0,11.599999999999966,7.293089005235602,482.0
L,297.7,309.3,1893,24.6,15,0,0,0,0,0,0,11.600000000000023,4.87620942408377,369.0
M,297.6,309.3,1415,41.3,17,0,0,0,0,0,0,11.699999999999989,6.119319371727748,702.0999999999999
L,297.5,309.3,1564,37.5,20,0,0,0,0,0,0,11.800000000000011,6.141361256544503,750.0
L,297.5,309.3,1479,39.4,22,0,0,0,0,0,0,11.800000000000011,6.101842931937172,866.8
L,297.5,309.2,1426,44.8,24,0,0,0,0,0,0,11.699999999999989,6.689507853403141,1075.1999999999998
L,297.4,309.2,1428,38.8,26,0,0,0,0,0,0,11.800000000000011,5.801717277486911,1008.8
L,297.4,309.2,1620,33.2,28,0,0,0,0,0,0,11.800000000000011,5.631832460732985,929.6000000000001
L,297.5,309.2,1715,28.0,30,0,0,0,0,0,0,11.699999999999989,5.0282722513089,840.0
L,297.5,309.3,1732,29.9,32,0,0,0,0,0,0,11.800000000000011,5.422701570680628,956.8
M,297.5,309.4,1391,58.2,34,0,0,0,0,0,0,11.899999999999977,8.477089005235602,1978.8000000000002
L,297.6,309.5,1924,20.6,37,0,0,0,0,0,0,11.899999999999977,4.150198952879581,762.2
M,297.7,309.5,2027,19.8,39,0,0,0,0,0,0,11.800000000000011,4.202575916230367,772.2
L,297.6,309.5,1617,36.2,42,0,0,0,0,0,0,11.899999999999977,6.129361256544502,1520.4
L,297.5,309.4,1497,35.8,44,0,0,0,0,0,0,11.899999999999977,5.61179057591623,1575.1999999999998
M,297.5,309.5,1448,43.7,46,0,0,0,0,0,0,12.0,6.625926701570681,2010.2
L,297.4,309.4,1401,45.9,49,0,0,0,0,0,0,12.0,6.733602094240838,2249.1
L,297.4,309.4,1620,35.4,51,0,0,0,0,0,0,12.0,6.005026178010471,1805.3999999999999
L,297.4,309.4,1466,45.5,53,0,0,0,0,0,0,12.0,6.984607329842932,2411.5
L,297.6,309.5,1373,50.6,55,0,0,0,0,0,0,11.899999999999977,7.274743455497383,2783.0
M,297.6,309.6,1592,35.8,57,0,0,0,0,0,0,12.0,5.967916230366492,2040.6
M,297.5,309.5,1553,42.4,60,0,0,0,0,0,0,12.0,6.8949947643979055,2544.0
L,297.6,309.5,1569,36.2,63,0,0,0,0,0,0,11.899999999999977,5.9474136125654455,2280.6000000000004
M,297.6,309.5,1709,32.2,65,0,0,0,0,0,0,11.899999999999977,5.762282722513089,2093.0
L,297.6,309.5,1549,34.9,68,0,0,0,0,0,0,11.899999999999977,5.660743455497382,2373.2
L,297.5,309.4,1443,45.4,70,0,0,0,0,0,0,11.899999999999977,6.859916230366492,3178.0
L,297.5,309.3,1675,29.8,72,0,0,0,0,0,0,11.800000000000011,5.226701570680628,2145.6
L,297.5,309.3,1623,33.4,74,0,0,0,0,0,0,11.800000000000011,5.6762513089005235,2471.6
H,297.4,309.3,1365,52.4,76,0,0,0,0,0,0,11.900000000000034,7.489633507853403,3982.4
L,297.4,309.3,1759,24.8,81,0,0,0,0,0,0,11.900000000000034,4.567874345549739,2008.8
H,297.4,309.3,1516,43.0,83,0,0,0,0,0,0,11.900000000000034,6.825968586387434,3569.0
M,297.4,309.3,1499,36.8,88,0,0,0,0,0,0,11.900000000000034,5.776251308900523,3238.3999999999996
M,297.4,309.3,1775,25.8,91,0,0,0,0,0,0,11.900000000000034,4.795287958115183,2347.8
L,297.4,309.4,1473,45.5,94,0,0,0,0,0,0,12.0,7.017958115183246,4277.0
L,297.4,309.4,1296,52.3,96,0,0,0,0,0,0,12.0,7.097465968586388,5020.799999999999
L,297.5,309.4,1803,24.7,98,0,0,0,0,0,0,11.899999999999977,4.663256544502618,2420.6
H,297.5,309.3,1563,36.1,100,0,0,0,0,0,0,11.800000000000011,5.908303664921466,3610.0
M,297.5,309.4,1831,26.6,105,0,0,0,0,0,0,11.899999999999977,5.099958115183247,2793.0
L,297.6,309.4,1958,22.1,108,0,0,0,0,0,0,11.799999999999955,4.531078534031414,2386.8
L,297.5,309.4,1809,24.3,110,0,0,0,0,0,0,11.899999999999977,4.603005235602095,2673.0
M,297.5,309.4,1482,39.3,112,0,0,0,0,0,0,11.899999999999977,6.098701570680628,4401.599999999999
L,297.4,309.3,1332,53.2,115,0,0,0,0,0,0,11.900000000000034,7.42014659685864,6118.0
L,297.4,309.2,1437,40.4,117,0,0,0,0,0,0,11.800000000000011,6.079036649214659,4726.8
L,297.4,309.2,1698,29.4,119,0,0,0,0,0,0,11.800000000000011,5.227350785340314,3498.6
L,297.4,309.2,1274,54.3,121,0,0,0,0,0,0,11.800000000000011,7.24379057591623,6570.299999999999
M,297.4,309.3,1622,35.0,123,0,0,0,0,0,0,11.900000000000034,5.944502617801047,4305.0
M,297.4,309.3,1564,36.0,126,0,0,0,0,0,0,11.900000000000034,5.895706806282723,4536.0
H,297.5,309.4,1368,45.3,129,0,0,0,0,0,0,11.899999999999977,6.489047120418848,5843.7
M,297.4,309.4,1539,42.2,134,0,0,0,0,0,0,12.0,6.800607329842932,5654.8
L,297.5,309.4,1357,50.1,137,0,0,0,0,0,0,11.899999999999977,7.118921465968586,6863.7
M,297.5,309.4,1433,48.3,139,0,0,0,0,0,0,11.899999999999977,7.247528795811518,6713.7
L,297.5,309.4,1650,34.6,142,0,0,0,0,0,0,11.899999999999977,5.978010471204189,4913.2
L,297.5,309.4,1503,40.6,144,0,0,0,0,0,0,11.899999999999977,6.389717277486911,5846.400000000001
L,297.5,309.4,1318,58.2,146,0,0,0,0,0,0,11.899999999999977,8.03220942408377,8497.2
M,297.5,309.4,1678,34.4,148,0,0,0,0,0,0,11.899999999999977,6.044314136125654,5091.2
L,297.6,309.5,1574,30.9,151,0,0,0,0,0,0,11.899999999999977,5.092837696335079,4665.9
L,297.7,309.6,1529,35.2,153,0,0,0,0,0,0,11.900000000000034,5.635685863874346,5385.6
H,297.6,309.6,1669,32.1,155,0,0,0,0,0,0,12.0,5.6099371727748695,4975.5
H,297.7,309.7,1570,35.8,160,0,0,0,0,0,0,12.0,5.88544502617801,5728.0
M,297.6,309.7,1541,33.7,165,0,0,0,0,0,0,12.099999999999966,5.437874345549739,5560.500000000001
M,297.7,309.7,1680,30.2,168,0,0,0,0,0,0,12.0,5.312670157068063,5073.599999999999
L,297.8,309.7,1935,22.1,171,0,0,0,0,0,0,11.899999999999977,4.477853403141361,3779.1000000000004
M,297.7,309.6,1596,35.2,173,0,0,0,0,0,0,11.900000000000034,5.882638743455498,6089.6
L,297.7,309.7,1498,41.0,176,0,0,0,0,0,0,12.0,6.431204188481676,7216.0
M,297.8,309.8,1676,29.0,178,0,0,0,0,0,0,12.0,5.089424083769633,5162.0
L,297.8,309.9,1351,49.0,181,0,0,0,0,0,0,12.099999999999966,6.931832460732984,8869.0
L,297.9,309.9,1472,45.0,183,0,0,0,0,0,0,12.0,6.936125654450262,8235.0
M,297.9,310.0,1439,41.7,185,0,0,0,0,0,0,12.100000000000023,6.2833821989528795,7714.500000000001
M,297.9,309.9,1410,55.4,188,0,0,0,0,0,0,12.0,8.179476439790577,10415.199999999999
H,297.7,309.7,1440,51.1,191,0,0,0,0,0,0,12.0,7.705130890052356,9760.1
L,297.7,309.7,1591,37.7,196,0,0,0,0,0,0,12.0,6.280701570680629,7389.200000000001
L,297.8,309.8,1533,36.8,198,0,0,0,0,0,0,12.0,5.907267015706806,7286.4
M,297.8,309.7,1700,31.3,200,0,0,0,0,0,0,11.899999999999977,5.571727748691099,6260.0
M,297.8,309.8,1798,25.5,203,0,0,0,0,0,0,12.0,4.800942408376963,5176.5
L,297.8,309.7,1394,42.9,206,0,0,0,0,0,0,11.899999999999977,6.262052356020942,8837.4
L,297.8,309.7,1341,49.2,208,0,0,0,0,0,0,11.899999999999977,6.908607329842932,10233.6
H,297.7,309.6,1697,32.2,210,0,0,0,0,0,0,11.900000000000034,5.721821989528796,6762.000000000001
H,297.6,309.6,1419,48.2,215,0,0,0,0,0,0,12.0,7.16186387434555,10363.0
L,297.6,309.5,2001,20.5,220,0,0,0,0,0,0,11.899999999999977,4.2953403141361255,4510.0
L,297.6,309.6,1501,49.8,222,1,0,0,0,1,0,12.0,7.827204188481676,11055.599999999999
H,297.6,309.5,1623,33.1,224,0,0,0,0,0,0,11.899999999999977,5.6252670157068065,7414.400000000001
L,297.6,309.4,1628,33.4,229,0,0,0,0,0,0,11.799999999999955,5.6937382198952875,7648.599999999999
L,297.6,309.4,1491,40.2,231,0,0,0,0,0,0,11.799999999999955,6.276251308900524,9286.2
L,297.5,309.4,1517,36.7,233,0,0,0,0,0,0,11.899999999999977,5.829727748691099,8551.1
H,297.5,309.3,1525,41.7,235,0,0,0,0,0,0,11.800000000000011,6.65890052356021,9799.5
H,297.5,309.5,1668,27.9,240,0,0,0,0,0,0,12.0,4.873005235602094,6696.0
L,297.5,309.6,1312,50.7,0,0,0,0,0,0,0,12.100000000000023,6.9652774869109955,0.0
H,297.6,309.6,1278,50.4,2,0,0,0,0,0,0,12.0,6.744628272251308,100.8
M,297.6,309.6,1330,53.1,7,0,0,0,0,0,0,12.0,7.395078534031414,371.7
M,297.6,309.6,1530,37.3,10,0,0,0,0,0,0,12.0,5.9758115183246066,373.0
H,297.6,309.6,1428,46.6,13,0,0,0,0,0,0,12.0,6.9680418848167545,605.8000000000001
L,297.7,309.6,1480,47.9,18,0,0,0,0,0,0,11.900000000000034,7.423246073298429,862.1999999999999
H,297.7,309.7,1616,31.1,20,0,0,0,0,0,0,12.0,5.262575916230367,622.0
L,297.8,309.7,1547,37.3,25,0,0,0,0,0,0,11.899999999999977,6.04220942408377,932.4999999999999
L,297.9,309.7,2194,16.8,27,0,0,0,0,0,0,11.800000000000011,3.859602094240838,453.6
L,297.9,309.8,2000,21.3,29,0,0,0,0,0,0,11.900000000000034,4.460732984293194,617.7
L,297.9,309.8,1336,71.6,31,1,0,0,1,0,0,11.900000000000034,10.016502617801047,2219.6
L,297.9,309.9,1542,33.8,33,0,0,0,0,0,0,12.0,5.457549738219895,1115.3999999999999
M,297.9,309.8,1693,29.9,35,0,0,0,0,0,0,11.900000000000034,5.300596858638743,1046.5
L,297.9,309.8,1461,50.5,38,0,0,0,0,0,0,11.900000000000034,7.725706806282722,1919.0
M,298.0,309.9,1565,33.9,40,0,0,0,0,0,0,11.899999999999977,5.555340314136125,1356.0
L,298.0,309.9,1403,47.7,43,0,0,0,0,0,0,11.899999999999977,7.00765445026178,2051.1
L,298.1,309.9,1629,32.5,45,0,0,0,0,0,0,11.799999999999955,5.543717277486911,1462.5
L,298.1,310.0,1534,33.7,47,0,0,0,0,0,0,11.899999999999977,5.4131727748691105,1583.9
L,298.1,310.0,1553,40.9,49,0,0,0,0,0,0,11.899999999999977,6.651068062827225,2004.1
L,298.1,309.9,1563,32.8,51,0,0,0,0,0,0,11.799999999999955,5.368209424083769,1672.8
L,298.1,309.9,1634,30.0,53,0,0,0,0,0,0,11.799999999999955,5.132984293193717,1590.0
M,298.0,309.9,1445,45.2,55,0,0,0,0,0,0,11.899999999999977,6.8391623036649225,2486.0
L,298.1,309.9,1642,30.4,58,0,0,0,0,0,0,11.799999999999955,5.226890052356021,1763.1999999999998
H,298.1,309.9,1686,29.1,60,0,0,0,0,0,0,11.799999999999955,5.137445026178011,1746.0
M,298.1,310.0,1393,43.1,65,0,0,0,0,0,0,11.899999999999977,6.286732984293194,2801.5
H,298.2,310.0,1433,44.2,68,0,0,0,0,0,0,11.800000000000011,6.632314136125655,3005.6000000000004
L,298.3,310.0,1507,44.7,73,0,0,0,0,0,0,11.699999999999989,7.053706806282723,3263.1000000000004
M,298.3,310.1,1389,49.6,75,0,0,0,0,0,0,11.800000000000011,7.21407329842932,3720.0
L,298.3,310.1,1408,45.3,78,0,0,0,0,0,0,11.800000000000011,6.6787853403141355,3533.3999999999996
M,298.4,310.2,1725,32.0,80,0,0,0,0,0,0,11.800000000000011,5.780104712041885,2560.0
L,298.4,310.1,1926,23.7,83,0,0,0,0,0,0,11.700000000000045,4.779706806282722,1967.1
H,298.3,310.1,1509,37.6,85,0,0,0,0,0,0,11.800000000000011,5.941193717277487,3196.0
L,298.3,310.1,1545,36.3,90,0,0,0,0,0,0,11.800000000000011,5.872617801047119,3266.9999999999995
L,298.4,310.1,1533,35.2,92,0,0,0,0,0,0,11.700000000000045,5.650429319371728,3238.4
L,298.4,310.1,1455,42.2,94,0,0,0,0,0,0,11.700000000000045,6.429424083769634,3966.8
M,298.4,310.1,1335,57.8,96,0,0,0,0,0,0,11.700000000000045,8.079895287958115,5548.799999999999
L,298.3,310.1,1523,45.9,99,0,0,0,0,0,0,11.800000000000011,7.319968586387434,4544.099999999999
L,298.3,310.0,1460,47.6,101,0,0,0,0,0,0,11.699999999999989,7.277068062827225,4807.6
L,298.4,310.0,1554,37.3,103,0,0,0,0,0,0,11.600000000000023,6.069549738219895,3841.8999999999996
H,298.3,310.0,1419,47.1,105,0,0,0,0,0,0,11.699999999999989,6.99841884816754,4945.5
L,298.3,310.0,1442,43.9,110,0,0,0,0,0,0,11.699999999999989,6.628670157068062,4829.0
L,298.3,309.9,1507,41.6,112,0,0,0,0,0,0,11.599999999999966,6.564523560209425,4659.2
L,298.3,310.0,1858,23.9,114,0,0,0,0,0,0,11.699999999999989,4.64986387434555,2724.6
L,298.3,309.9,1463,43.9,116,0,0,0,0,0,0,11.599999999999966,6.725204188481675,5092.4
L,298.2,309.7,1585,37.4,118,0,0,0,0,0,0,11.5,6.207225130890053,4413.2
L,298.0,309.6,1536,37.3,120,0,0,0,0,0,0,11.600000000000023,5.999246073298429,4476.0
L,298.0,309.6,1403,51.3,122,0,0,0,0,0,0,11.600000000000023,7.536534031413612,6258.599999999999
M,297.9,309.6,1515,38.8,124,0,0,0,0,0,0,11.700000000000045,6.155183246073298,4811.2
L,297.9,309.5,1390,47.9,127,0,0,0,0,0,0,11.600000000000023,6.971832460732984,6083.3
M,297.8,309.4,1226,58.7,129,0,0,0,0,0,0,11.599999999999966,7.535727748691099,7572.3
M,297.8,309.4,1495,36.5,132,0,0,0,0,0,0,11.599999999999966,5.713874345549738,4818.0
H,297.7,309.4,1608,30.2,135,0,0,0,0,0,0,11.699999999999989,5.084984293193717,4077.0
L,297.7,309.4,1392,44.1,140,0,0,0,0,0,0,11.699999999999989,6.427979057591624,6174.0
M,297.7,309.4,1461,43.7,142,0,0,0,0,0,0,11.699999999999989,6.685413612565445,6205.400000000001
L,297.7,309.3,1559,36.9,145,0,0,0,0,0,0,11.600000000000023,6.023780104712042,5350.5
H,297.7,309.3,1400,48.9,147,0,0,0,0,0,0,11.600000000000023,7.168586387434555,7188.3
M,297.7,309.2,1732,28.8,152,0,0,0,0,0,0,11.5,5.223204188481676,4377.6
L,297.6,309.2,1611,33.1,155,0,0,0,0,0,0,11.599999999999966,5.583675392670158,5130.5
L,297.6,309.1,1503,38.9,157,0,0,0,0,0,0,11.5,6.122167539267015,6107.3
L,297.7,309.2,1391,44.5,159,0,0,0,0,0,0,11.5,6.481623036649214,7075.5
L,297.8,309.3,2015,20.1,161,0,0,0,0,0,0,11.5,4.240994764397906,3236.1000000000004
L,297.8,309.2,1683,30.9,163,0,0,0,0,0,0,11.399999999999977,5.445518324607329,5036.7
L,297.7,309.1,1435,38.8,165,0,0,0,0,0,0,11.400000000000034,5.830157068062826,6401.999999999999
M,297.7,309.1,1732,28.1,167,0,0,0,0,0,0,11.400000000000034,5.096251308900524,4692.7
L,297.7,309.2,1365,58.6,170,0,0,0,0,0,0,11.5,8.375811518324607,9962.0
L,297.7,309.1,1562,36.8,172,0,0,0,0,0,0,11.400000000000034,6.019015706806282,6329.599999999999
L,297.6,309.1,1449,49.1,174,0,0,0,0,0,0,11.5,7.449832460732985,8543.4
M,297.7,309.2,1700,27.4,176,0,0,0,0,0,0,11.5,4.877486910994764,4822.4
M,297.6,309.0,1427,45.6,179,0,0,0,0,0,0,11.399999999999977,6.8137382198952885,8162.400000000001
M,297.6,308.9,1479,38.1,182,0,0,0,0,0,0,11.299999999999955,5.900513089005236,6934.2
L,297.5,308.9,1469,44.0,185,0,0,0,0,0,0,11.399999999999977,6.768167539267016,8140.0
L,297.5,308.9,1390,47.4,187,0,0,0,0,0,0,11.399999999999977,6.899057591623037,8863.8
L,297.5,308.9,1729,28.1,189,0,0,0,0,0,0,11.399999999999977,5.087424083769633,5310.900000000001
L,297.5,309.0,1470,43.5,191,0,0,0,0,0,0,11.5,6.695811518324607,8308.5
L,297.5,308.9,1459,48.5,193,0,0,0,0,0,0,11.399999999999977,7.409581151832461,9360.5
L,297.5,308.9,1738,24.0,195,0,0,0,0,0,0,11.399999999999977,4.367748691099476,4680.0
H,297.5,308.9,1471,37.7,197,0,0,0,0,0,0,11.399999999999977,5.806984293193718,7426.900000000001
L,297.6,309.0,1822,25.4,202,0,0,0,0,0,0,11.399999999999977,4.845947643979057,5130.799999999999
L,297.5,308.9,1554,34.8,204,0,0,0,0,0,0,11.399999999999977,5.662743455497382,7099.2
M,297.6,308.9,1433,43.2,206,0,0,0,0,0,0,11.299999999999955,6.482261780104713,8899.2
L,297.6,308.9,1449,47.7,209,0,0,0,0,0,0,11.299999999999955,7.237413612565446,9969.300000000001
L,297.8,309.0,1456,41.2,0,0,0,0,0,0,0,11.199999999999989,6.28138219895288,0.0
M,297.8,309.1,1424,45.5,2,0,0,0,0,0,0,11.300000000000011,6.7845026178010475,91.0
H,297.9,309.2,1577,34.7,5,0,0,0,0,0,0,11.300000000000011,5.730041884816754,173.5
L,297.9,309.2,1478,39.7,10,0,0,0,0,0,0,11.300000000000011,6.144146596858639,397.0
M,297.8,309.2,1295,61.2,12,0,0,0,0,0,0,11.399999999999977,8.298848167539267,734.4000000000001
L,297.8,309.2,1372,47.3,15,0,0,0,0,0,0,11.399999999999977,6.795350785340314,709.5
M,297.8,309.1,1432,42.6,17,0,0,0,0,0,0,11.300000000000011,6.387769633507854,724.2
M,297.7,309.0,1656,33.2,20,0,0,0,0,0,0,11.300000000000011,5.756984293193717,664.0
H,297.8,309.0,1410,48.8,23,0,0,0,0,0,0,11.199999999999989,7.205026178010471,1122.3999999999999
L,297.7,309.0,1874,24.4,28,0,0,0,0,0,0,11.300000000000011,4.788020942408377,683.1999999999999
L,297.7,309.0,1538,43.2,30,0,0,0,0,0,0,11.300000000000011,6.957235602094242,1296.0
M,297.7,309.0,1636,29.7,32,0,0,0,0,0,0,11.300000000000011,5.0878743455497375,950.4
M,297.7,309.0,1504,40.4,35,0,0,0,0,0,0,11.300000000000011,6.362471204188481,1414.0
M,297.7,309.0,1531,42.4,38,0,0,0,0,0,0,11.300000000000011,6.797319371727749,1611.2
H,297.6,309.0,1735,26.4,41,0,0,0,0,0,0,11.399999999999977,4.796230366492146,1082.3999999999999
H,297.6,309.0,1354,55.6,46,0,0,0,0,0,0,11.399999999999977,7.88297382198953,2557.6
H,297.6,309.0,1413,40.2,51,0,0,0,0,0,0,11.399999999999977,5.947916230366493,2050.2000000000003
L,297.7,309.1,1563,39.3,56,0,0,0,0,0,0,11.400000000000034,6.432031413612565,2200.7999999999997
L,297.7,309.1,1479,42.1,58,0,0,0,0,0,0,11.400000000000034,6.519989528795811,2441.8
L,297.7,309.1,1477,38.3,60,0,0,0,0,0,0,11.400000000000034,5.923465968586387,2298.0
L,297.6,309.1,1394,50.0,62,0,0,0,0,0,0,11.5,7.298429319371728,3100.0
L,297.6,309.0,1487,45.4,64,0,0,0,0,0,0,11.399999999999977,7.069089005235602,2905.6
M,297.6,309.0,1815,25.3,66,0,0,0,0,0,0,11.399999999999977,4.808324607329843,1669.8
M,297.6,308.8,1453,39.7,69,0,0,0,0,0,0,11.199999999999989,6.040219895287959,2739.3
L,297.6,308.8,1539,40.2,72,0,0,0,0,0,0,11.199999999999989,6.478303664921467,2894.4
H,297.5,308.7,1416,39.2,74,0,0,0,0,0,0,11.199999999999989,5.812272251308901,2900.8
M,297.6,308.8,1683,31.6,79,0,0,0,0,0,0,11.199999999999989,5.568879581151832,2496.4
L,297.7,308.8,1515,40.1,82,0,0,0,0,0,0,11.100000000000023,6.361413612565445,3288.2000000000003
M,297.7,308.9,1531,48.3,84,0,0,0,0,0,0,11.199999999999989,7.743172774869111,4057.2
H,297.7,308.9,1479,40.9,87,0,0,0,0,0,0,11.199999999999989,6.334146596858639,3558.2999999999997
L,297.7,308.9,1516,33.7,92,0,0,0,0,0,0,11.199999999999989,5.349654450261781,3100.4
L,297.7,309.0,1507,38.2,94,0,0,0,0,0,0,11.300000000000011,6.0280000000000005,3590.8
M,297.8,309.0,1434,43.3,96,0,0,0,0,0,0,11.199999999999989,6.501801047120418,4156.799999999999
L,297.7,308.9,1838,27.3,99,0,0,0,0,0,0,11.199999999999989,5.254178010471204,2702.7000000000003
M,297.6,308.8,1416,45.9,101,0,0,0,0,0,0,11.199999999999989,6.805696335078534,4635.9
M,297.6,308.8,1357,49.7,104,0,0,0,0,0,0,11.199999999999989,7.062083769633508,5168.8
M,297.5,308.7,1697,28.1,107,0,0,0,0,0,0,11.199999999999989,4.993267015706807,3006.7000000000003
L,297.5,308.7,1443,46.2,110,0,0,0,0,0,0,11.199999999999989,6.980795811518325,5082.0
L,297.5,308.7,1453,37.6,112,0,0,0,0,0,0,11.199999999999989,5.720712041884817,4211.2
L,297.4,308.6,1439,46.4,114,0,0,0,0,0,0,11.200000000000045,6.9915811518324595,5289.599999999999
L,297.4,308.6,1609,36.2,116,0,0,0,0,0,0,11.200000000000045,6.09903664921466,4199.200000000001
L,297.4,308.6,1324,59.1,118,0,0,0,0,0,0,11.200000000000045,8.193549738219897,6973.8
H,297.4,308.6,1420,45.8,120,0,0,0,0,0,0,11.200000000000045,6.810052356020941,5496.0
L,297.4,308.7,1545,36.9,125,0,0,0,0,0,0,11.300000000000011,5.9696858638743455,4612.5
L,297.5,308.8,1477,39.0,127,0,0,0,0,0,0,11.300000000000011,6.031727748691099,4953.0
L,297.4,308.8,1447,58.1,129,0,0,0,0,0,0,11.400000000000034,8.803214659685864,7494.900000000001
L,297.4,308.9,1809,23.8,131,0,0,0,0,0,0,11.5,4.508293193717278,3117.8
L,297.5,308.9,1696,30.9,133,0,0,0,0,0,0,11.399999999999977,5.48758115183246,4109.7
L,297.5,308.9,1427,44.7,135,0,0,0,0,0,0,11.399999999999977,6.679256544502618,6034.5
M,297.4,308.9,1500,46.3,137,0,0,0,0,0,0,11.5,7.272251308900524,6343.099999999999
L,297.5,308.9,1390,44.6,140,0,0,0,0,0,0,11.399999999999977,6.49151832460733,6244.0
L,297.4,308.8,1640,34.2,142,0,0,0,0,0,0,11.400000000000034,5.873089005235603,4856.400000000001
M,297.4,308.8,1628,37.4,144,0,0,0,0,0,0,11.400000000000034,6.375623036649214,5385.599999999999
H,297.3,308.6,1499,37.6,147,0,0,0,0,0,0,11.300000000000011,5.901821989528796,5527.2
M,297.4,308.7,1425,50.3,152,0,0,0,0,0,0,11.300000000000011,7.505497382198953,7645.599999999999
L,297.3,308.6,1586,37.7,155,0,0,0,0,0,0,11.300000000000011,6.260963350785341,5843.5
M,297.3,308.6,1471,50.7,157,0,0,0,0,0,0,11.300000000000011,7.8093926701570675,7959.900000000001
M,297.3,308.6,1431,53.0,160,0,0,0,0,0,0,11.300000000000011,7.941675392670157,8480.0
L,297.2,308.6,1924,22.1,163,0,0,0,0,0,0,11.400000000000034,4.452397905759162,3602.3
M,297.1,308.4,1421,42.0,165,0,0,0,0,0,0,11.299999999999955,6.249424083769633,6930.0
H,297.0,308.4,1305,54.6,168,0,0,0,0,0,0,11.399999999999977,7.461047120418848,9172.800000000001
L,296.9,308.4,1557,32.4,173,0,0,0,0,0,0,11.5,5.282387434554973,5605.2
L,296.9,308.3,1555,38.2,175,0,0,0,0,0,0,11.400000000000034,6.220000000000001,6685.000000000001
H,296.9,308.3,1474,39.2,177,0,0,0,0,0,0,11.400000000000034,6.05034554973822,6938.400000000001
L,296.8,308.3,1506,45.9,182,0,0,0,0,0,0,11.5,7.238261780104711,8353.8
L,296.9,308.4,1390,41.8,184,0,0,0,0,0,0,11.5,6.083979057591622,7691.2
M,296.9,308.4,1450,46.9,186,0,0,0,0,0,0,11.5,7.120942408376964,8723.4
L,296.9,308.3,1513,38.8,189,0,0,0,0,0,0,11.400000000000034,6.147057591623036,7333.2
L,296.8,308.2,1643,34.7,191,0,0,0,0,0,0,11.399999999999977,5.969853403141362,6627.700000000001
L,296.8,308.2,1361,53.8,193,0,0,0,0,0,0,11.399999999999977,7.6672041884816755,10383.4
L,296.7,308.1,1450,40.9,195,0,0,0,0,0,0,11.400000000000034,6.209947643979057,7975.5
L,296.7,308.0,1451,50.7,197,0,0,0,0,0,0,11.300000000000011,7.703214659685863,9987.900000000001
L,296.8,308.1,1289,62.0,199,1,0,0,0,1,0,11.300000000000011,8.368376963350785,12338.0
L,296.8,308.1,1356,48.3,201,0,0,0,0,0,0,11.300000000000011,6.858094240837696,9708.3
H,296.7,308.1,1528,46.3,203,0,0,0,0,0,0,11.400000000000034,7.4079999999999995,9398.9
L,296.6,308.0,1978,22.3,208,0,0,0,0,0,0,11.399999999999977,4.618785340314136,4638.400000000001
L,296.7,308.0,1535,36.8,210,0,0,0,0,0,0,11.300000000000011,5.914973821989528,7727.999999999999
M,296.8,308.1,1843,24.2,212,0,0,0,0,0,0,11.300000000000011,4.670219895287958,5130.4
L,296.9,308.1,1422,48.7,215,0,0,0,0,0,0,11.200000000000045,7.2514554973822,10470.5
L,296.8,308.0,1536,40.4,217,0,0,0,0,0,0,11.199999999999989,6.497842931937172,8766.8
M,296.9,308.1,1483,44.3,219,0,0,0,0,0,0,11.200000000000045,6.879256544502617,9701.699999999999
H,296.8,308.1,1492,43.7,222,0,0,0,0,0,0,11.300000000000011,6.8272670157068065,9701.400000000001
L,296.8,308.0,1584,40.4,227,0,0,0,0,0,0,11.199999999999989,6.700900523560209,9170.8
L,296.9,308.1,1555,33.7,229,0,0,0,0,0,0,11.200000000000045,5.487277486910996,7717.300000000001
L,296.8,308.0,1497,41.7,231,0,0,0,0,0,0,11.199999999999989,6.536638743455497,9632.7
M,296.7,307.8,1537,36.3,233,0,0,0,0,0,0,11.100000000000023,5.842209424083769,8457.9
L,296.7,307.8,1505,39.4,236,0,0,0,0,0,0,11.100000000000023,6.209109947643979,9298.4
L,296.7,307.8,1646,34.6,238,0,0,0,0,0,0,11.100000000000023,5.963518324607331,8234.800000000001
M,296.7,307.8,1286,60.5,0,0,0,0,0,0,0,11.100000000000023,8.146910994764397,0.0
L,296.7,307.8,1400,47.5,3,0,0,0,0,0,0,11.100000000000023,6.963350785340314,142.5
L,296.8,307.9,1337,56.5,5,0,0,0,0,0,0,11.099999999999966,7.91,282.5
L,296.9,308.0,1332,53.9,7,0,0,0,0,0,0,11.100000000000023,7.517780104712042,377.3
L,296.8,308.0,1561,38.3,9,0,0,0,0,0,0,11.199999999999989,6.260345549738219,344.7
L,296.9,308.0,1546,31.1,11,0,0,0,0,0,0,11.100000000000023,5.034617801047121,342.1
L,296.9,308.0,1713,29.3,13,0,0,0,0,0,0,11.100000000000023,5.25559162303665,380.90000000000003
L,296.9,308.0,1343,44.5,15,0,0,0,0,0,0,11.100000000000023,6.257958115183246,667.5
L,296.8,308.0,1391,54.4,17,0,0,0,0,0,0,11.199999999999989,7.923602094240837,924.8
H,296.8,308.0,1311,58.6,19,0,0,0,0,0,0,11.199999999999989,8.044460732984295,1113.4
H,296.8,308.0,1453,51.0,24,0,0,0,0,0,0,11.199999999999989,7.759476439790576,1224.0
L,296.8,308.0,1510,39.4,29,0,0,0,0,0,0,11.199999999999989,6.229738219895288,1142.6
L,296.8,307.9,1448,48.8,31,0,0,0,0,0,0,11.099999999999966,7.399204188481675,1512.8
L,296.7,307.8,1453,46.0,33,0,0,0,0,0,0,11.100000000000023,6.998743455497382,1518.0
L,296.7,307.8,1468,39.2,35,0,0,0,0,0,0,11.100000000000023,6.025717277486912,1372.0
L,296.7,307.8,1382,47.5,37,0,0,0,0,0,0,11.100000000000023,6.873821989528796,1757.5
L,296.7,308.0,1580,32.2,39,0,0,0,0,0,0,11.300000000000011,5.327329842931938,1255.8000000000002
L,296.8,308.0,1666,29.8,41,0,0,0,0,0,0,11.199999999999989,5.198617801047121,1221.8
M,296.9,308.0,1409,50.7,43,0,0,0,0,0,0,11.100000000000023,7.480240837696336,2180.1
L,296.8,308.0,1675,29.7,46,0,0,0,0,0,0,11.199999999999989,5.209162303664922,1366.2
L,296.8,307.9,1698,30.8,48,0,0,0,0,0,0,11.099999999999966,5.476272251308901,1478.4
H,296.7,307.9,1579,33.4,50,0,0,0,0,0,0,11.199999999999989,5.522366492146597,1670.0
L,296.7,307.9,1743,27.9,55,0,0,0,0,0,0,11.199999999999989,5.092115183246073,1534.5
M,296.9,308.0,1497,44.8,57,0,0,0,0,0,0,11.100000000000023,7.022575916230365,2553.6
L,296.9,308.1,1741,28.8,60,0,0,0,0,0,0,11.200000000000045,5.2503455497382205,1728.0
L,296.9,308.1,1435,45.3,62,0,0,0,0,0,0,11.200000000000045,6.806858638743455,2808.6
M,296.9,308.1,1440,46.3,64,0,0,0,0,0,0,11.200000000000045,6.981361256544503,2963.2
M,296.9,308.0,1641,33.3,67,0,0,0,0,0,0,11.100000000000023,5.722020942408377,2231.1
L,296.8,307.9,1420,45.4,70,0,0,0,0,0,0,11.099999999999966,6.750575916230367,3178.0
L,296.8,307.9,1611,35.4,72,0,0,0,0,0,0,11.099999999999966,5.971664921465968,2548.7999999999997
L,296.8,307.8,1373,42.9,74,0,0,0,0,0,0,11.0,6.1677172774869105,3174.6
M,296.8,307.9,1683,31.8,76,0,0,0,0,0,0,11.099999999999966,5.604125654450262,2416.8
H,296.9,307.9,1547,32.6,79,0,0,0,0,0,0,11.0,5.280858638743456,2575.4
L,296.9,307.8,1605,37.0,84,0,0,0,0,0,0,10.900000000000034,6.218324607329843,3108.0
M,296.9,307.9,2010,18.9,86,0,0,0,0,0,0,11.0,3.9779057591623035,1625.3999999999999
L,296.8,307.7,1565,40.1,89,0,0,0,0,0,0,10.899999999999977,6.5713612565445025,3568.9
M,296.9,307.8,1828,24.6,91,0,0,0,0,0,0,10.900000000000034,4.708774869109948,2238.6
M,297.0,307.8,1579,34.1,94,0,0,0,0,0,0,10.800000000000011,5.638104712041885,3205.4
M,297.0,307.9,1882,24.2,97,0,0,0,0,0,0,10.899999999999977,4.769047120418849,2347.4
L,296.9,307.8,1285,52.1,100,0,0,0,0,0,0,10.900000000000034,7.010314136125654,5210.0
L,296.9,307.8,1571,35.0,102,0,0,0,0,0,0,10.900000000000034,5.7575916230366495,3570.0
H,296.9,307.8,1549,37.8,104,0,0,0,0,0,0,10.900000000000034,6.131120418848167,3931.2
M,296.9,307.8,1544,37.6,109,0,0,0,0,0,0,10.900000000000034,6.078994764397906,4098.400000000001
M,297.0,307.9,1412,47.4,112,0,0,0,0,0,0,10.899999999999977,7.008251308900524,5308.8
M,297.0,307.9,1422,53.0,115,0,0,0,0,0,0,10.899999999999977,7.8917277486911,6095.0
L,297.0,307.7,1867,22.8,118,0,0,0,0,0,0,10.699999999999989,4.457340314136125,2690.4
L,296.9,307.7,1424,43.3,120,0,0,0,0,0,0,10.800000000000011,6.456460732984293,5196.0
L,296.9,307.6,1452,45.7,122,0,0,0,0,0,0,10.700000000000045,6.9483141361256555,5575.400000000001
L,296.9,307.7,1550,39.7,124,0,0,0,0,0,0,10.800000000000011,6.4434554973822,4922.8
L,296.8,307.6,1588,37.6,126,0,0,0,0,0,0,10.800000000000011,6.252230366492147,4737.6
L,296.8,307.6,1338,44.4,128,0,0,0,0,0,0,10.800000000000011,6.2206492146596855,5683.2
L,296.8,307.6,1513,40.0,130,0,0,0,0,0,0,10.800000000000011,6.33717277486911,5200.0
M,296.8,307.5,1470,45.9,132,0,0,0,0,0,0,10.699999999999989,7.065235602094241,6058.8
M,296.8,307.5,1516,36.7,135,0,0,0,0,0,0,10.699999999999989,5.825884816753927,4954.5
L,296.8,307.6,1434,48.3,138,0,0,0,0,0,0,10.800000000000011,7.252586387434555,6665.4
L,296.8,307.6,1368,52.0,140,0,0,0,0,0,0,10.800000000000011,7.448795811518325,7280.0
L,296.8,307.6,1304,48.7,142,0,0,0,0,0,0,10.800000000000011,6.6497172774869115,6915.400000000001
L,296.8,307.6,1398,46.7,144,0,0,0,0,0,0,10.800000000000011,6.836293193717278,6724.8
L,296.7,307.6,1516,37.4,146,0,0,0,0,0,0,10.900000000000034,5.937005235602094,5460.4
L,296.7,307.6,1474,41.7,148,0,0,0,0,0,0,10.900000000000034,6.43620942408377,6171.6
M,296.7,307.6,1547,34.7,150,0,0,0,0,0,0,10.900000000000034,5.62103664921466,5205.0
M,296.6,307.5,1482,39.9,153,0,0,0,0,0,0,10.899999999999977,6.191811518324607,6104.7
L,296.6,307.4,1436,42.8,156,0,0,0,0,0,0,10.799999999999955,6.435685863874345,6676.799999999999
L,296.6,307.3,1474,40.0,158,0,0,0,0,0,0,10.699999999999989,6.173821989528796,6320.0
L,296.5,307.2,1481,38.2,160,0,0,0,0,0,0,10.699999999999989,5.924,6112.0
L,296.5,307.3,1501,42.1,162,0,0,0,0,0,0,10.800000000000011,6.616973821989529,6820.2
L,296.5,307.3,1566,37.2,164,0,0,0,0,0,0,10.800000000000011,6.100020942408378,6100.8
L,296.5,307.3,1579,34.5,166,0,0,0,0,0,0,10.800000000000011,5.704240837696335,5727.0
L,296.6,307.4,1631,35.0,168,0,0,0,0,0,0,10.799999999999955,5.977486910994765,5880.0
M,296.6,307.4,1544,42.3,170,0,0,0,0,0,0,10.799999999999955,6.838869109947644,7190.999999999999
L,296.6,307.4,1521,38.6,173,0,0,0,0,0,0,10.799999999999955,6.147706806282723,6677.8
L,296.6,307.4,1616,28.0,175,0,0,0,0,0,0,10.799999999999955,4.738010471204189,4900.0
H,296.6,307.4,1333,50.2,177,0,0,0,0,0,0,10.799999999999955,7.006973821989529,8885.4
M,296.7,307.4,1533,32.5,182,0,0,0,0,0,0,10.699999999999989,5.217015706806283,5915.0
L,296.6,307.4,1368,45.1,185,0,0,0,0,0,0,10.799999999999955,6.460397905759162,8343.5
L,296.6,307.4,1465,47.8,187,0,0,0,0,0,0,10.799999999999955,7.332670157068063,8938.6
H,296.6,307.4,1406,41.5,189,0,0,0,0,0,0,10.799999999999955,6.109842931937173,7843.5
M,296.5,307.4,1565,43.5,194,0,0,0,0,0,0,10.899999999999977,7.128534031413612,8439.0
L,296.6,307.5,1582,37.9,197,0,0,0,0,0,0,10.899999999999977,6.278303664921466,7466.299999999999
L,296.6,307.5,1439,45.5,199,0,0,0,0,0,0,10.899999999999977,6.8559685863874344,9054.5
M,296.6,307.5,1566,35.0,201,0,0,0,0,0,0,10.899999999999977,5.739267015706806,7035.0
L,296.6,307.5,1485,42.7,204,0,0,0,0,0,0,10.899999999999977,6.639738219895289,8710.800000000001
L,296.5,307.5,1566,35.1,206,0,0,0,0,0,0,11.0,5.755664921465969,7230.6
L,296.3,307.3,1439,41.5,208,0,0,0,0,0,0,11.0,6.253246073298429,8632.0
M,296.4,307.4,1416,50.0,210,0,0,0,0,0,0,11.0,7.4136125654450264,10500.0
L,296.4,307.4,2833,5.6,213,1,0,0,1,0,0,11.0,1.6612356020942407,1192.8
L,296.3,307.4,1465,47.1,215,0,0,0,0,0,0,11.099999999999966,7.225287958115183,10126.5
H,296.4,307.4,1586,35.5,0,0,0,0,0,0,0,11.0,5.895602094240838,0.0
L,296.3,307.3,1567,31.4,5,0,0,0,0,0,0,11.0,5.152230366492146,157.0
M,296.2,307.2,1389,48.6,7,0,0,0,0,0,0,11.0,7.06862827225131,340.2
M,296.3,307.3,1368,49.5,10,0,0,0,0,0,0,11.0,7.090680628272251,495.0
L,296.3,307.3,1444,49.0,13,0,0,0,0,0,0,11.0,7.409005235602094,637.0
M,296.3,307.3,1498,41.6,15,0,0,0,0,0,0,11.0,6.525319371727749,624.0
L,296.1,307.2,1615,30.8,18,0,0,0,0,0,0,11.099999999999966,5.208586387434555,554.4
L,296.1,307.1,1898,22.7,20,0,0,0,0,0,0,11.0,4.5114764397905756,454.0
M,296.1,307.1,1350,53.3,22,0,0,0,0,0,0,11.0,7.534554973821989,1172.6
M,296.2,307.0,1516,37.6,25,0,0,0,0,0,0,10.800000000000011,5.96875392670157,940.0
H,296.2,307.0,1542,40.6,28,0,0,0,0,0,0,10.800000000000011,6.5555183246073305,1136.8
H,296.1,306.9,1541,32.6,33,0,0,0,0,0,0,10.799999999999955,5.260376963350786,1075.8
M,296.1,306.9,1951,23.3,38,0,0,0,0,0,0,10.799999999999955,4.760031413612566,885.4
H,296.1,306.8,1645,31.0,41,0,0,0,0,0,0,10.699999999999989,5.33979057591623,1271.0
L,296.0,306.7,1416,44.2,46,0,0,0,0,0,0,10.699999999999989,6.553633507853403,2033.2
M,296.0,306.7,2044,22.3,48,0,0,0,0,0,0,10.699999999999989,4.77290052356021,1070.4
L,295.9,306.6,1414,50.2,51,0,0,0,0,0,0,10.700000000000045,7.432753926701571,2560.2000000000003
L,295.9,306.6,1678,26.7,53,0,0,0,0,0,0,10.700000000000045,4.691371727748691,1415.1
H,295.9,306.5,1594,33.2,55,0,0,0,0,0,0,10.600000000000023,5.54144502617801,1826.0000000000002
M,295.8,306.5,1514,37.7,60,0,0,0,0,0,0,10.699999999999989,5.976732984293194,2262.0
L,295.8,306.5,1358,49.2,63,0,0,0,0,0,0,10.699999999999989,6.996188481675393,3099.6000000000004
L,295.8,306.4,1325,56.2,65,0,0,0,0,0,0,10.599999999999966,7.79738219895288,3653.0
L,295.8,306.4,1339,53.2,67,0,0,0,0,0,0,10.599999999999966,7.4591413612565445,3564.4
M,295.8,306.4,1335,51.7,69,0,0,0,0,0,0,10.599999999999966,7.22717277486911,3567.3
L,295.9,306.4,1892,21.7,72,0,0,0,0,0,0,10.5,4.299099476439791,1562.3999999999999
L,295.9,306.4,1575,28.5,74,0,0,0,0,0,0,10.5,4.700261780104712,2109.0
M,295.8,306.3,1444,45.5,76,0,0,0,0,0,0,10.5,6.87979057591623,3458.0
L,295.7,306.3,1915,22.4,79,0,0,0,0,0,0,10.600000000000023,4.491727748691099,1769.6
M,295.6,306.2,1584,33.6,81,0,0,0,0,0,0,10.599999999999966,5.573026178010472,2721.6
M,295.7,306.3,1685,34.9,84,0,0,0,0,0,0,10.600000000000023,6.157748691099476,2931.6
L,295.8,306.3,1337,54.6,87,0,0,0,0,0,0,10.5,7.644,4750.2
M,295.8,306.3,1235,76.2,89,1,0,0,1,0,0,10.5,9.85413612565445,6781.8
L,295.7,306.2,1464,46.2,92,0,0,0,0,0,0,10.5,7.082387434554974,4250.400000000001
M,295.7,306.2,1739,25.9,94,0,0,0,0,0,0,10.5,4.7162408376963345,2434.6
L,295.7,306.3,1490,34.3,97,0,0,0,0,0,0,10.600000000000023,5.351518324607329,3327.1
L,295.8,306.4,1356,48.0,99,0,0,0,0,0,0,10.599999999999966,6.815497382198953,4752.0
L,295.7,306.2,1397,52.0,101,0,0,0,0,0,0,10.5,7.606701570680628,5252.0
L,295.7,306.2,1458,40.6,103,0,0,0,0,0,0,10.5,6.198408376963351,4181.8
H,295.7,306.2,2161,16.5,105,0,0,0,0,0,0,10.5,3.7336649214659685,1732.5
M,295.6,306.1,1651,28.1,110,0,0,0,0,0,0,10.5,4.8579162303664924,3091.0
L,295.6,306.1,1389,46.2,113,0,0,0,0,0,0,10.5,6.719560209424084,5220.6
L,295.6,306.0,1370,52.4,115,0,0,0,0,0,0,10.399999999999977,7.517068062827225,6026.0
L,295.7,306.1,1408,47.9,117,0,0,0,0,0,0,10.400000000000034,7.062115183246073,5604.3
L,295.7,306.1,1343,54.4,119,0,0,0,0,0,0,10.400000000000034,7.650178010471204,6473.599999999999
M,295.7,306.2,1423,42.5,121,0,0,0,0,0,0,10.5,6.3327225130890055,5142.5
L,295.6,306.2,1426,48.6,124,0,0,0,0,0,0,10.599999999999966,7.256921465968587,6026.400000000001
M,295.6,306.2,1435,51.6,126,0,0,0,0,0,0,10.599999999999966,7.753507853403141,6501.6
L,295.5,306.1,1573,35.1,129,0,0,0,0,0,0,10.600000000000023,5.781392670157068,4527.900000000001
L,295.6,306.2,1612,31.2,131,0,0,0,0,0,0,10.599999999999966,5.266429319371728,4087.2
L,295.6,306.2,1446,49.9,133,0,0,0,0,0,0,10.599999999999966,7.555539267015706,6636.7
H,295.6,306.2,1329,55.3,135,0,0,0,0,0,0,10.599999999999966,7.695675392670156,7465.5
L,295.6,306.2,1569,35.1,140,0,0,0,0,0,0,10.599999999999966,5.76669109947644,4914.0
H,295.6,306.1,1256,62.3,142,0,0,0,0,0,0,10.5,8.19359162303665,8846.6
L,295.6,306.1,1383,48.7,147,0,0,0,0,0,0,10.5,7.052575916230367,7158.900000000001
L,295.7,306.2,2270,14.6,149,1,0,0,1,0,0,10.5,3.4703664921465966,2175.4
H,295.7,306.2,1458,49.8,151,0,0,0,0,0,0,10.5,7.602973821989528,7519.799999999999
L,295.6,306.1,1474,41.2,156,0,0,0,0,0,0,10.5,6.35903664921466,6427.200000000001
M,295.6,306.1,1462,49.2,158,0,0,0,0,0,0,10.5,7.531979057591624,7773.6
M,295.6,306.1,1669,29.0,161,0,0,0,0,0,0,10.5,5.068167539267016,4669.0
M,295.5,306.1,1822,24.3,164,0,0,0,0,0,0,10.600000000000023,4.636083769633507,3985.2000000000003
L,295.5,306.0,1456,39.2,167,0,0,0,0,0,0,10.5,5.976460732984294,6546.400000000001
L,295.5,306.0,1546,35.9,169,0,0,0,0,0,0,10.5,5.811664921465968,6067.099999999999
M,295.6,306.1,1490,42.7,171,0,0,0,0,0,0,10.5,6.662094240837697,7301.700000000001
L,295.6,306.0,1569,40.4,174,0,0,0,0,0,0,10.399999999999977,6.6374450261780105,7029.599999999999
L,295.5,306.0,1621,29.5,176,0,0,0,0,0,0,10.5,5.007277486910994,5192.0
M,295.4,305.9,1518,40.6,178,0,0,0,0,0,0,10.5,6.453486910994765,7226.8
M,295.4,305.8,1526,38.2,181,0,0,0,0,0,0,10.400000000000034,6.104,6914.200000000001
M,295.3,305.8,1589,36.2,184,0,0,0,0,0,0,10.5,6.023225130890053,6660.8
L,295.3,305.7,1475,51.0,187,0,0,0,0,0,0,10.399999999999977,7.87696335078534,9537.0
M,295.3,305.7,1473,38.5,189,0,0,0,0,0,0,10.399999999999977,5.9382722513089,7276.5
L,295.4,305.8,1407,50.7,192,0,0,0,0,0,0,10.400000000000034,7.469623036649216,9734.400000000001
M,295.5,305.9,1518,44.1,194,0,0,0,0,0,0,10.399999999999977,7.009821989528796,8555.4
H,295.5,305.9,1593,37.2,197,0,0,0,0,0,0,10.399999999999977,6.205193717277488,7328.400000000001
M,295.5,305.9,1380,52.4,202,0,0,0,0,0,0,10.399999999999977,7.571937172774869,10584.8
M,295.5,306.0,1423,45.3,205,0,0,0,0,0,0,10.5,6.749937172774868,9286.5
L,295.5,306.0,1800,27.6,208,0,0,0,0,0,0,10.5,5.202094240837696,5740.8
H,295.6,306.1,1623,30.9,210,0,0,0,0,0,0,10.5,5.2513821989528795,6489.0
L,295.6,306.1,1372,55.6,215,1,0,0,0,1,0,10.5,7.987769633507853,11954.0
H,295.6,306.0,1396,52.4,0,0,0,0,0,0,0,10.399999999999977,7.659727748691099,0.0
L,295.6,306.0,1949,21.9,5,0,0,0,0,0,0,10.399999999999977,4.469434554973822,109.5
L,295.6,306.0,1419,51.1,7,0,0,0,0,0,0,10.399999999999977,7.59276439790576,357.7
M,295.5,305.9,1453,47.3,9,0,0,0,0,0,0,10.399999999999977,7.196534031413612,425.7
L,295.5,305.9,1542,36.2,12,0,0,0,0,0,0,10.399999999999977,5.845068062827226,434.40000000000003
L,295.6,306.0,1363,50.0,14,0,0,0,0,0,0,10.399999999999977,7.136125654450262,700.0
L,295.5,306.0,1597,37.2,16,0,0,0,0,0,0,10.5,6.220774869109948,595.2
M,295.5,306.0,1326,50.8,18,0,0,0,0,0,0,10.5,7.053486910994764,914.4
M,295.5,306.0,1641,36.6,21,0,0,0,0,0,0,10.5,6.2890680628272255,768.6
M,295.6,306.1,1418,46.2,24,0,0,0,0,0,0,10.5,6.859853403141362,1108.8000000000002
L,295.6,306.2,1263,61.8,27,0,0,0,0,0,0,10.599999999999966,8.173130890052356,1668.6
L,295.6,306.2,1823,25.8,29,0,0,0,0,0,0,10.599999999999966,4.92496335078534,748.2
L,295.5,306.1,1488,40.7,31,0,0,0,0,0,0,10.600000000000023,6.341528795811519,1261.7
L,295.6,306.2,1443,48.9,33,0,0,0,0,0,0,10.599999999999966,7.388764397905759,1613.7
L,295.6,306.2,1650,28.2,35,0,0,0,0,0,0,10.599999999999966,4.872251308900523,987.0
M,295.7,306.3,1462,44.3,37,0,0,0,0,0,0,10.600000000000023,6.781842931937173,1639.1
M,295.6,306.2,1477,45.0,40,0,0,0,0,0,0,10.599999999999966,6.959685863874346,1800.0
M,295.7,306.3,1712,28.5,43,0,0,0,0,0,0,10.600000000000023,5.109109947643979,1225.5
M,295.7,306.3,1347,50.4,46,0,0,0,0,0,0,10.600000000000023,7.108774869109948,2318.4
L,295.6,306.2,1287,54.8,49,0,0,0,0,0,0,10.599999999999966,7.385089005235601,2685.2
L,295.6,306.2,1428,44.5,51,0,0,0,0,0,0,10.599999999999966,6.654031413612565,2269.5
M,295.6,306.3,1426,45.5,53,0,0,0,0,0,0,10.699999999999989,6.794031413612565,2411.5
L,295.6,306.3,1636,32.7,56,0,0,0,0,0,0,10.699999999999989,5.60180104712042,1831.2000000000003
L,295.6,306.2,1424,42.5,58,0,0,0,0,0,0,10.599999999999966,6.33717277486911,2465.0
H,295.6,306.3,1509,35.8,60,0,0,0,0,0,0,10.699999999999989,5.656774869109947,2148.0
L,295.5,306.2,1448,48.9,65,0,0,0,0,0,0,10.699999999999989,7.414366492146597,3178.5
L,295.5,306.1,1650,32.8,67,0,0,0,0,0,0,10.600000000000023,5.667015706806282,2197.6
H,295.6,306.2,1414,42.5,69,0,0,0,0,0,0,10.599999999999966,6.292670157068063,2932.5
L,295.6,306.3,1911,20.9,74,0,0,0,0,0,0,10.699999999999989,4.182188481675392,1546.6
H,295.6,306.2,1632,32.2,76,0,0,0,0,0,0,10.599999999999966,5.5026596858638746,2447.2000000000003
M,295.7,306.4,1387,40.1,81,0,0,0,0,0,0,10.699999999999989,5.823947643979058,3248.1
L,295.8,306.4,1399,47.6,84,0,0,0,0,0,0,10.599999999999966,6.973026178010472,3998.4
L,295.8,306.5,1505,35.2,86,0,0,0,0,0,0,10.699999999999989,5.5472251308900535,3027.2000000000003
L,295.8,306.5,1534,37.9,88,0,0,0,0,0,0,10.699999999999989,6.0878115183246075,3335.2
L,295.8,306.5,1493,40.5,90,0,0,0,0,0,0,10.699999999999989,6.331570680628272,3645.0
M,295.8,306.6,1480,43.2,92,0,0,0,0,0,0,10.800000000000011,6.6948691099476445,3974.4
L,295.8,306.6,1621,31.6,95,0,0,0,0,0,0,10.800000000000011,5.3637277486911,3002.0
L,295.7,306.5,1737,26.2,97,0,0,0,0,0,0,10.800000000000011,4.76538219895288,2541.4
L,295.8,306.6,1508,46.5,99,0,0,0,0,0,0,10.800000000000011,7.342617801047121,4603.5
M,295.8,306.5,1641,32.2,101,0,0,0,0,0,0,10.699999999999989,5.5330052356020945,3252.2000000000003
M,295.9,306.6,1532,38.6,104,0,0,0,0,0,0,10.700000000000045,6.192167539267016,4014.4
L,295.9,306.7,1547,40.9,107,0,0,0,0,0,0,10.800000000000011,6.625371727748691,4376.3
L,295.9,306.6,1412,41.0,109,0,0,0,0,0,0,10.700000000000045,6.061989528795811,4469.0
L,295.8,306.5,1568,35.1,111,0,0,0,0,0,0,10.699999999999989,5.763015706806283,3896.1000000000004
L,295.9,306.6,1557,41.1,113,0,0,0,0,0,0,10.700000000000045,6.700806282722514,4644.3
L,295.8,306.6,1644,35.2,115,0,0,0,0,0,0,10.800000000000011,6.059560209424084,4048.0000000000005
L,295.9,306.6,1679,30.4,117,0,0,0,0,0,0,10.700000000000045,5.344670157068062,3556.7999999999997
L,296.0,306.6,1511,35.2,119,0,0,0,0,0,0,10.600000000000023,5.569340314136126,4188.8
M,296.0,306.6,1628,36.8,121,0,0,0,0,0,0,10.600000000000023,6.273340314136125,4452.799999999999
M,296.0,306.6,1392,51.3,124,0,0,0,0,0,0,10.600000000000023,7.477445026178009,6361.2
L,296.0,306.7,1917,21.0,127,0,0,0,0,0,0,10.699999999999989,4.215392670157068,2667.0
M,296.2,306.8,1526,42.3,129,0,0,0,0,0,0,10.600000000000023,6.759141361256544,5456.7
L,296.2,306.8,1389,53.3,132,0,0,0,0,0,0,10.600000000000023,7.752219895287958,7035.599999999999
L,296.1,306.7,1409,42.8,134,0,0,0,0,0,0,10.599999999999966,6.314680628272251,5735.2
L,296.2,306.8,1655,31.1,136,0,0,0,0,0,0,10.600000000000023,5.389581151832461,4229.6
L,296.2,306.9,1516,39.1,138,0,0,0,0,0,0,10.699999999999989,6.206869109947644,5395.8
L,296.2,306.9,1526,34.9,140,0,0,0,0,0,0,10.699999999999989,5.57669109947644,4886.0
L,296.3,307.1,1419,48.6,142,0,0,0,0,0,0,10.800000000000011,7.221298429319373,6901.2
L,296.4,307.2,1748,25.3,144,0,0,0,0,0,0,10.800000000000011,4.63082722513089,3643.2000000000003
H,296.4,307.1,1638,32.5,146,0,0,0,0,0,0,10.700000000000045,5.5743455497382195,4745.0
M,296.3,307.1,1534,33.8,151,0,0,0,0,0,0,10.800000000000011,5.4292356020942405,5103.799999999999
H,296.3,307.1,1774,25.9,154,0,0,0,0,0,0,10.800000000000011,4.811162303664921,3988.6
M,296.2,307.0,2119,18.3,159,0,0,0,0,0,0,10.800000000000011,4.060492146596859,2909.7000000000003
L,296.2,307.0,1414,48.3,162,0,0,0,0,0,0,10.800000000000011,7.151434554973822,7824.599999999999
M,296.1,307.0,1523,42.0,164,0,0,0,0,0,0,10.899999999999977,6.698010471204189,6888.0
L,296.1,307.1,1651,35.7,167,0,0,0,0,0,0,11.0,6.171801047120419,5961.900000000001
M,296.1,307.1,1485,36.0,169,0,0,0,0,0,0,11.0,5.597905759162304,6084.0
M,296.2,307.2,1168,63.4,172,0,0,0,0,0,0,11.0,7.754052356020942,10904.8
L,296.3,307.3,1566,35.8,175,0,0,0,0,0,0,11.0,5.870450261780104,6264.999999999999
M,296.3,307.2,1286,51.1,177,0,0,0,0,0,0,10.899999999999977,6.88110994764398,9044.7
M,296.3,307.2,1446,45.9,180,0,0,0,0,0,0,10.899999999999977,6.949884816753926,8262.0
M,296.4,307.2,2071,19.4,183,0,0,0,0,0,0,10.800000000000011,4.207057591623036,3550.2
L,296.3,307.1,1560,33.2,186,0,0,0,0,0,0,10.800000000000011,5.42324607329843,6175.200000000001
L,296.3,307.1,1654,29.6,188,0,0,0,0,0,0,10.800000000000011,5.1265340314136125,5564.8
L,296.3,307.1,1662,32.9,190,0,0,0,0,0,0,10.800000000000011,5.725633507853403,6251.0
L,296.3,307.2,1646,35.0,192,0,0,0,0,0,0,10.899999999999977,6.032460732984293,6720.0
L,296.2,307.1,1444,46.7,194,0,0,0,0,0,0,10.900000000000034,7.061235602094241,9059.800000000001
H,296.3,307.2,1424,42.0,196,0,0,0,0,0,0,10.899999999999977,6.262617801047121,8232.0
L,296.2,307.2,1382,52.0,201,0,0,0,0,0,0,11.0,7.525026178010471,10452.0
L,296.2,307.1,1413,53.4,203,0,0,0,0,0,0,10.900000000000034,7.90096335078534,10840.199999999999
M,296.2,307.2,1633,31.1,0,0,0,0,0,0,0,11.0,5.31793717277487,0.0
L,296.2,307.1,1441,41.7,3,0,0,0,0,0,0,10.900000000000034,6.292115183246073,125.10000000000001
M,296.2,307.2,1385,44.0,5,0,0,0,0,0,0,11.0,6.381151832460733,220.0
M,296.2,307.2,1552,34.8,8,0,0,0,0,0,0,11.0,5.655455497382198,278.4
M,296.2,307.3,1451,42.8,11,0,0,0,0,0,0,11.100000000000023,6.502910994764397,470.79999999999995
M,296.1,307.1,1433,38.5,14,0,0,0,0,0,0,11.0,5.777015706806282,539.0
M,296.1,307.2,1619,29.7,17,0,0,0,0,0,0,11.099999999999966,5.035005235602093,504.9
L,296.2,307.2,1445,41.8,20,0,0,0,0,0,0,11.0,6.324712041884816,836.0
L,296.2,307.2,1356,43.6,22,0,0,0,0,0,0,11.0,6.190743455497382,959.2
M,296.3,307.2,1319,68.3,24,1,0,0,1,0,0,10.899999999999977,9.433267015706805,1639.1999999999998
L,296.3,307.2,1637,31.6,27,0,0,0,0,0,0,10.899999999999977,5.416670157068063,853.2
L,296.3,307.2,1291,58.6,29,0,0,0,0,0,0,10.899999999999977,7.921738219895288,1699.4
L,296.3,307.3,1398,52.7,31,0,0,0,0,0,0,11.0,7.714617801047121,1633.7
L,296.3,307.3,1372,57.7,33,0,0,0,0,0,0,11.0,8.289465968586388,1904.1000000000001
M,296.3,307.2,1454,42.5,35,0,0,0,0,0,0,10.899999999999977,6.470680628272251,1487.5
L,296.2,307.2,1515,36.5,38,0,0,0,0,0,0,11.0,5.790314136125654,1387.0
L,296.2,307.3,1881,24.3,40,0,0,0,0,0,0,11.100000000000023,4.78620942408377,972.0
L,296.2,307.3,1711,29.9,42,0,0,0,0,0,0,11.100000000000023,5.356952879581152,1255.8
L,296.2,307.3,1475,37.0,44,0,0,0,0,0,0,11.100000000000023,5.714659685863874,1628.0
L,296.4,307.4,1512,36.8,46,0,0,0,0,0,0,11.0,5.82634554973822,1692.8
M,296.3,307.4,1335,50.5,48,0,0,0,0,0,0,11.099999999999966,7.059424083769634,2424.0
L,296.3,307.4,1472,39.9,51,0,0,0,0,0,0,11.099999999999966,6.150031413612565,2034.8999999999999
M,296.2,307.3,1477,35.2,53,0,0,0,0,0,0,11.100000000000023,5.444020942408377,1865.6000000000001
L,296.3,307.4,1760,28.4,56,0,0,0,0,0,0,11.099999999999966,5.233926701570681,1590.3999999999999
L,296.4,307.5,1549,36.1,58,0,0,0,0,0,0,11.100000000000023,5.85538219895288,2093.8
L,296.3,307.4,1648,34.0,60,0,0,0,0,0,0,11.099999999999966,5.867225130890052,2040.0
H,296.4,307.5,1556,38.0,62,0,0,0,0,0,0,11.100000000000023,6.191413612565445,2356.0
M,296.3,307.4,1958,19.1,67,0,0,0,0,0,0,11.099999999999966,3.9160000000000004,1279.7
L,296.4,307.4,1403,48.4,70,0,0,0,0,0,0,11.0,7.110492146596858,3388.0
M,296.4,307.5,1684,31.4,72,0,0,0,0,0,0,11.100000000000023,5.536921465968586,2260.7999999999997
H,296.4,307.5,1596,35.1,75,0,0,0,0,0,0,11.100000000000023,5.8659267015706815,2632.5
L,296.6,307.6,1498,41.1,80,0,0,0,0,0,0,11.0,6.4468900523560215,3288.0
L,296.7,307.7,1524,36.8,82,0,0,0,0,0,0,11.0,5.872586387434555,3017.6
L,296.7,307.7,1502,43.9,84,0,0,0,0,0,0,11.0,6.90448167539267,3687.6
L,296.6,307.6,1809,25.1,86,0,0,0,0,0,0,11.0,4.754544502617801,2158.6
L,296.6,307.6,1542,37.4,88,0,0,0,0,0,0,11.0,6.038827225130889,3291.2
L,296.5,307.6,1431,45.2,90,0,0,0,0,0,0,11.100000000000023,6.77290052356021,4068.0000000000005
L,296.5,307.6,1512,43.6,92,0,0,0,0,0,0,11.100000000000023,6.902952879581152,4011.2000000000003
H,296.4,307.5,1403,52.8,94,0,0,0,0,0,0,11.100000000000023,7.756900523560208,4963.2
L,296.4,307.5,1331,47.8,99,0,0,0,0,0,0,11.100000000000023,6.6619685863874345,4732.2
M,296.6,307.7,1474,52.6,101,0,0,0,0,0,0,11.099999999999966,8.118575916230368,5312.6
L,296.5,307.6,1607,33.5,104,0,0,0,0,0,0,11.100000000000023,5.637120418848167,3484.0
L,296.5,307.6,1415,44.2,106,0,0,0,0,0,0,11.100000000000023,6.549005235602095,4685.200000000001
L,296.6,307.6,1671,28.8,108,0,0,0,0,0,0,11.0,5.03924607329843,3110.4
L,296.6,307.7,1556,37.7,110,0,0,0,0,0,0,11.099999999999966,6.142534031413613,4147.0
L,296.7,307.7,1927,23.9,112,0,0,0,0,0,0,11.0,4.8225445026178,2676.7999999999997
M,296.7,307.7,1597,32.1,114,0,0,0,0,0,0,11.0,5.367926701570681,3659.4
H,296.8,307.8,1627,30.5,117,0,0,0,0,0,0,11.0,5.196178010471204,3568.5
L,296.8,307.8,1480,39.4,122,0,0,0,0,0,0,11.0,6.1059685863874344,4806.8
L,296.8,307.8,1565,39.5,124,0,0,0,0,0,0,11.0,6.473036649214659,4898.0
L,296.8,307.8,1573,36.4,126,0,0,0,0,0,0,11.0,5.995518324607329,4586.4
L,296.7,307.8,1605,31.3,128,0,0,0,0,0,0,11.100000000000023,5.260366492146597,4006.4
M,296.7,307.9,1874,21.3,130,0,0,0,0,0,0,11.199999999999989,4.179706806282723,2769.0
H,296.7,307.9,1424,53.8,133,0,0,0,0,0,0,11.199999999999989,8.022115183246074,7155.4
L,296.7,307.9,1420,50.1,138,0,0,0,0,0,0,11.199999999999989,7.4494240837696335,6913.8
L,296.8,307.9,1372,49.0,140,0,0,0,0,0,0,11.099999999999966,7.0395811518324605,6860.0
M,296.8,307.8,1664,32.8,142,0,0,0,0,0,0,11.0,5.71509947643979,4657.599999999999
M,296.8,307.9,1409,44.3,145,0,0,0,0,0,0,11.099999999999966,6.535989528795811,6423.5
L,296.8,307.9,1718,25.2,148,0,0,0,0,0,0,11.099999999999966,4.533361256544502,3729.6
M,296.9,307.8,1544,40.3,150,0,0,0,0,0,0,10.900000000000034,6.51551832460733,6045.0
L,296.9,307.8,1466,45.7,153,0,0,0,0,0,0,10.900000000000034,7.01530890052356,6992.1
L,296.8,307.8,1394,47.7,155,0,0,0,0,0,0,11.0,6.962701570680629,7393.5
M,296.9,307.8,1840,24.6,157,0,0,0,0,0,0,10.900000000000034,4.739685863874346,3862.2000000000003
M,296.9,307.8,1477,37.2,160,0,0,0,0,0,0,10.900000000000034,5.753340314136126,5952.0
L,296.9,307.8,1425,49.1,163,0,0,0,0,0,0,10.900000000000034,7.326439790575916,8003.3
M,297.0,307.9,1414,46.2,165,0,0,0,0,0,0,10.899999999999977,6.8405026178010475,7623.000000000001
L,297.0,307.8,1414,47.5,168,0,0,0,0,0,0,10.800000000000011,7.032984293193717,7980.0
L,297.0,307.9,1595,31.7,170,0,0,0,0,0,0,10.899999999999977,5.294397905759162,5389.0
H,296.9,307.8,1345,54.5,172,0,0,0,0,0,0,10.900000000000034,7.6756544502617805,9374.0
L,296.9,307.7,1653,35.9,177,0,0,0,0,0,0,10.800000000000011,6.213895287958115,6354.3
L,296.8,307.6,1547,36.5,179,0,0,0,0,0,0,10.800000000000011,5.91261780104712,6533.5
H,296.9,307.7,1656,30.8,181,0,0,0,0,0,0,10.800000000000011,5.340816753926702,5574.8
L,297.0,307.7,1731,28.5,186,0,0,0,0,0,0,10.699999999999989,5.165811518324607,5301.0
L,297.0,307.8,1774,28.0,188,0,0,0,0,0,0,10.800000000000011,5.201256544502618,5264.0
L,297.0,307.8,1521,40.2,190,0,0,0,0,0,0,10.800000000000011,6.402534031413613,7638.000000000001
H,297.1,307.9,1420,39.8,192,0,0,0,0,0,0,10.799999999999955,5.917905759162303,7641.599999999999
L,297.0,307.8,1683,32.3,197,0,0,0,0,0,0,10.800000000000011,5.6922408376963345,6363.099999999999
M,297.0,307.7,1498,47.1,199,0,0,0,0,0,0,10.699999999999989,7.388041884816754,9372.9
L,297.0,307.8,1385,56.4,202,1,0,0,0,1,0,10.800000000000011,8.179476439790577,11392.8
L,297.0,307.9,1455,49.0,204,0,0,0,0,0,0,10.899999999999977,7.465445026178011,9996.0
H,296.9,307.8,1549,35.8,206,1,1,0,0,0,0,10.900000000000034,5.806722513089005,7374.799999999999
M,296.9,307.8,1392,43.9,0,0,0,0,0,0,0,10.900000000000034,6.39882722513089,0.0
M,296.9,307.7,2008,17.5,3,0,0,0,0,0,0,10.800000000000011,3.6795811518324606,52.5
L,296.9,307.7,1464,41.4,6,0,0,0,0,0,0,10.800000000000011,6.3465549738219895,248.39999999999998
L,297.0,307.7,1447,46.4,8,0,0,0,0,0,0,10.699999999999989,7.030450261780105,371.2
M,296.9,307.6,1685,32.0,10,0,0,0,0,0,0,10.700000000000045,5.646073298429319,320.0
M,296.8,307.5,1443,39.2,13,0,0,0,0,0,0,10.699999999999989,5.923099476439791,509.6
L,296.9,307.5,1354,44.4,16,0,0,0,0,0,0,10.600000000000023,6.295036649214659,710.4
L,296.9,307.5,2721,9.3,18,1,0,0,1,0,0,10.600000000000023,2.6497696335078538,167.4
L,297.0,307.6,1680,35.8,20,0,0,0,0,0,0,10.600000000000023,6.297801047120418,716.0
H,296.9,307.5,1397,48.3,22,0,0,0,0,0,0,10.600000000000023,7.065455497382198,1062.6
M,296.9,307.4,1521,37.9,27,0,0,0,0,0,0,10.5,6.036219895287958,1023.3
M,296.8,307.4,1472,43.9,30,0,0,0,0,0,0,10.599999999999966,6.766575916230366,1317.0
H,296.8,307.5,1695,30.0,33,0,0,0,0,0,0,10.699999999999989,5.324607329842932,990.0
H,296.7,307.5,1607,33.6,38,0,0,0,0,0,0,10.800000000000011,5.653947643979058,1276.8
L,296.8,307.5,1347,54.8,43,0,0,0,0,0,0,10.699999999999989,7.729382198952878,2356.4
M,296.7,307.4,1540,38.7,45,0,0,0,0,0,0,10.699999999999989,6.24062827225131,1741.5000000000002
L,296.6,307.4,1389,42.7,48,0,0,0,0,0,0,10.799999999999955,6.210502617801048,2049.6000000000004
M,296.6,307.5,1734,27.0,50,0,0,0,0,0,0,10.899999999999977,4.902408376963351,1350.0
L,296.7,307.6,1540,38.6,53,0,0,0,0,0,0,10.900000000000034,6.224502617801047,2045.8000000000002
M,296.7,307.5,1515,42.1,55,0,0,0,0,0,0,10.800000000000011,6.67869109947644,2315.5
L,296.6,307.4,1504,45.8,58,0,0,0,0,0,0,10.799999999999955,7.212900523560209,2656.3999999999996
L,296.6,307.5,1557,35.1,60,0,0,0,0,0,0,10.899999999999977,5.722586387434555,2106.0
L,296.5,307.4,1292,52.5,62,0,0,0,0,0,0,10.899999999999977,7.102617801047121,3255.0
H,296.5,307.4,1432,49.2,64,0,0,0,0,0,0,10.899999999999977,7.377424083769634,3148.8
M,296.5,307.4,1350,55.6,69,0,0,0,0,0,0,10.899999999999977,7.859685863874345,3836.4
M,296.6,307.4,1790,25.8,72,0,0,0,0,0,0,10.799999999999955,4.835811518324608,1857.6000000000001
H,296.4,307.3,1540,37.4,75,0,0,0,0,0,0,10.900000000000034,6.030994764397906,2805.0
M,296.4,307.3,2077,19.1,80,0,0,0,0,0,0,10.900000000000034,4.154000000000001,1528.0
L,296.4,307.3,1487,37.5,83,0,0,0,0,0,0,10.900000000000034,5.8390052356020945,3112.5
L,296.5,307.4,1523,40.7,85,0,0,0,0,0,0,10.899999999999977,6.49069109947644,3459.5000000000005
L,296.5,307.5,1443,41.8,87,0,0,0,0,0,0,11.0,6.315958115183245,3636.6
L,296.5,307.5,1340,59.1,89,0,0,0,0,0,0,11.0,8.292565445026177,5259.900000000001
H,296.6,307.7,1654,31.0,91,0,0,0,0,0,0,11.099999999999966,5.369005235602094,2821.0
L,296.6,307.6,1459,40.2,96,0,0,0,0,0,0,11.0,6.141549738219895,3859.2000000000003
L,296.5,307.6,1541,38.5,98,0,0,0,0,0,0,11.100000000000023,6.212408376963351,3773.0
H,296.6,307.7,1386,62.3,100,1,0,0,1,0,0,11.099999999999966,9.041654450261781,6230.0
M,296.7,307.8,1258,69.0,105,1,0,0,1,0,0,11.100000000000023,9.089214659685863,7245.0
M,296.7,307.8,1375,51.4,108,0,0,0,0,0,0,11.100000000000023,7.400523560209424,5551.2
L,296.8,307.9,1706,30.8,111,0,0,0,0,0,0,11.099999999999966,5.50207329842932,3418.8
M,296.7,307.8,1672,32.4,113,0,0,0,0,0,0,11.100000000000023,5.672544502617801,3661.2
M,296.8,307.9,1843,25.2,116,0,0,0,0,0,0,11.099999999999966,4.863204188481675,2923.2
L,296.7,307.9,1690,29.6,119,0,0,0,0,0,0,11.199999999999989,5.238115183246073,3522.4
L,296.8,307.9,1413,46.5,121,0,0,0,0,0,0,11.099999999999966,6.880052356020943,5626.5
L,296.8,307.9,1489,33.4,123,0,0,0,0,0,0,11.099999999999966,5.207602094240838,4108.2
L,296.8,307.9,1271,61.4,125,0,0,0,0,0,0,11.099999999999966,8.171664921465968,7675.0
M,296.8,307.9,1418,47.9,127,0,0,0,0,0,0,11.099999999999966,7.1122722513089,6083.3
M,296.9,307.8,1426,50.7,130,0,0,0,0,0,0,10.900000000000034,7.570492146596858,6591.0
L,296.9,307.9,1535,39.2,133,0,0,0,0,0,0,11.0,6.3007329842931945,5213.6
L,296.9,307.8,1557,38.1,135,0,0,0,0,0,0,10.900000000000034,6.211696335078535,5143.5
L,296.9,307.8,1653,29.7,137,0,0,0,0,0,0,10.900000000000034,5.140743455497382,4068.9
L,296.9,307.9,1435,41.6,139,0,0,0,0,0,0,11.0,6.250890052356021,5782.400000000001
M,297.0,307.9,1569,33.3,141,0,0,0,0,0,0,10.899999999999977,5.47096335078534,4695.299999999999
M,296.9,307.9,1385,44.8,144,0,0,0,0,0,0,11.0,6.497172774869109,6451.2
L,297.0,307.9,1635,31.6,147,0,0,0,0,0,0,10.899999999999977,5.410052356020943,4645.2
L,296.9,307.9,1423,43.9,149,0,0,0,0,0,0,11.0,6.541329842931937,6541.099999999999
L,297.0,307.9,1479,39.2,151,0,0,0,0,0,0,10.899999999999977,6.070869109947644,5919.200000000001
L,297.0,307.9,1296,69.1,153,1,0,0,1,0,0,10.899999999999977,9.377340314136125,10572.3
L,297.0,307.8,1553,33.3,155,0,0,0,0,0,0,10.800000000000011,5.415172774869109,5161.5
L,297.0,307.9,1529,42.2,157,0,0,0,0,0,0,10.899999999999977,6.75641884816754,6625.400000000001
M,297.1,308.0,1690,25.6,159,0,0,0,0,0,0,10.899999999999977,4.530261780104712,4070.4
L,297.1,308.0,1348,58.0,162,0,0,0,0,0,0,10.899999999999977,8.186806282722513,9396.0
L,297.2,308.1,1446,38.5,164,0,0,0,0,0,0,10.900000000000034,5.829424083769633,6314.0
L,297.1,307.9,1456,50.0,166,0,0,0,0,0,0,10.799999999999955,7.62303664921466,8300.0
L,297.0,307.9,1350,47.7,168,0,0,0,0,0,0,10.899999999999977,6.742931937172775,8013.6
L,297.1,307.9,1507,38.3,170,0,0,0,0,0,0,10.799999999999955,6.043780104712042,6510.999999999999
H,297.0,307.9,1448,45.6,172,0,0,0,0,0,0,10.899999999999977,6.914010471204189,7843.2
L,296.9,307.9,1626,29.9,177,0,0,0,0,0,0,11.0,5.090827225130889,5292.3
H,297.0,307.9,1846,27.3,179,0,0,0,0,0,0,10.899999999999977,5.277047120418849,4886.7
H,297.0,307.8,1404,40.7,184,0,0,0,0,0,0,10.800000000000011,5.983539267015707,7488.8
L,297.0,307.8,1583,37.2,189,0,0,0,0,0,0,10.800000000000011,6.166240837696336,7030.8
L,297.0,307.9,1436,47.7,191,0,0,0,0,0,0,10.899999999999977,7.17248167539267,9110.7
L,297.0,307.8,1609,35.6,193,0,0,0,0,0,0,10.800000000000011,5.9979476439790576,6870.8
H,297.0,307.7,1834,23.8,195,0,0,0,0,0,0,10.699999999999989,4.570596858638744,4641.0
L,297.0,307.8,1316,61.2,200,1,0,0,0,1,0,10.800000000000011,8.433424083769633,12240.0
L,296.9,307.8,1400,57.1,202,1,0,0,0,1,0,10.900000000000034,8.370680628272252,11534.2
L,296.9,307.9,1367,47.1,204,0,0,0,0,0,0,11.0,6.741958115183246,9608.4
L,297.1,308.1,1754,30.3,206,0,0,0,0,0,0,11.0,5.565047120418849,6241.8
L,297.1,308.1,1487,34.6,208,0,0,0,0,0,0,11.0,5.3874554973821995,7196.8
M,297.1,308.1,1506,37.7,210,0,0,0,0,0,0,11.0,5.945151832460733,7917.000000000001
L,297.0,308.1,1362,52.5,213,1,0,0,0,1,0,11.100000000000023,7.487434554973822,11182.5
L,297.1,308.1,1584,36.8,215,0,0,0,0,0,0,11.0,6.10379057591623,7911.999999999999
L,297.0,308.1,1355,43.7,217,0,0,0,0,0,0,11.100000000000023,6.200366492146598,9482.900000000001
M,297.1,308.1,1823,24.3,219,0,0,0,0,0,0,11.0,4.638628272251309,5321.7
H,297.0,308.1,1517,41.4,222,0,0,0,0,0,0,11.100000000000023,6.576314136125654,9190.8
L,297.1,308.1,1446,36.6,227,0,0,0,0,0,0,11.0,5.541738219895287,8308.2
H,297.1,308.0,1559,38.8,229,0,0,0,0,0,0,10.899999999999977,6.333947643979057,8885.199999999999
M,297.1,308.1,1352,44.4,0,0,0,0,0,0,0,11.0,6.285738219895287,0.0
M,297.2,308.3,1578,37.8,3,0,0,0,0,0,0,11.100000000000023,6.245905759162303,113.39999999999999
M,297.2,308.3,1429,42.0,6,0,0,0,0,0,0,11.100000000000023,6.284607329842932,252.0
M,297.2,308.3,1604,39.4,9,0,0,0,0,0,0,11.100000000000023,6.617549738219895,354.59999999999997
L,297.3,308.5,1398,60.4,12,0,0,0,0,0,0,11.199999999999989,8.841801047120418,724.8
L,297.3,308.4,1441,43.4,14,0,0,0,0,0,0,11.099999999999966,6.548628272251309,607.6
H,297.3,308.4,1531,35.6,16,0,0,0,0,0,0,11.099999999999966,5.707183246073298,569.6
L,297.2,308.3,1379,52.1,21,0,0,0,0,0,0,11.100000000000023,7.523130890052357,1094.1000000000001
L,297.3,308.3,1410,48.1,23,0,0,0,0,0,0,11.0,7.101675392670157,1106.3
L,297.3,308.4,1513,40.5,25,0,0,0,0,0,0,11.099999999999966,6.416387434554974,1012.5
L,297.3,308.5,1497,47.5,27,0,0,0,0,0,0,11.199999999999989,7.445811518324607,1282.5
L,297.3,308.4,1491,46.5,29,0,0,0,0,0,0,11.099999999999966,7.259842931937173,1348.5
L,297.3,308.4,1417,47.8,31,0,0,0,0,0,0,11.099999999999966,7.092418848167538,1481.8
M,297.4,308.6,1522,38.0,33,0,0,0,0,0,0,11.200000000000045,6.056125654450262,1254.0
L,297.3,308.4,1339,52.1,36,0,0,0,0,0,0,11.099999999999966,7.304910994764398,1875.6000000000001
M,297.2,308.3,1794,27.5,38,0,0,0,0,0,0,11.100000000000023,5.165968586387435,1045.0
L,297.2,308.4,1460,42.1,41,0,0,0,0,0,0,11.199999999999989,6.436230366492147,1726.1000000000001
M,297.2,308.3,1776,28.0,43,0,0,0,0,0,0,11.100000000000023,5.2071204188481675,1204.0
M,297.2,308.3,1431,43.7,46,0,0,0,0,0,0,11.100000000000023,6.548136125654451,2010.2
L,297.1,308.2,1347,50.8,49,0,0,0,0,0,0,11.099999999999966,7.165193717277486,2489.2
M,297.0,308.1,1507,43.1,51,0,0,0,0,0,0,11.100000000000023,6.801225130890053,2198.1
M,297.0,308.0,1408,47.9,54,0,0,0,0,0,0,11.0,7.062115183246073,2586.6
M,297.0,307.9,1493,34.7,57,0,0,0,0,0,0,10.899999999999977,5.42482722513089,1977.9
M,296.9,307.9,1441,47.6,60,0,0,0,0,0,0,11.0,7.182366492146597,2856.0
H,296.9,307.9,1557,36.5,63,0,0,0,0,0,0,11.0,5.950837696335078,2299.5
M,296.9,307.9,1979,20.4,68,0,0,0,0,0,0,11.0,4.227392670157068,1387.1999999999998
M,296.9,308.0,1430,55.9,71,0,0,0,0,0,0,11.100000000000023,8.370366492146596,3968.9
L,296.9,308.0,1658,41.0,74,0,0,0,0,0,0,11.100000000000023,7.118115183246073,3034.0
M,297.0,308.1,1355,51.4,76,0,0,0,0,0,0,11.100000000000023,7.2928795811518325,3906.4
H,297.0,308.1,1410,47.6,79,0,0,0,0,0,0,11.100000000000023,7.0278534031413615,3760.4
L,296.9,308.0,1521,34.5,84,0,0,0,0,0,0,11.100000000000023,5.494712041884816,2898.0
L,296.8,308.0,1371,54.5,86,0,0,0,0,0,0,11.199999999999989,7.824031413612565,4687.0
H,296.9,308.0,1318,53.5,88,0,0,0,0,0,0,11.100000000000023,7.3835602094240835,4708.0
M,297.0,308.1,1573,34.9,93,0,0,0,0,0,0,11.100000000000023,5.748450261780104,3245.7
L,297.0,308.1,1489,44.1,96,0,0,0,0,0,0,11.100000000000023,6.875905759162305,4233.6
H,297.0,308.1,2540,13.3,98,0,0,0,0,0,0,11.100000000000023,3.5373821989528795,1303.4
L,297.0,308.1,1537,39.0,103,0,0,0,0,0,0,11.100000000000023,6.276753926701571,4017.0
H,296.9,308.0,1416,46.9,105,0,0,0,0,0,0,11.100000000000023,6.953968586387434,4924.5
L,296.9,307.9,1359,56.5,110,0,0,0,0,0,0,11.0,8.040157068062827,6215.0
M,296.8,307.8,1551,38.9,112,0,0,0,0,0,0,11.0,6.3176858638743445,4356.8
M,296.8,307.8,1694,33.0,115,0,0,0,0,0,0,11.0,5.853612565445026,3795.0
L,296.8,307.9,1709,28.4,118,0,0,0,0,0,0,11.099999999999966,5.082261780104712,3351.2
L,296.9,308.0,1514,41.0,120,0,0,0,0,0,0,11.100000000000023,6.4998952879581156,4920.0
L,297.0,308.1,1455,43.5,122,0,0,0,0,0,0,11.100000000000023,6.627486910994764,5307.0
M,297.0,308.2,1702,30.7,124,0,0,0,0,0,0,11.199999999999989,5.471350785340315,3806.7999999999997
M,296.9,308.1,1357,41.8,127,0,0,0,0,0,0,11.200000000000045,5.939539267015706,5308.599999999999
L,297.0,308.2,1577,29.4,130,0,0,0,0,0,0,11.199999999999989,4.8548481675392665,3822.0
M,297.0,308.3,1399,46.4,132,0,0,0,0,0,1,11.300000000000011,6.797235602094241,6124.8
L,297.0,308.3,1399,59.0,135,0,0,0,0,0,0,11.300000000000011,8.64303664921466,7965.0
L,297.0,308.3,1492,48.1,137,0,0,0,0,0,0,11.300000000000011,7.514680628272251,6589.7
L,297.1,308.3,1763,25.7,139,0,0,0,0,0,0,11.199999999999989,4.74440837696335,3572.2999999999997
H,297.1,308.3,1492,41.5,141,0,0,0,0,0,0,11.199999999999989,6.483560209424084,5851.5
L,297.1,308.4,1488,42.5,146,0,0,0,0,0,0,11.299999999999955,6.621989528795812,6205.0
L,297.1,308.4,1422,42.1,148,0,0,0,0,0,0,11.299999999999955,6.268712041884817,6230.8
M,297.1,308.4,1583,38.2,150,0,0,0,0,0,0,11.299999999999955,6.332000000000001,5730.0
L,297.1,308.4,1304,53.5,153,0,0,0,0,0,0,11.299999999999955,7.305130890052356,8185.5
M,297.1,308.4,1880,23.5,155,0,0,0,0,0,0,11.299999999999955,4.626178010471204,3642.5
M,297.2,308.5,1604,40.7,158,0,0,0,0,0,0,11.300000000000011,6.835895287958116,6430.6
L,297.2,308.6,1500,37.1,161,0,0,0,0,0,0,11.400000000000034,5.827225130890052,5973.1
M,297.2,308.5,1364,55.6,163,0,0,0,0,0,0,11.300000000000011,7.941193717277488,9062.800000000001
H,297.2,308.5,2440,14.0,166,0,0,0,0,0,0,11.300000000000011,3.5769633507853404,2324.0
H,297.1,308.4,1654,31.4,171,0,0,0,0,0,0,11.299999999999955,5.4382827225130885,5369.4
H,297.1,308.4,1359,46.6,176,0,0,0,0,0,0,11.299999999999955,6.631350785340314,8201.6
M,297.1,308.4,1502,37.3,181,0,0,0,0,0,0,11.299999999999955,5.866450261780105,6751.299999999999
M,297.1,308.4,1615,32.6,184,0,0,0,0,0,0,11.299999999999955,5.512984293193718,5998.400000000001
H,297.2,308.5,1482,39.3,187,0,0,0,0,0,0,11.300000000000011,6.098701570680628,7349.099999999999
L,297.2,308.6,1636,31.3,192,0,0,0,0,0,0,11.400000000000034,5.361968586387435,6009.6
M,297.1,308.5,1621,32.4,194,0,0,0,0,0,0,11.399999999999977,5.49951832460733,6285.599999999999
L,297.1,308.4,1468,44.4,197,0,0,0,0,0,0,11.299999999999955,6.825047120418848,8746.8
M,297.1,308.4,1432,53.4,199,0,0,0,0,0,0,11.299999999999955,8.007204188481676,10626.6
L,297.1,308.4,1726,28.4,202,0,0,0,0,0,0,11.299999999999955,5.132816753926701,5736.799999999999
M,297.1,308.4,1588,33.4,204,0,0,0,0,0,0,11.299999999999955,5.553842931937172,6813.599999999999
H,297.2,308.5,1653,33.3,207,0,0,0,0,0,0,11.300000000000011,5.7638638743455495,6893.099999999999
L,297.2,308.5,1513,42.9,212,0,0,0,0,0,0,11.300000000000011,6.7966178010471205,9094.8
L,297.2,308.6,1489,40.2,214,0,0,0,0,0,0,11.400000000000034,6.2678324607329845,8602.800000000001
L,297.3,308.7,1467,36.8,216,0,0,0,0,0,0,11.399999999999977,5.652942408376963,7948.799999999999
L,297.3,308.7,1549,36.1,218,0,0,0,0,0,0,11.399999999999977,5.85538219895288,7869.8
M,297.4,308.8,1359,48.7,220,0,0,0,0,0,0,11.400000000000034,6.930188481675393,10714.0
L,297.5,308.8,1533,41.5,223,0,0,0,0,0,0,11.300000000000011,6.661727748691099,9254.5
L,297.5,308.8,1309,57.3,0,0,0,0,0,0,0,11.300000000000011,7.854,0.0
H,297.5,308.8,1430,49.4,2,0,0,0,0,0,0,11.300000000000011,7.397068062827225,98.8
H,297.5,308.9,1419,50.7,7,0,0,0,0,0,0,11.399999999999977,7.533329842931938,354.90000000000003
M,297.5,308.9,1535,37.7,12,0,0,0,0,0,0,11.399999999999977,6.059633507853404,452.40000000000003
L,297.5,308.9,1466,43.0,15,0,0,0,0,0,0,11.399999999999977,6.600837696335079,645.0
L,297.5,308.9,1427,50.4,17,0,0,0,0,0,0,11.399999999999977,7.530973821989529,856.8
M,297.5,308.9,1280,48.5,19,0,0,0,0,0,0,11.399999999999977,6.500523560209424,921.5
L,297.6,309.0,1528,33.8,22,0,0,0,0,0,0,11.399999999999977,5.4079999999999995,743.5999999999999
H,297.6,309.0,1885,25.2,24,0,0,0,0,0,0,11.399999999999977,4.974031413612566,604.8
H,297.8,309.2,1648,33.0,29,0,0,0,0,0,0,11.399999999999977,5.694659685863875,957.0
L,297.8,309.2,1400,56.9,34,0,0,0,0,0,0,11.399999999999977,8.341361256544502,1934.6
M,297.8,309.3,2243,15.7,36,0,0,0,0,0,0,11.5,3.6874450261780103,565.1999999999999
L,297.9,309.4,1558,35.7,39,0,0,0,0,0,0,11.5,5.82414659685864,1392.3000000000002
L,298.0,309.6,1633,34.8,41,0,0,0,0,0,0,11.600000000000023,5.95061780104712,1426.8
M,298.1,309.6,1549,38.7,43,0,0,0,0,0,0,11.5,6.2770994764397905,1664.1000000000001
L,298.0,309.5,1496,45.8,46,0,0,0,0,0,0,11.5,7.174534031413613,2106.7999999999997
L,298.1,309.5,1467,41.8,48,0,0,0,0,0,0,11.399999999999977,6.421005235602094,2006.3999999999999
M,298.0,309.4,1276,65.9,50,0,0,0,0,0,0,11.399999999999977,8.805068062827226,3295.0000000000005
H,298.0,309.4,1490,40.5,53,0,0,0,0,0,0,11.399999999999977,6.318848167539267,2146.5
H,298.0,309.4,1562,38.1,58,0,0,0,0,0,0,11.399999999999977,6.231643979057592,2209.8
L,298.1,309.4,1397,48.2,63,0,0,0,0,0,0,11.299999999999955,7.050827225130891,3036.6000000000004
H,298.1,309.5,1530,40.2,65,0,0,0,0,0,0,11.399999999999977,6.44041884816754,2613.0
M,298.1,309.4,1362,47.6,70,0,0,0,0,0,0,11.299999999999955,6.788607329842932,3332.0
M,298.2,309.4,1693,34.4,73,0,0,0,0,0,0,11.199999999999989,6.0983455497382195,2511.2
M,298.2,309.4,1408,46.5,76,0,0,0,0,0,0,11.199999999999989,6.855706806282723,3534.0
L,298.2,309.4,1398,52.9,79,0,0,0,0,0,0,11.199999999999989,7.743895287958114,4179.099999999999
M,298.3,309.6,1531,40.1,81,0,0,0,0,0,0,11.300000000000011,6.428596858638743,3248.1
H,298.3,309.5,1521,37.1,84,0,0,0,0,0,0,11.199999999999989,5.908806282722513,3116.4
H,298.3,309.5,1427,54.3,89,0,0,0,0,0,0,11.199999999999989,8.1137277486911,4832.7
L,298.3,309.4,1546,36.1,94,0,0,0,0,0,0,11.099999999999966,5.844041884816755,3393.4
L,298.3,309.4,1356,45.4,96,0,0,0,0,0,0,11.099999999999966,6.446324607329843,4358.4
L,298.4,309.5,2153,15.3,98,1,0,0,1,0,0,11.100000000000023,3.4493089005235604,1499.4
M,298.5,309.6,1492,41.7,100,0,0,0,0,0,0,11.100000000000023,6.514806282722513,4170.0
L,298.5,309.6,1582,40.3,103,0,0,0,0,0,0,11.100000000000023,6.6758743455497385,4150.9
L,298.5,309.6,1419,41.5,105,0,0,0,0,0,0,11.100000000000023,6.166335078534032,4357.5
M,298.5,309.6,1441,48.2,107,0,0,0,0,0,0,11.100000000000023,7.272900523560209,5157.400000000001
M,298.6,309.7,1635,32.2,110,0,0,0,0,0,0,11.099999999999966,5.512774869109949,3542.0000000000005
L,298.6,309.7,1429,45.8,113,0,0,0,0,0,0,11.099999999999966,6.853214659685864,5175.4
M,298.6,309.7,1675,28.4,115,0,0,0,0,0,0,11.099999999999966,4.981151832460733,3266.0
M,298.7,309.7,1868,23.8,118,0,0,0,0,0,0,11.0,4.655329842931938,2808.4
H,298.7,309.8,1582,33.4,121,0,0,0,0,0,0,11.100000000000023,5.532858638743455,4041.3999999999996
L,298.8,309.9,1486,40.3,126,0,0,0,0,0,0,11.099999999999966,6.270764397905759,5077.799999999999
L,298.7,309.8,1402,54.3,128,0,0,0,0,0,0,11.100000000000023,7.97158115183246,6950.4
L,298.7,309.9,1621,34.1,130,0,0,0,0,0,0,11.199999999999989,5.78807329842932,4433.0
L,298.8,309.9,1428,42.4,132,0,0,0,0,0,0,11.099999999999966,6.340020942408377,5596.8
M,298.7,309.8,1343,53.6,134,0,0,0,0,0,0,11.100000000000023,7.537675392670157,7182.400000000001
M,298.7,309.9,1458,40.2,137,0,0,0,0,0,0,11.199999999999989,6.137340314136126,5507.400000000001
L,298.7,309.8,1322,57.0,140,0,0,0,0,0,0,11.100000000000023,7.890471204188482,7980.0
L,298.7,309.9,1483,32.8,142,0,0,0,0,0,0,11.199999999999989,5.09344502617801,4657.599999999999
L,298.6,309.8,1505,45.7,144,0,0,0,0,0,1,11.199999999999989,7.201937172774869,6580.8
L,298.7,309.9,1593,42.5,146,0,0,0,0,0,0,11.199999999999989,7.089267015706806,6205.0
L,298.8,310.0,2098,19.6,148,0,0,0,0,0,0,11.199999999999989,4.305842931937173,2900.8
L,298.8,310.0,1672,30.4,150,0,0,0,0,0,0,11.199999999999989,5.322387434554973,4560.0
L,298.8,310.0,1487,41.4,152,0,0,0,0,0,0,11.199999999999989,6.446261780104711,6292.8
L,298.8,310.0,1423,42.1,154,0,0,0,0,0,0,11.199999999999989,6.273120418848168,6483.400000000001
L,298.9,310.1,1750,25.0,156,0,0,0,0,0,0,11.200000000000045,4.5811518324607325,3900.0
L,298.9,310.2,1654,31.1,158,0,0,0,0,0,0,11.300000000000011,5.386324607329843,4913.8
L,298.9,310.2,1498,50.2,160,0,0,0,0,0,0,11.300000000000011,7.874303664921467,8032.0
L,298.9,310.1,1587,30.2,162,0,0,0,0,0,0,11.200000000000045,5.0185759162303665,4892.4
L,298.9,310.1,1473,42.6,164,0,0,0,0,0,0,11.200000000000045,6.570659685863875,6986.400000000001
L,298.9,310.2,1359,56.9,166,0,0,0,0,0,0,11.300000000000011,8.097078534031413,9445.4
M,299.0,310.3,1635,34.5,168,0,0,0,0,0,0,11.300000000000011,5.906544502617801,5796.0
L,299.0,310.3,1520,45.0,171,0,0,0,0,0,0,11.300000000000011,7.162303664921466,7695.0
L,299.0,310.3,1507,36.7,173,0,0,0,0,0,0,11.300000000000011,5.791298429319371,6349.1
L,299.0,310.3,1428,46.3,175,0,0,0,0,0,0,11.300000000000011,6.923183246073298,8102.499999999999
M,299.0,310.3,1582,33.3,177,0,0,0,0,0,0,11.300000000000011,5.516293193717277,5894.099999999999
L,299.0,310.3,1929,24.4,180,0,0,0,0,0,0,11.300000000000011,4.928544502617801,4392.0
M,299.0,310.3,1540,38.1,182,0,0,0,0,0,0,11.300000000000011,6.143874345549738,6934.2
L,298.9,310.2,1362,53.0,185,0,0,0,0,0,0,11.300000000000011,7.558743455497382,9805.0
H,298.9,310.1,1452,49.9,187,0,0,0,0,0,0,11.200000000000045,7.586890052356021,9331.3
L,298.9,310.1,1361,51.7,192,0,0,0,0,0,0,11.200000000000045,7.36792670157068,9926.400000000001
M,298.8,310.1,1243,74.5,194,1,0,0,1,1,0,11.300000000000011,9.696701570680629,14453.0
H,298.8,310.1,1567,36.8,197,0,0,0,0,0,0,11.300000000000011,6.038282722513089,7249.599999999999
L,298.9,310.2,1411,46.5,202,0,0,0,0,0,0,11.300000000000011,6.870314136125654,9393.0
L,298.8,310.2,1814,26.8,204,0,0,0,0,0,0,11.399999999999977,5.090596858638744,5467.2
M,298.8,310.1,1719,28.8,206,0,0,0,0,0,0,11.300000000000011,5.184,5932.8
H,298.8,310.2,1663,30.4,209,0,0,0,0,0,0,11.399999999999977,5.293738219895288,6353.599999999999
L,298.9,310.2,1696,30.2,214,0,0,0,0,0,0,11.300000000000011,5.363267015706806,6462.8
H,298.9,310.2,1771,26.8,216,0,0,0,0,0,0,11.300000000000011,4.969926701570681,5788.8
L,299.0,310.3,1868,24.0,221,0,0,0,0,0,0,11.300000000000011,4.694450261780105,5304.0
M,299.0,310.3,1558,35.4,223,0,0,0,0,0,0,11.300000000000011,5.775204188481675,7894.2
L,299.0,310.4,1365,49.1,226,1,0,0,0,1,0,11.399999999999977,7.017958115183246,11096.6
L,299.0,310.4,1371,53.8,228,1,0,0,0,1,0,11.399999999999977,7.723539267015707,12266.4
L,298.9,310.3,1583,32.6,230,0,0,0,0,0,0,11.400000000000034,5.4037486910994765,7498.0
H,298.7,310.2,1613,36.0,0,0,0,0,0,0,0,11.5,6.08041884816754,0.0
L,298.6,310.1,1721,27.2,5,0,0,0,0,0,0,11.5,4.901696335078534,136.0
M,298.6,310.2,1668,31.5,7,0,0,0,0,0,0,11.599999999999966,5.501780104712042,220.5
L,298.6,310.2,1569,36.3,10,0,0,0,0,0,0,11.599999999999966,5.963842931937172,363.0
M,298.6,310.2,1328,50.5,12,0,0,0,0,0,0,11.599999999999966,7.022408376963351,606.0
M,298.6,310.1,1596,33.0,15,0,0,0,0,0,0,11.5,5.514973821989529,495.0
L,298.5,310.2,1676,32.7,18,0,0,0,0,0,0,11.699999999999989,5.73876439790576,588.6
L,298.5,310.1,1809,28.9,20,0,0,0,0,0,0,11.600000000000023,5.474356020942408,578.0
L,298.5,310.0,1804,26.1,22,0,0,0,0,0,0,11.5,4.930303664921466,574.2
L,298.6,310.1,1533,33.9,24,0,0,0,0,0,0,11.5,5.441748691099476,813.5999999999999
L,298.7,310.2,1717,27.3,26,0,0,0,0,0,0,11.5,4.908282722513089,709.8000000000001
L,298.7,310.2,1363,45.5,28,0,0,0,0,0,0,11.5,6.493874345549738,1274.0
L,298.7,310.2,1402,45.9,30,0,0,0,0,0,0,11.5,6.73840837696335,1377.0
L,298.7,310.2,1436,47.5,32,0,0,0,0,0,0,11.5,7.142408376963351,1520.0
L,298.7,310.2,1525,43.7,34,0,0,0,0,0,0,11.5,6.9782722513089,1485.8000000000002
M,298.7,310.2,1598,33.3,36,0,0,0,0,0,0,11.5,5.572083769633507,1198.8
M,298.6,310.1,1444,48.1,39,0,0,0,0,0,0,11.5,7.2729214659685875,1875.9
L,298.6,310.0,1334,48.0,42,0,0,0,0,0,0,11.399999999999977,6.704921465968586,2016.0
M,298.6,310.0,1681,35.5,44,0,0,0,0,0,0,11.399999999999977,6.248743455497382,1562.0
L,298.6,309.9,1593,37.4,47,0,0,0,0,0,0,11.299999999999955,6.238554973821989,1757.8
L,298.6,309.9,1461,45.7,49,0,0,0,0,0,0,11.299999999999955,6.99138219895288,2239.3
M,298.7,310.1,1693,31.9,51,0,0,0,0,0,0,11.400000000000034,5.655151832460732,1626.8999999999999
L,298.7,310.2,1404,50.3,54,0,0,0,0,0,0,11.5,7.394890052356021,2716.2
H,298.8,310.2,1707,27.6,56,0,0,0,0,0,0,11.399999999999977,4.933319371727749,1545.6000000000001
M,298.6,310.1,1458,41.9,61,0,0,0,0,0,0,11.5,6.396879581151832,2555.9
L,298.6,310.0,1517,41.2,64,0,0,0,0,0,0,11.399999999999977,6.544544502617801,2636.8
L,298.7,310.1,1433,54.6,66,0,0,0,0,0,0,11.400000000000034,8.192858638743456,3603.6
L,298.7,310.2,1566,33.1,68,0,0,0,0,0,0,11.5,5.427706806282723,2250.8
L,298.7,310.1,1676,33.5,70,0,0,0,0,0,0,11.400000000000034,5.879162303664922,2345.0
M,298.7,310.1,1368,56.8,72,0,0,0,0,0,0,11.400000000000034,8.136376963350784,4089.6
M,298.8,310.2,1581,37.5,75,0,0,0,0,0,0,11.399999999999977,6.208115183246074,2812.5
H,298.8,310.3,1708,27.1,78,0,0,0,0,0,0,11.5,4.8467853403141365,2113.8
M,298.7,310.3,1481,41.5,83,0,0,0,0,0,0,11.600000000000023,6.435759162303665,3444.5
L,298.7,310.3,1451,40.0,86,0,0,0,0,0,0,11.600000000000023,6.0774869109947645,3440.0
M,298.7,310.3,1495,38.7,88,0,0,0,0,0,0,11.600000000000023,6.058272251308901,3405.6000000000004
M,298.8,310.3,1573,41.8,91,0,0,0,0,0,0,11.5,6.884963350785339,3803.7999999999997
M,298.8,310.3,1366,59.0,94,0,0,0,0,0,0,11.5,8.439162303664922,5546.0
L,298.8,310.3,1553,36.8,97,0,0,0,0,0,0,11.5,5.984335078534031,3569.6
M,298.8,310.3,1528,37.1,99,0,0,0,0,0,0,11.5,5.936,3672.9
M,298.8,310.2,1527,31.2,102,0,0,0,0,0,0,11.399999999999977,4.988732984293194,3182.4
L,298.8,310.2,1461,46.7,105,0,0,0,0,0,0,11.399999999999977,7.144366492146596,4903.5
H,298.8,310.2,1455,44.9,107,0,0,0,0,0,0,11.399999999999977,6.840785340314136,4804.3
L,298.7,310.1,1620,34.8,112,0,0,0,0,0,0,11.400000000000034,5.903246073298429,3897.5999999999995
L,298.7,310.1,1786,27.7,114,0,0,0,0,0,0,11.400000000000034,5.180335078534031,3157.7999999999997
M,298.8,310.2,1583,35.7,116,0,0,0,0,0,0,11.399999999999977,5.917602094240839,4141.200000000001
L,298.8,310.1,1653,30.3,119,0,0,0,0,0,0,11.300000000000011,5.244596858638744,3605.7000000000003
M,298.9,310.2,1331,49.0,121,0,0,0,0,0,0,11.300000000000011,6.829214659685864,5929.0
L,298.9,310.3,1484,43.8,124,0,0,0,0,0,0,11.400000000000034,6.806198952879581,5431.2
M,298.9,310.2,1603,36.1,126,0,0,0,0,0,0,11.300000000000011,6.059507853403142,4548.6
L,298.9,310.2,1445,40.0,129,0,0,0,0,0,0,11.300000000000011,6.052356020942408,5160.0
L,298.9,310.1,1823,26.1,131,0,0,0,0,0,0,11.200000000000045,4.982230366492147,3419.1000000000004
H,298.9,310.1,1491,45.3,133,0,0,0,0,0,0,11.200000000000045,7.072492146596859,6024.9
L,298.9,310.2,1533,42.8,138,0,0,0,0,0,0,11.300000000000011,6.870408376963351,5906.4
L,298.9,310.2,1409,54.8,140,0,0,0,0,0,0,11.300000000000011,8.085151832460733,7672.0
L,298.9,310.2,2737,8.8,142,1,0,0,1,0,0,11.300000000000011,2.5220523560209425,1249.6000000000001
M,299.0,310.3,1494,46.6,144,0,0,0,0,0,0,11.300000000000011,7.290094240837697,6710.400000000001
L,299.1,310.4,1594,33.3,147,0,0,0,0,0,0,11.299999999999955,5.55813612565445,4895.099999999999
L,299.1,310.4,1527,44.0,149,0,0,0,0,0,0,11.299999999999955,7.035392670157068,6556.0
L,299.1,310.4,1452,39.7,151,0,0,0,0,0,0,11.299999999999955,6.036062827225131,5994.700000000001
L,299.0,310.3,1483,39.2,153,0,0,0,0,0,0,11.300000000000011,6.0872879581151835,5997.6
L,299.1,310.2,1569,38.2,155,0,0,0,0,0,0,11.099999999999966,6.276000000000001,5921.0
L,299.1,310.3,1472,46.6,157,0,0,0,0,0,0,11.199999999999989,7.1827434554973815,7316.2
L,299.0,310.2,1533,43.5,159,0,0,0,0,0,0,11.199999999999989,6.982774869109948,6916.5
H,298.9,310.1,1366,62.7,161,0,0,0,0,0,0,11.200000000000045,8.968397905759161,10094.7
H,298.9,310.2,1532,37.7,166,0,0,0,0,0,0,11.300000000000011,6.04779057591623,6258.200000000001
M,298.9,310.1,1313,56.8,171,0,0,0,0,0,0,11.200000000000045,7.809256544502617,9712.8
L,299.0,310.2,1372,48.0,174,0,0,0,0,0,0,11.199999999999989,6.895916230366492,8352.0
M,298.9,310.1,1555,40.6,176,0,0,0,0,0,0,11.200000000000045,6.610785340314136,7145.6
L,298.9,310.1,1394,42.7,179,0,0,0,0,0,0,11.200000000000045,6.232858638743456,7643.3
L,298.9,310.1,1442,48.0,181,0,0,0,0,0,0,11.200000000000045,7.247748691099477,8688.0
L,298.9,310.0,1564,33.8,183,0,0,0,0,0,0,11.100000000000023,5.535413612565445,6185.4
L,298.9,310.0,1452,48.9,185,0,0,0,0,0,0,11.100000000000023,7.4348481675392675,9046.5
L,298.9,310.1,1466,42.5,187,0,0,0,0,0,0,11.200000000000045,6.524083769633508,7947.5
M,298.9,310.1,1469,53.2,189,0,0,0,0,0,0,11.200000000000045,8.183329842931938,10054.800000000001
L,298.9,310.1,1944,23.4,192,0,0,0,0,0,0,11.200000000000045,4.76330890052356,4492.799999999999
M,298.8,309.9,1415,53.2,194,0,0,0,0,0,0,11.099999999999966,7.8825130890052355,10320.800000000001
M,298.7,309.8,1528,36.7,197,0,0,0,0,0,0,11.100000000000023,5.872000000000001,7229.900000000001
M,298.7,309.8,1570,42.1,200,0,0,0,0,0,0,11.100000000000023,6.921151832460733,8420.0
L,298.7,309.9,1617,33.0,203,0,0,0,0,0,0,11.199999999999989,5.587539267015707,6699.0
M,298.7,309.9,2083,18.2,205,0,0,0,0,0,0,11.199999999999989,3.9696963350785337,3731.0
L,298.7,309.9,1541,38.5,208,0,0,0,0,0,0,11.199999999999989,6.212408376963351,8008.0
L,298.8,309.9,1320,47.4,210,0,0,0,0,0,0,11.099999999999966,6.5516230366492145,9954.0
L,298.7,309.8,1354,53.3,212,1,0,0,0,1,0,11.100000000000023,7.556879581151832,11299.599999999999
M,298.8,309.9,1495,35.2,214,0,0,0,0,0,0,11.099999999999966,5.510366492146598,7532.8
L,298.7,309.8,1589,31.8,217,0,0,0,0,0,0,11.100000000000023,5.291120418848168,6900.6
L,298.7,309.8,1530,35.5,0,0,0,0,0,0,0,11.100000000000023,5.687434554973822,0.0
L,298.7,309.8,1539,33.4,2,0,0,0,0,0,0,11.100000000000023,5.382471204188482,66.8
L,298.7,309.7,1462,46.8,4,0,0,0,0,0,0,11.0,7.164565445026177,187.2
L,298.6,309.7,1356,54.0,6,0,0,0,0,0,0,11.099999999999966,7.667434554973822,324.0
M,298.7,309.7,1622,34.6,8,0,0,0,0,0,0,11.0,5.876565445026179,276.8
L,298.7,309.8,1394,40.3,11,0,0,0,0,0,0,11.100000000000023,5.882534031413612,443.29999999999995
L,298.8,309.9,1568,33.7,13,0,0,0,0,0,0,11.099999999999966,5.533151832460733,438.1
M,298.9,310.0,1456,43.8,15,0,0,0,0,0,0,11.100000000000023,6.677780104712041,657.0
L,298.9,310.0,1378,49.3,18,0,0,0,0,0,0,11.100000000000023,7.113654450261779,887.4
M,298.9,309.9,1404,41.4,20,0,0,0,0,0,0,11.0,6.086450261780104,828.0
L,298.8,309.8,1437,42.8,23,0,0,0,0,0,0,11.0,6.440167539267016,984.4
L,298.8,309.8,1363,44.0,25,0,0,0,0,0,0,11.0,6.2797905759162305,1100.0
M,298.8,309.8,1377,49.6,27,0,0,0,0,0,0,11.0,7.151748691099476,1339.2
H,298.8,309.9,1526,42.1,30,0,0,0,0,0,0,11.099999999999966,6.727183246073298,1263.0
H,298.8,309.8,1510,44.2,35,0,0,0,0,0,0,11.0,6.98869109947644,1547.0
H,298.8,309.9,1439,45.2,40,1,0,0,0,0,0,11.099999999999966,6.81076439790576,1808.0
L,298.8,309.9,1482,39.1,45,0,0,0,0,0,0,11.099999999999966,6.067664921465969,1759.5
M,298.8,309.8,1534,37.0,47,0,0,0,0,0,0,11.0,5.943246073298429,1739.0
M,298.8,309.9,1741,27.7,50,0,0,0,0,0,0,11.099999999999966,5.049811518324607,1385.0
L,298.8,309.9,1550,38.8,53,0,0,0,0,0,0,11.099999999999966,6.297382198952879,2056.3999999999996
M,298.8,310.0,1486,38.5,55,0,0,0,0,0,0,11.199999999999989,5.990680628272251,2117.5
L,298.9,310.1,1602,38.2,58,0,0,0,0,0,0,11.200000000000045,6.408,2215.6000000000004
L,299.0,310.2,1477,37.9,60,0,0,0,0,0,0,11.199999999999989,5.861602094240837,2274.0
L,299.0,310.1,1618,29.2,62,0,0,0,0,0,0,11.100000000000023,4.9471832460732985,1810.3999999999999
M,299.0,310.2,1628,35.8,64,0,0,0,0,0,0,11.199999999999989,6.102869109947643,2291.2
M,299.0,310.3,1662,33.6,67,0,0,0,0,0,0,11.300000000000011,5.8474554973821995,2251.2000000000003
M,299.0,310.3,1657,31.0,70,0,0,0,0,0,0,11.300000000000011,5.378743455497382,2170.0
H,299.0,310.4,1677,30.8,73,0,0,0,0,0,0,11.399999999999977,5.408544502617801,2248.4
M,299.0,310.3,1447,39.9,78,0,0,0,0,0,0,11.300000000000011,6.045581151832461,3112.2
L,298.9,310.4,1831,25.4,81,0,0,0,0,0,0,11.5,4.869884816753926,2057.4
L,299.0,310.3,1584,34.4,83,0,0,0,0,0,0,11.300000000000011,5.705717277486911,2855.2
L,299.1,310.4,1450,40.9,85,0,0,0,0,0,0,11.299999999999955,6.209947643979057,3476.5
L,299.1,310.4,1428,46.9,87,0,0,0,0,0,0,11.299999999999955,7.0129005235602095,4080.2999999999997
L,299.0,310.4,1382,53.0,89,0,0,0,0,0,0,11.399999999999977,7.669738219895288,4717.0
L,299.0,310.3,1501,43.0,91,0,0,0,0,0,0,11.300000000000011,6.758429319371728,3913.0
L,299.0,310.3,1475,42.4,93,0,0,0,0,0,0,11.300000000000011,6.548691099476439,3943.2
L,298.9,310.3,1364,54.0,95,0,0,0,0,0,0,11.400000000000034,7.712670157068063,5130.0
L,299.0,310.3,1472,36.1,97,0,0,0,0,0,0,11.300000000000011,5.564314136125655,3501.7000000000003
L,299.0,310.3,1437,47.8,99,0,0,0,0,0,0,11.300000000000011,7.192523560209423,4732.2
L,298.9,310.2,1491,45.1,101,0,0,0,0,0,0,11.300000000000011,7.041267015706807,4555.1
L,298.9,310.2,1706,27.6,103,0,0,0,0,0,0,11.300000000000011,4.930429319371728,2842.8
L,298.8,310.1,1607,39.5,105,0,0,0,0,0,0,11.300000000000011,6.646753926701571,4147.5
L,298.8,310.0,1412,46.3,107,0,0,0,0,0,0,11.199999999999989,6.845612565445026,4954.099999999999
L,298.7,309.8,1546,40.9,109,0,0,0,0,0,0,11.100000000000023,6.621089005235602,4458.099999999999
L,298.7,309.8,1365,50.5,111,0,0,0,0,0,0,11.100000000000023,7.218062827225131,5605.5
L,298.6,309.8,1544,30.2,113,0,0,0,0,0,0,11.199999999999989,4.882596858638743,3412.6
M,298.6,309.8,1419,44.9,115,0,0,0,0,0,0,11.199999999999989,6.671528795811518,5163.5
L,298.6,309.8,1497,41.6,118,0,0,0,0,0,0,11.199999999999989,6.52096335078534,4908.8
L,298.5,309.7,1437,42.6,120,0,0,0,0,0,0,11.199999999999989,6.41007329842932,5112.0
L,298.5,309.6,1421,53.6,122,0,0,0,0,0,0,11.100000000000023,7.9754554973822,6539.2
M,298.5,309.6,1438,44.5,124,0,0,0,0,0,0,11.100000000000023,6.700628272251309,5518.0
M,298.5,309.5,1315,48.9,127,0,0,0,0,0,0,11.0,6.733350785340314,6210.3
M,298.5,309.5,1366,61.9,130,0,0,0,0,0,0,11.0,8.853968586387435,8047.0
M,298.4,309.5,1519,35.4,133,0,0,0,0,0,0,11.100000000000023,5.630638743455497,4708.2
L,298.4,309.5,1692,28.3,136,0,0,0,0,0,0,11.100000000000023,5.013989528795811,3848.8
L,298.3,309.4,1570,35.6,138,0,0,0,0,0,0,11.099999999999966,5.852565445026178,4912.8
L,298.3,309.4,1568,35.8,140,0,0,0,0,0,0,11.099999999999966,5.877947643979057,5012.0
L,298.2,309.3,1355,43.8,142,0,0,0,0,0,0,11.100000000000023,6.214554973821989,6219.599999999999
M,298.2,309.3,2056,18.7,144,0,0,0,0,0,0,11.100000000000023,4.025884816753926,2692.7999999999997
M,298.2,309.2,1332,60.2,147,0,0,0,0,0,0,11.0,8.396481675392671,8849.4
M,298.1,309.1,1448,52.5,150,0,0,0,0,0,0,11.0,7.96020942408377,7875.0
L,298.0,308.9,1578,35.6,153,0,0,0,0,0,0,10.899999999999977,5.882387434554974,5446.8
M,298.0,309.0,1562,39.2,155,0,0,0,0,0,0,11.0,6.411560209424084,6076.0
M,298.1,309.0,1976,19.3,158,0,0,0,0,0,0,10.899999999999977,3.99338219895288,3049.4
M,298.2,309.2,1524,34.6,161,0,0,0,0,0,0,11.0,5.521507853403142,5570.6
L,298.2,309.1,1429,48.5,164,0,0,0,0,0,0,10.900000000000034,7.257225130890053,7954.0
L,298.2,309.1,1568,36.3,166,0,0,0,0,0,0,10.900000000000034,5.960041884816754,6025.799999999999
M,298.2,309.0,1723,26.6,168,0,0,0,0,0,0,10.800000000000011,4.799141361256545,4468.8
L,298.2,309.0,1341,43.8,171,0,0,0,0,0,0,10.800000000000011,6.150345549738219,7489.799999999999
M,298.1,308.9,1353,46.2,173,0,0,0,0,0,0,10.799999999999955,6.545403141361257,7992.6
M,298.0,308.7,1479,58.5,176,1,0,0,1,0,0,10.699999999999989,9.059842931937172,10296.0
L,298.0,308.8,1496,44.9,179,0,0,0,0,0,0,10.800000000000011,7.033549738219895,8037.099999999999
M,298.0,308.7,1377,48.5,181,0,0,0,0,0,0,10.699999999999989,6.993141361256544,8778.5
H,297.9,308.5,1383,44.6,184,0,0,0,0,0,0,10.600000000000023,6.45882722513089,8206.4
L,298.0,308.7,1268,69.4,189,1,0,0,1,1,0,10.699999999999989,9.214575916230368,13116.6
L,298.0,308.7,1629,34.3,191,0,0,0,0,0,0,10.699999999999989,5.850753926701571,6551.299999999999
L,298.0,308.8,1790,27.2,193,0,0,0,0,0,0,10.800000000000011,5.098219895287958,5249.599999999999
M,298.1,308.8,2206,16.3,195,0,0,0,0,0,0,10.699999999999989,3.765214659685864,3178.5
M,298.0,308.7,2101,17.4,198,0,0,0,0,0,0,10.699999999999989,3.8279999999999994,3445.2
M,298.0,308.7,1436,48.2,201,0,0,0,0,0,0,10.699999999999989,7.247664921465968,9688.2
L,298.0,308.7,1462,48.2,204,0,0,0,0,0,0,10.699999999999989,7.378890052356022,9832.800000000001
L,298.0,308.7,1771,26.2,206,0,0,0,0,0,0,10.699999999999989,4.858659685863874,5397.2
L,298.0,308.7,1506,47.0,208,0,0,0,0,0,0,10.699999999999989,7.411727748691099,9776.0
L,298.0,308.7,1626,36.7,210,0,0,0,0,0,0,10.699999999999989,6.248607329842932,7707.000000000001
L,298.0,308.8,1610,33.7,212,0,0,0,0,0,0,10.800000000000011,5.681361256544504,7144.400000000001
M,298.0,308.6,1376,55.7,214,0,0,0,0,0,0,10.600000000000023,8.025465968586387,11919.800000000001
M,298.0,308.6,1507,37.3,217,0,0,0,0,0,0,10.600000000000023,5.885979057591623,8094.099999999999
L,298.0,308.5,1429,37.7,220,1,1,0,0,0,0,10.5,5.6411832460732985,8294.0
M,298.1,308.7,1547,38.9,0,0,0,0,0,0,0,10.599999999999966,6.3013926701570675,0.0
L,298.1,308.7,1642,30.3,3,0,0,0,0,0,0,10.599999999999966,5.209696335078534,90.9
H,298.0,308.7,1503,36.3,5,0,0,0,0,0,0,10.699999999999989,5.712973821989528,181.5
L,298.1,308.7,1568,32.9,10,0,0,0,0,0,0,10.599999999999966,5.4018010471204185,329.0
M,298.1,308.8,1628,37.6,12,0,0,0,0,0,0,10.699999999999989,6.409717277486911,451.20000000000005
M,298.2,308.9,1614,35.5,15,0,0,0,0,0,0,10.699999999999989,5.999685863874346,532.5
L,298.2,308.9,1278,54.0,18,0,0,0,0,0,0,10.699999999999989,7.226387434554974,972.0
M,298.2,308.9,1408,38.8,20,0,0,0,0,0,0,10.699999999999989,5.720460732984293,776.0
H,298.2,309.0,1371,55.7,23,0,0,0,0,0,0,10.800000000000011,7.996303664921466,1281.1000000000001
M,298.2,308.9,1512,38.5,28,0,0,0,0,0,0,10.699999999999989,6.095497382198953,1078.0
L,298.3,309.1,1472,40.1,31,0,0,0,0,0,0,10.800000000000011,6.180858638743456,1243.1000000000001
M,298.2,308.9,1585,34.3,33,0,0,0,0,0,0,10.699999999999989,5.692722513089005,1131.8999999999999
H,298.2,309.0,1562,37.7,36,0,0,0,0,0,0,10.800000000000011,6.166219895287958,1357.2
L,298.3,309.0,1519,36.9,41,0,0,0,0,0,0,10.699999999999989,5.869225130890052,1512.8999999999999
L,298.2,309.0,1601,35.8,43,0,0,0,0,0,0,10.800000000000011,6.001654450261779,1539.3999999999999
L,298.2,309.0,2449,13.8,45,0,0,0,0,0,0,10.800000000000011,3.5388691099476444,621.0
L,298.1,309.0,1787,27.6,47,0,0,0,0,0,0,10.899999999999977,5.164523560209425,1297.2
H,298.1,309.1,1425,44.5,49,0,0,0,0,0,0,11.0,6.640052356020942,2180.5
L,298.1,309.0,1559,34.0,54,0,0,0,0,0,0,10.899999999999977,5.550366492146597,1836.0
L,298.1,309.0,1557,36.0,56,0,0,0,0,0,0,10.899999999999977,5.869319371727749,2016.0
L,298.1,309.0,1497,40.5,58,0,0,0,0,0,0,10.899999999999977,6.348534031413613,2349.0
H,298.1,309.0,1438,41.4,60,0,0,0,0,0,0,10.899999999999977,6.233842931937173,2484.0
M,298.1,308.9,1417,39.2,65,0,0,0,0,0,0,10.799999999999955,5.816376963350786,2548.0
M,298.0,308.9,1339,51.4,68,0,0,0,0,0,0,10.899999999999977,7.206764397905758,3495.2
L,298.0,308.8,1757,29.1,71,0,0,0,0,0,0,10.800000000000011,5.353790575916231,2066.1
L,298.0,308.8,1581,36.1,73,0,0,0,0,0,0,10.800000000000011,5.9763455497382205,2635.3
M,298.2,308.9,1326,54.4,75,0,0,0,0,0,0,10.699999999999989,7.553340314136125,4080.0
M,298.4,309.1,1467,39.6,78,0,0,0,0,0,0,10.700000000000045,6.083057591623037,3088.8
L,298.4,309.1,1798,29.6,81,0,0,0,0,0,0,10.700000000000045,5.5728586387434556,2397.6
M,298.5,309.2,1449,46.4,83,0,0,0,0,0,0,10.699999999999989,7.040167539267014,3851.2
M,298.4,309.1,1525,39.3,86,0,0,0,0,0,0,10.700000000000045,6.275654450261779,3379.7999999999997
L,298.4,309.0,2304,15.1,89,0,0,0,0,0,0,10.600000000000023,3.642973821989529,1343.8999999999999
L,298.3,308.9,1379,54.7,91,0,0,0,0,0,0,10.599999999999966,7.898565445026178,4977.7
L,298.4,308.9,1628,34.9,93,0,0,0,0,0,0,10.5,5.94944502617801,3245.7
L,298.4,309.0,1474,52.7,95,0,0,0,0,0,0,10.600000000000023,8.134010471204189,5006.5
M,298.4,309.0,1544,38.8,97,0,0,0,0,0,0,10.600000000000023,6.273005235602094,3763.6
L,298.4,308.9,1391,48.4,100,0,0,0,0,0,0,10.5,7.0496753926701565,4840.0
L,298.3,308.9,1348,55.5,102,0,0,0,0,0,0,10.599999999999966,7.833926701570681,5661.0
M,298.3,308.8,1349,52.1,104,0,0,0,0,0,0,10.5,7.359465968586388,5418.400000000001
L,298.4,308.9,1706,29.5,107,0,0,0,0,0,0,10.5,5.2698429319371725,3156.5
L,298.4,308.9,1638,32.4,109,0,0,0,0,0,0,10.5,5.557193717277487,3531.6
L,298.4,308.8,1458,40.1,111,0,0,0,0,0,0,10.400000000000034,6.12207329842932,4451.1
L,298.5,308.9,1781,27.8,113,0,0,0,0,0,0,10.399999999999977,5.184481675392671,3141.4
L,298.5,308.8,1332,59.1,115,0,0,0,0,0,0,10.300000000000011,8.243057591623037,6796.5
M,298.4,308.7,1584,31.7,117,0,0,0,0,0,0,10.300000000000011,5.2578848167539265,3708.9
L,298.4,308.6,1491,42.0,120,0,0,0,0,0,0,10.200000000000045,6.557277486910995,5040.0
H,298.4,308.5,1398,47.1,122,0,0,0,0,0,0,10.100000000000023,6.894848167539267,5746.2
L,298.3,308.4,1585,30.6,127,0,0,0,0,0,0,10.099999999999966,5.078638743455498,3886.2000000000003
M,298.2,308.3,1476,43.5,129,0,0,0,0,0,0,10.100000000000023,6.723141361256545,5611.5
L,298.2,308.3,1458,41.8,132,0,0,0,0,0,0,10.100000000000023,6.3816125654450255,5517.599999999999
M,298.2,308.4,1510,39.9,134,0,0,0,0,0,0,10.199999999999989,6.3087958115183245,5346.599999999999
L,298.2,308.4,1388,53.8,137,0,0,0,0,0,0,10.199999999999989,7.819308900523559,7370.599999999999
L,298.2,308.3,2216,16.8,139,0,0,0,0,0,0,10.100000000000023,3.898303664921466,2335.2000000000003
L,298.2,308.3,1402,51.0,141,0,0,0,0,0,0,10.100000000000023,7.487120418848168,7191.0
M,298.0,308.2,2090,19.0,143,0,0,0,0,0,0,10.199999999999989,4.158115183246073,2717.0
L,298.0,308.2,1459,42.1,146,0,0,0,0,0,0,10.199999999999989,6.431821989528796,6146.6
M,298.0,308.1,1403,44.8,148,0,0,0,0,0,0,10.100000000000023,6.581612565445026,6630.4
L,298.1,308.2,1521,39.3,151,0,0,0,0,0,0,10.099999999999966,6.259193717277486,5934.299999999999
L,298.2,308.2,1407,47.1,153,0,0,0,0,0,0,10.0,6.93923560209424,7206.3
M,298.1,308.2,1654,35.3,155,0,0,0,0,0,0,10.099999999999966,6.113738219895287,5471.5
L,298.2,308.4,1452,43.5,158,0,0,0,0,0,0,10.199999999999989,6.6138219895287955,6873.0
L,298.3,308.4,1528,37.3,160,0,0,0,0,0,0,10.099999999999966,5.967999999999999,5968.0
L,298.2,308.3,1230,59.6,162,0,0,0,0,0,0,10.100000000000023,7.676230366492146,9655.2
L,298.2,308.2,1466,42.4,164,0,0,0,0,0,0,10.0,6.508732984293194,6953.599999999999
L,298.2,308.2,1478,50.1,166,0,0,0,0,0,0,10.0,7.753696335078534,8316.6
L,298.2,308.3,2057,18.0,168,0,0,0,0,0,0,10.100000000000023,3.877068062827225,3024.0
L,298.3,308.4,1490,41.7,170,0,0,0,0,0,0,10.099999999999966,6.50607329842932,7089.000000000001
L,298.3,308.4,1484,43.4,172,0,0,0,0,0,0,10.099999999999966,6.744041884816753,7464.8
L,298.3,308.4,1593,37.0,174,0,0,0,0,0,0,10.099999999999966,6.171832460732984,6438.0
L,298.3,308.3,1444,43.8,176,0,0,0,0,0,0,10.0,6.622743455497382,7708.799999999999
M,298.3,308.4,1444,47.5,178,0,0,0,0,0,0,10.099999999999966,7.182198952879581,8455.0
M,298.2,308.3,1560,33.0,181,0,0,0,0,0,0,10.100000000000023,5.390575916230366,5973.0
H,298.1,308.3,1530,42.0,184,0,0,0,0,0,0,10.199999999999989,6.728795811518324,7728.0
L,298.2,308.4,1310,61.0,189,1,0,0,0,1,0,10.199999999999989,8.367539267015706,11529.0
M,298.2,308.3,1639,33.3,191,0,0,0,0,0,0,10.100000000000023,5.7150471204188475,6360.299999999999
L,298.2,308.3,1400,48.7,194,0,0,0,0,0,0,10.100000000000023,7.139267015706806,9447.800000000001
M,298.3,308.4,1486,44.2,196,0,0,0,0,0,0,10.099999999999966,6.877612565445026,8663.2
M,298.2,308.3,1448,43.3,199,0,0,0,0,0,0,10.100000000000023,6.565277486910994,8616.699999999999
L,298.2,308.3,1688,32.0,202,0,0,0,0,0,0,10.100000000000023,5.656125654450261,6464.0
M,298.1,308.3,1453,41.5,204,0,0,0,0,0,0,10.199999999999989,6.314083769633508,8466.0
L,298.2,308.4,1497,37.7,207,0,0,0,0,0,0,10.199999999999989,5.909623036649215,7803.900000000001
L,298.2,308.4,1355,49.4,209,0,0,0,0,0,0,10.199999999999989,7.009109947643979,10324.6
L,298.1,308.4,1592,38.2,211,0,0,0,0,0,0,10.299999999999955,6.368,8060.200000000001
L,298.0,308.3,1544,34.7,213,0,0,0,0,0,0,10.300000000000011,5.61013612565445,7391.1
M,298.0,308.2,1373,51.2,215,0,0,0,0,0,0,10.199999999999989,7.361005235602095,11008.0
L,298.0,308.2,1365,52.9,218,1,0,0,0,1,0,10.199999999999989,7.56109947643979,11532.199999999999
L,298.0,308.1,1877,24.3,0,0,0,0,0,0,0,10.100000000000023,4.776031413612565,0.0
L,297.9,308.1,1531,40.8,2,0,0,0,0,0,0,10.200000000000045,6.540816753926701,81.6
L,297.9,308.0,1501,36.7,4,0,0,0,0,0,0,10.100000000000023,5.768240837696336,146.8
L,297.9,308.0,1490,46.2,6,0,0,0,0,0,0,10.100000000000023,7.2081675392670155,277.20000000000005
M,297.8,307.8,1543,43.7,8,0,0,0,0,0,0,10.0,7.060638743455498,349.6
L,297.8,307.8,1597,38.2,11,0,0,0,0,0,0,10.0,6.388,420.20000000000005
H,297.8,307.9,1600,33.5,13,0,0,0,0,0,0,10.099999999999966,5.612565445026178,435.5
M,297.8,307.8,1622,32.1,18,0,0,0,0,0,0,10.0,5.451958115183246,577.8000000000001
L,297.8,307.8,1452,39.8,21,0,0,0,0,0,0,10.0,6.051267015706806,835.8
L,297.8,307.8,1396,42.5,23,0,0,0,0,0,0,10.0,6.212565445026178,977.5
L,297.8,307.7,1505,39.7,25,0,0,0,0,0,0,9.899999999999977,6.256387434554974,992.5000000000001
L,297.8,307.8,1412,48.3,27,0,0,0,0,0,0,10.0,7.1413193717277474,1304.1
L,297.8,307.7,1393,38.0,29,0,0,0,0,0,0,9.899999999999977,5.54282722513089,1102.0
L,297.7,307.7,1581,34.9,31,0,0,0,0,0,0,10.0,5.777685863874345,1081.8999999999999
L,297.8,307.8,1573,37.9,33,0,0,0,0,0,0,10.0,6.242586387434555,1250.7
M,297.8,307.9,1726,27.3,35,0,0,0,0,0,0,10.099999999999966,4.934010471204189,955.5
M,297.9,307.9,1540,39.8,38,0,0,0,0,0,0,10.0,6.418010471204187,1512.3999999999999
L,297.9,308.0,1296,62.9,41,0,0,0,0,0,0,10.100000000000023,8.535958115183245,2578.9
M,297.8,307.9,1802,25.8,43,0,0,0,0,0,0,10.099999999999966,4.8682303664921465,1109.4
L,297.8,307.9,1447,48.6,46,0,0,0,0,0,0,10.099999999999966,7.36379057591623,2235.6
H,297.8,307.8,1662,30.7,48,0,0,0,0,0,0,10.0,5.34276439790576,1473.6
L,297.8,307.8,1563,34.3,53,0,0,0,0,0,0,10.0,5.613706806282722,1817.8999999999999
L,297.9,307.8,1286,59.5,55,0,0,0,0,0,0,9.900000000000034,8.012251308900524,3272.5
L,297.9,307.7,1590,34.6,57,0,0,0,0,0,0,9.800000000000011,5.760628272251309,1972.2
L,297.9,307.7,1492,43.7,59,0,0,0,0,0,0,9.800000000000011,6.8272670157068065,2578.3
L,297.7,307.6,1844,21.9,61,0,0,0,0,0,0,9.900000000000034,4.2286492146596855,1335.8999999999999
H,297.7,307.6,1538,38.3,63,0,0,0,0,0,0,9.900000000000034,6.168104712041885,2412.8999999999996
L,297.7,307.6,1921,22.9,68,0,0,0,0,0,0,9.900000000000034,4.606376963350785,1557.1999999999998
M,297.8,307.8,1310,57.9,70,0,0,0,0,0,0,10.0,7.942303664921466,4053.0
L,297.9,307.8,1365,46.9,73,0,0,0,0,0,0,9.900000000000034,6.703507853403141,3423.7
M,297.9,307.8,1303,59.3,75,0,0,0,0,0,0,9.900000000000034,8.090879581151832,4447.5
L,297.9,307.8,1499,37.5,78,0,0,0,0,0,0,9.900000000000034,5.886125654450262,2925.0
L,297.9,307.8,1451,38.2,80,0,0,0,0,0,0,9.900000000000034,5.804,3056.0
M,297.9,307.9,1336,54.4,82,0,0,0,0,0,0,10.0,7.6103036649214655,4460.8
L,297.9,307.9,1412,44.5,85,0,0,0,0,0,0,10.0,6.579476439790576,3782.5
L,298.0,308.0,1433,39.2,87,0,0,0,0,0,0,10.0,5.882052356020943,3410.4
L,297.9,307.9,1426,43.6,89,0,0,0,0,0,0,10.0,6.510324607329843,3880.4
L,297.9,307.9,1476,45.2,91,0,0,0,0,0,0,10.0,6.985884816753926,4113.2
H,297.9,307.9,1406,58.5,93,0,0,0,0,0,0,10.0,8.612670157068063,5440.5
L,297.8,307.8,1383,56.5,98,0,0,0,0,0,0,10.0,8.182146596858638,5537.0
L,297.9,307.8,1505,37.3,100,0,0,0,0,0,0,9.900000000000034,5.8781675392670145,3729.9999999999995
L,297.9,307.8,1665,33.9,102,0,0,0,0,0,0,9.900000000000034,5.910314136125654,3457.7999999999997
L,297.9,307.8,1397,45.0,104,0,0,0,0,0,0,9.900000000000034,6.5827225130890055,4680.0
M,297.9,307.8,1450,43.5,106,0,0,0,0,0,0,9.900000000000034,6.604712041884817,4611.0
L,298.0,307.8,1567,36.4,109,0,0,0,0,0,0,9.800000000000011,5.972649214659685,3967.6
M,298.0,308.0,1555,37.0,111,0,0,0,0,0,0,10.0,6.024607329842932,4107.0
H,298.0,307.8,1588,35.4,114,0,0,0,0,0,0,9.800000000000011,5.886408376963351,4035.6
L,298.0,307.8,1453,37.7,119,0,0,0,0,0,0,9.800000000000011,5.735926701570682,4486.3
L,298.0,307.8,1622,33.3,121,0,0,0,0,0,0,9.800000000000011,5.6557696335078536,4029.2999999999997
L,297.9,307.8,1538,38.5,123,0,0,0,0,0,0,9.900000000000034,6.200314136125654,4735.5
M,297.9,307.7,1527,42.8,125,0,0,0,0,0,0,9.800000000000011,6.84351832460733,5350.0
L,297.8,307.8,1761,28.9,128,0,0,0,0,0,0,10.0,5.32909947643979,3699.2
L,297.9,307.8,1373,50.2,130,0,0,0,0,0,0,9.900000000000034,7.217235602094242,6526.0
H,298.0,307.9,1482,37.8,132,0,0,0,0,0,0,9.899999999999977,5.865926701570681,4989.599999999999
M,298.0,307.9,1417,51.0,137,0,0,0,0,0,0,9.899999999999977,7.567225130890052,6987.0
L,298.0,307.8,1414,51.7,140,0,0,0,0,0,0,9.800000000000011,7.654848167539267,7238.0
H,297.9,307.8,1635,34.0,142,0,0,0,0,0,0,9.900000000000034,5.820942408376963,4828.0
L,298.0,307.8,1386,57.3,147,0,0,0,0,0,0,9.800000000000011,8.316,8423.1
L,298.2,308.1,1379,62.3,149,0,0,0,0,0,0,9.900000000000034,8.99598952879581,9282.699999999999
M,298.2,308.0,1577,35.9,151,0,0,0,0,0,0,9.800000000000011,5.928198952879581,5420.9
L,298.2,308.1,1532,42.5,154,0,0,0,0,0,0,9.900000000000034,6.817801047120419,6545.0
M,298.1,308.0,1374,48.8,156,0,0,0,0,0,0,9.899999999999977,7.021068062827225,7612.799999999999
H,298.1,308.0,1570,35.3,159,0,0,0,0,0,0,9.899999999999977,5.803246073298428,5612.7
L,298.1,308.0,1697,31.0,164,0,0,0,0,0,0,9.899999999999977,5.508586387434555,5084.0
L,298.2,308.0,1499,44.1,166,0,0,0,0,0,0,9.800000000000011,6.922083769633509,7320.6
M,298.2,308.0,1411,47.2,168,0,0,0,0,0,0,9.800000000000011,6.973738219895288,7929.6
H,298.2,307.9,1462,45.5,171,0,0,0,0,0,0,9.699999999999989,6.965549738219895,7780.5
M,298.1,307.9,1759,28.6,176,0,0,0,0,0,0,9.799999999999955,5.267790575916231,5033.6
L,298.2,308.0,1535,38.0,179,0,0,0,0,0,0,9.800000000000011,6.107853403141362,6802.0
H,298.2,307.9,1491,39.7,181,0,0,0,0,0,0,9.699999999999989,6.198188481675393,7185.700000000001
L,298.2,307.9,1551,36.0,186,0,0,0,0,0,0,9.699999999999989,5.8467015706806285,6696.0
L,298.2,307.9,1769,27.2,188,0,0,0,0,0,0,9.699999999999989,5.038408376963351,5113.599999999999
L,298.2,307.9,1551,34.1,190,0,0,0,0,0,0,9.699999999999989,5.538125654450262,6479.0
L,298.2,307.9,1544,31.4,192,0,0,0,0,0,0,9.699999999999989,5.076607329842932,6028.799999999999
L,298.2,307.8,1528,31.1,194,0,0,0,0,0,0,9.600000000000023,4.976,6033.400000000001
L,298.1,307.9,1614,35.8,196,0,0,0,0,0,0,9.799999999999955,6.050387434554973,7016.799999999999
L,298.1,307.8,1432,49.8,198,0,0,0,0,0,0,9.699999999999989,7.467392670157067,9860.4
M,298.1,307.8,1384,43.7,200,0,0,0,0,0,0,9.699999999999989,6.333068062827225,8740.0
L,298.1,307.8,1540,37.8,203,0,0,0,0,0,0,9.699999999999989,6.095497382198952,7673.4
L,298.0,307.7,1407,43.9,205,0,0,0,0,0,0,9.699999999999989,6.467780104712041,8999.5
H,297.9,307.6,1418,43.0,207,0,0,0,0,0,0,9.700000000000045,6.384712041884817,8901.0
M,297.9,307.5,1647,30.8,212,0,0,0,0,0,0,9.600000000000023,5.3117905759162305,6529.6
L,298.0,307.5,1644,32.8,215,0,0,0,0,0,0,9.5,5.64640837696335,7051.999999999999
L,298.0,307.5,1792,27.9,217,0,0,0,0,0,0,9.5,5.235267015706806,6054.299999999999
M,297.9,307.4,1610,34.6,219,0,0,0,0,0,0,9.5,5.833089005235602,7577.400000000001
M,297.8,307.3,1804,26.0,222,0,0,0,0,0,0,9.5,4.911413612565445,5772.0
H,297.9,307.4,1604,36.1,225,1,1,0,0,0,0,9.5,6.0632879581151835,8122.5
M,297.9,307.4,1403,52.8,0,0,0,0,0,0,0,9.5,7.756900523560208,0.0
L,297.8,307.3,1438,44.5,3,0,0,0,0,0,0,9.5,6.700628272251309,133.5
L,297.9,307.3,1824,26.3,5,0,0,0,0,0,0,9.400000000000034,5.023162303664922,131.5
H,297.9,307.3,1663,28.7,7,0,0,0,0,0,0,9.400000000000034,4.997706806282722,200.9
L,297.9,307.3,1502,36.7,12,0,0,0,0,0,0,9.400000000000034,5.772083769633508,440.40000000000003
L,297.9,307.4,1606,35.5,14,0,0,0,0,0,0,9.5,5.969947643979058,497.0
L,297.9,307.5,1561,37.7,16,0,0,0,0,0,0,9.600000000000023,6.1622722513089006,603.2
M,297.9,307.4,1435,42.9,18,0,0,0,0,0,0,9.5,6.446230366492147,772.1999999999999
L,297.9,307.5,1602,38.3,21,0,0,0,0,0,0,9.600000000000023,6.424774869109948,804.3
M,298.1,307.6,1764,27.7,23,0,0,0,0,0,0,9.5,5.116523560209424,637.1
H,298.0,307.5,1683,27.8,26,0,0,0,0,0,0,9.5,4.899204188481676,722.8000000000001
L,298.0,307.5,1618,35.2,31,0,0,0,0,0,0,9.5,5.9637277486911,1091.2
L,298.0,307.6,1509,41.6,33,0,0,0,0,0,0,9.600000000000023,6.573235602094241,1372.8
L,297.9,307.6,1550,39.0,35,0,0,0,0,0,0,9.700000000000045,6.329842931937173,1365.0
M,297.9,307.6,1519,44.0,37,0,0,0,0,0,0,9.700000000000045,6.998534031413612,1628.0
L,297.9,307.6,1481,38.0,40,0,0,0,0,0,0,9.700000000000045,5.8929842931937175,1520.0
L,298.1,307.7,1289,48.3,42,0,0,0,0,0,0,9.599999999999966,6.51923560209424,2028.6
M,298.0,307.6,1844,23.8,44,0,0,0,0,0,0,9.600000000000023,4.595518324607331,1047.2
L,298.0,307.7,1479,42.5,47,0,0,0,0,0,0,9.699999999999989,6.581937172774869,1997.5
L,298.0,307.7,1430,47.3,49,0,0,0,0,0,0,9.699999999999989,7.08261780104712,2317.7
M,298.1,307.8,1636,36.7,51,0,0,0,0,0,0,9.699999999999989,6.28703664921466,1871.7
M,298.1,307.8,1503,44.7,54,0,0,0,0,0,0,9.699999999999989,7.034984293193718,2413.8
M,298.1,307.8,1608,32.6,57,0,0,0,0,0,0,9.699999999999989,5.489089005235602,1858.2
L,298.2,307.8,1521,42.9,60,0,0,0,0,0,0,9.600000000000023,6.832554973821989,2574.0
L,298.2,307.8,1439,41.6,62,0,0,0,0,0,0,9.600000000000023,6.268314136125655,2579.2000000000003
L,298.2,307.8,1627,31.5,64,0,0,0,0,0,0,9.600000000000023,5.366544502617801,2016.0
L,298.2,307.8,1749,26.1,66,0,0,0,0,0,0,9.600000000000023,4.779989528795812,1722.6000000000001
L,298.2,307.8,1530,35.9,68,0,0,0,0,0,0,9.600000000000023,5.75151832460733,2441.2
L,298.2,307.8,1355,51.3,70,0,0,0,0,0,0,9.600000000000023,7.27869109947644,3591.0
L,298.3,307.9,1551,33.8,72,0,0,0,0,0,0,9.599999999999966,5.489403141361256,2433.6
L,298.2,307.8,1515,46.7,74,0,0,0,0,0,0,9.600000000000023,7.408429319371728,3455.8
L,298.2,307.8,1388,48.6,76,0,0,0,0,0,0,9.600000000000023,7.063539267015707,3693.6
L,298.2,307.8,1585,34.6,78,0,0,0,0,0,0,9.600000000000023,5.742513089005236,2698.8
L,298.1,307.7,1523,37.7,80,0,0,0,0,0,0,9.599999999999966,6.012261780104713,3016.0
L,298.2,307.6,1369,54.5,82,0,0,0,0,0,0,9.400000000000034,7.812617801047121,4469.0
M,298.2,307.7,1681,31.0,84,0,0,0,0,0,0,9.5,5.456649214659686,2604.0
L,298.2,307.7,1503,38.3,87,0,0,0,0,0,0,9.5,6.027738219895287,3332.1
L,298.2,307.7,1459,44.5,89,0,0,0,0,0,0,9.5,6.7984816753926705,3960.5
L,298.2,307.7,1688,32.4,91,0,0,0,0,0,0,9.5,5.72682722513089,2948.4
M,298.2,307.7,1952,21.6,93,0,0,0,0,0,0,9.5,4.414994764397906,2008.8000000000002
L,298.2,307.8,2029,19.9,96,0,0,0,0,0,0,9.600000000000023,4.227968586387434,1910.3999999999999
M,298.3,307.8,1457,52.5,98,0,0,0,0,0,0,9.5,8.009685863874346,5145.0
M,298.3,307.8,1392,50.4,101,0,0,0,0,0,0,9.5,7.3462617801047125,5090.4
L,298.3,307.8,1906,22.1,104,0,0,0,0,0,0,9.5,4.410743455497383,2298.4
M,298.3,307.7,1602,33.4,106,0,0,0,0,0,0,9.399999999999977,5.602806282722512,3540.3999999999996
L,298.3,307.7,1465,49.4,109,0,0,0,0,0,0,9.399999999999977,7.578115183246073,5384.599999999999
M,298.3,307.7,1439,43.8,111,0,0,0,0,0,0,9.399999999999977,6.599811518324607,4861.799999999999
M,298.3,307.8,1330,55.4,114,0,0,0,0,0,0,9.5,7.715392670157068,6315.599999999999
M,298.3,307.9,1485,42.0,117,0,0,0,0,0,0,9.599999999999966,6.530890052356021,4914.0
H,298.4,307.9,1700,28.2,120,0,0,0,0,0,0,9.5,5.019895287958115,3384.0
L,298.4,308.0,1515,42.8,125,0,0,0,0,0,0,9.600000000000023,6.789738219895288,5350.0
M,298.5,308.1,1501,39.2,127,0,0,0,0,0,0,9.600000000000023,6.161172774869111,4978.400000000001
L,298.4,308.0,1380,47.6,130,0,0,0,0,0,0,9.600000000000023,6.8783246073298425,6188.0
L,298.4,307.9,1544,35.9,132,0,0,0,0,0,0,9.5,5.804146596858638,4738.8
L,298.4,307.9,1743,27.3,134,0,0,0,0,0,0,9.5,4.982607329842932,3658.2000000000003
H,298.4,307.9,1948,21.4,136,0,0,0,0,0,0,9.5,4.365151832460732,2910.3999999999996
H,298.5,307.9,1260,54.2,141,0,0,0,0,0,0,9.399999999999977,7.150994764397906,7642.200000000001
M,298.5,307.9,1640,33.1,146,0,0,0,0,0,0,9.399999999999977,5.684188481675393,4832.6
M,298.5,308.0,1363,49.2,149,0,0,0,0,0,0,9.5,7.0219476439790585,7330.8
L,298.5,308.0,1379,49.6,152,0,0,0,0,0,0,9.5,7.162136125654452,7539.2
M,298.5,308.0,1713,25.8,154,0,0,0,0,0,0,9.5,4.62779057591623,3973.2000000000003
M,298.5,308.0,1461,51.9,157,0,0,0,0,0,0,9.5,7.939884816753926,8148.3
L,298.5,308.0,1624,29.8,160,0,0,0,0,0,0,9.5,5.067560209424085,4768.0
L,298.4,308.0,1526,41.1,162,0,0,0,0,0,0,9.600000000000023,6.5673926701570675,6658.2
L,298.4,307.9,2381,14.2,164,0,0,0,0,0,0,9.5,3.540335078534031,2328.7999999999997
H,298.4,307.7,1626,31.1,166,0,0,0,0,0,1,9.300000000000011,5.295141361256545,5162.6
L,298.3,307.7,1576,33.8,171,0,0,0,0,0,0,9.399999999999977,5.577884816753926,5779.799999999999
M,298.4,307.8,1617,31.6,173,0,0,0,0,0,0,9.400000000000034,5.350492146596859,5466.8
L,298.3,307.6,1942,20.6,176,0,0,0,0,0,0,9.300000000000011,4.189026178010471,3625.6000000000004
L,298.2,307.6,1492,37.2,178,0,0,0,0,0,0,9.400000000000034,5.811769633507853,6621.6
L,298.2,307.5,1470,51.3,180,0,0,0,0,0,0,9.300000000000011,7.896439790575916,9234.0
M,298.0,307.4,1463,46.5,182,0,0,0,0,0,0,9.399999999999977,7.123507853403141,8463.0
L,298.0,307.3,1424,46.5,185,0,0,0,0,0,0,9.300000000000011,6.933612565445026,8602.5
M,298.1,307.4,1363,60.1,187,0,0,0,0,0,0,9.299999999999955,8.577623036649214,11238.7
M,298.1,307.4,1335,56.2,190,0,0,0,0,0,0,9.299999999999955,7.856230366492147,10678.0
L,298.1,307.4,1608,33.9,193,0,0,0,0,0,0,9.299999999999955,5.707979057591623,6542.7
H,298.0,307.4,1606,35.2,195,0,0,0,0,0,0,9.399999999999977,5.919497382198953,6864.000000000001
L,298.1,307.5,1684,33.1,200,0,0,0,0,0,0,9.399999999999977,5.83669109947644,6620.0
L,298.1,307.6,1950,20.3,202,0,0,0,0,0,0,9.5,4.145026178010471,4100.6
H,298.2,307.6,1460,48.6,204,0,0,0,0,0,0,9.400000000000034,7.429947643979058,9914.4
L,298.2,307.6,1511,31.0,209,1,1,0,0,0,0,9.400000000000034,4.904816753926702,6479.0
H,298.2,307.6,1318,55.7,0,0,0,0,0,0,0,9.400000000000034,7.687183246073299,0.0
L,298.2,307.6,1368,51.8,5,0,0,0,0,0,0,9.400000000000034,7.420146596858638,259.0
M,298.3,307.7,1717,27.1,7,0,0,0,0,0,0,9.399999999999977,4.872324607329843,189.70000000000002
M,298.3,307.7,1520,41.4,10,0,0,0,0,0,0,9.399999999999977,6.589319371727749,414.0
M,298.3,307.8,1485,42.0,13,0,0,0,0,0,0,9.5,6.530890052356021,546.0
L,298.4,307.9,1981,23.2,16,0,0,0,0,0,0,9.5,4.81248167539267,371.2
H,298.4,307.9,1605,31.0,18,0,0,0,0,0,0,9.5,5.209947643979057,558.0
L,298.4,307.9,1446,45.3,23,0,0,0,0,0,0,9.5,6.8590366492146595,1041.8999999999999
L,298.4,308.0,1508,47.9,25,0,0,0,0,0,0,9.600000000000023,7.563685863874345,1197.5
L,298.5,308.0,1384,59.5,27,0,0,0,0,0,0,9.5,8.62282722513089,1606.5
M,298.5,308.0,1519,37.3,29,0,0,0,0,0,0,9.5,5.932848167539267,1081.6999999999998
L,298.5,308.0,1404,48.1,32,0,0,0,0,0,0,9.5,7.0714554973822,1539.2
L,298.5,308.1,1564,31.1,34,0,0,0,0,0,0,9.600000000000023,5.093235602094241,1057.4
H,298.6,308.2,1555,36.8,36,0,0,0,0,0,0,9.599999999999966,5.992041884816754,1324.8
L,298.6,308.2,1325,54.0,41,0,0,0,0,0,0,9.599999999999966,7.492146596858639,2214.0
M,298.6,308.2,1488,44.0,43,0,0,0,0,0,0,9.599999999999966,6.855706806282723,1892.0
L,298.5,308.2,1595,32.3,46,0,0,0,0,0,0,9.699999999999989,5.394607329842931,1485.8
L,298.5,308.1,1662,28.6,48,0,0,0,0,0,0,9.600000000000023,4.977298429319372,1372.8000000000002
L,298.4,308.0,1571,37.4,50,0,0,0,0,0,0,9.600000000000023,6.152397905759162,1870.0
H,298.3,308.0,1553,41.0,52,0,0,0,0,0,0,9.699999999999989,6.667329842931937,2132.0
L,298.3,308.0,2886,3.8,57,1,0,0,1,0,0,9.699999999999989,1.1483560209424084,216.6
L,298.2,308.0,1538,38.2,59,0,0,0,0,0,0,9.800000000000011,6.152000000000001,2253.8
L,298.4,308.2,1618,33.0,61,0,0,0,0,0,0,9.800000000000011,5.590994764397906,2013.0
L,298.4,308.2,1364,45.9,63,0,0,0,0,0,0,9.800000000000011,6.555769633507853,2891.7
L,298.3,308.0,1442,47.3,65,0,0,0,0,0,0,9.699999999999989,7.142052356020941,3074.5
L,298.2,307.9,1313,67.3,67,1,0,0,1,0,0,9.699999999999989,9.252869109947643,4509.099999999999
L,298.2,307.9,1847,23.6,69,0,0,0,0,0,0,9.699999999999989,4.564314136125655,1628.4
L,298.1,307.8,1524,40.8,71,0,0,0,0,0,0,9.699999999999989,6.510910994764398,2896.7999999999997
M,298.1,307.7,1445,48.0,73,0,0,0,0,0,0,9.599999999999966,7.26282722513089,3504.0
L,298.1,307.8,1761,28.2,76,0,0,0,0,0,0,9.699999999999989,5.2000209424083765,2143.2
M,298.1,307.8,1514,43.5,78,0,0,0,0,0,0,9.699999999999989,6.896230366492147,3393.0
M,298.1,307.7,1498,38.3,81,0,0,0,0,0,0,9.599999999999966,6.007685863874345,3102.2999999999997
H,298.1,307.6,1542,37.1,84,0,0,0,0,0,0,9.5,5.990387434554974,3116.4
M,298.0,307.6,1508,41.8,89,0,0,0,0,0,0,9.600000000000023,6.600460732984293,3720.2
M,298.0,307.5,1431,52.9,92,0,0,0,0,0,0,9.5,7.9266910994764395,4866.8
M,298.0,307.5,1427,45.1,95,0,0,0,0,0,0,9.5,6.739026178010472,4284.5
M,298.0,307.5,1524,36.3,98,0,0,0,0,0,0,9.5,5.7927958115183245,3557.3999999999996
M,298.0,307.5,1427,43.6,101,0,0,0,0,0,0,9.5,6.514890052356021,4403.6
H,298.1,307.6,1496,44.1,104,0,0,0,0,0,0,9.5,6.908230366492147,4586.400000000001
L,298.1,307.7,1388,40.3,109,0,0,0,0,0,0,9.599999999999966,5.857214659685863,4392.7
L,298.1,307.7,1495,48.1,111,0,0,0,0,0,0,9.599999999999966,7.5297905759162305,5339.1
H,298.1,307.7,1376,56.2,113,0,0,0,0,0,0,9.599999999999966,8.09750785340314,6350.6
H,298.0,307.6,1593,32.2,118,0,0,0,0,0,0,9.600000000000023,5.371162303664922,3799.6000000000004
L,298.0,307.6,1654,28.9,123,0,0,0,0,0,0,9.600000000000023,5.005298429319372,3554.7
L,298.1,307.7,2567,12.8,125,1,0,0,1,0,0,9.599999999999966,3.440586387434555,1600.0
L,298.1,307.7,1767,27.0,127,0,0,0,0,0,0,9.599999999999966,4.995706806282723,3429.0
L,298.1,307.6,1364,53.8,129,0,0,0,0,0,0,9.5,7.684104712041885,6940.2
M,298.1,307.8,1569,31.2,131,0,0,0,0,0,0,9.699999999999989,5.125947643979057,4087.2
L,298.2,307.8,1476,36.8,134,0,0,0,0,0,0,9.600000000000023,5.687623036649214,4931.2
L,298.1,307.7,1479,45.0,136,0,0,0,0,0,0,9.599999999999966,6.969109947643979,6120.0
L,298.1,307.7,1650,34.1,138,0,0,0,0,0,0,9.599999999999966,5.891623036649214,4705.8
M,298.1,307.6,1565,36.3,140,0,0,0,0,0,0,9.5,5.948638743455497,5082.0
L,298.1,307.6,1460,46.5,143,0,0,0,0,0,0,9.5,7.10890052356021,6649.5
L,298.1,307.7,1664,27.6,145,0,0,0,0,0,0,9.599999999999966,4.809047120418849,4002.0
M,298.1,307.7,1435,40.9,147,0,0,0,0,0,0,9.599999999999966,6.145706806282723,6012.3
M,298.1,307.6,2066,19.2,150,0,0,0,0,0,0,9.5,4.153633507853403,2880.0
L,298.1,307.5,1493,43.7,153,0,0,0,0,0,0,9.399999999999977,6.831842931937174,6686.1
L,298.1,307.6,1354,43.3,155,0,0,0,0,0,0,9.5,6.139078534031413,6711.5
L,298.1,307.6,1488,39.4,157,0,0,0,0,0,0,9.5,6.138973821989529,6185.8
L,298.1,307.7,1414,48.7,159,0,0,0,0,0,0,9.599999999999966,7.210659685863875,7743.3
L,298.1,307.5,1391,57.4,161,0,0,0,0,0,0,9.399999999999977,8.360565445026177,9241.4
M,298.0,307.5,1784,27.8,163,0,0,0,0,0,0,9.5,5.193214659685864,4531.400000000001
H,297.8,307.3,1516,40.1,166,0,0,0,0,0,0,9.5,6.365612565445026,6656.6
M,297.9,307.3,1420,47.8,171,0,0,0,0,0,0,9.400000000000034,7.107434554973822,8173.799999999999
L,297.8,307.2,1351,56.3,174,0,0,0,0,0,0,9.399999999999977,7.964534031413613,9796.199999999999
L,297.8,307.2,1880,23.0,176,0,0,0,0,0,0,9.399999999999977,4.527748691099476,4048.0
L,297.8,307.3,1859,24.0,178,0,0,0,0,0,0,9.5,4.671832460732984,4272.0
M,297.8,307.3,1315,54.0,180,0,0,0,0,0,0,9.5,7.435602094240838,9720.0
M,297.8,307.4,1330,51.7,183,0,0,0,0,0,0,9.599999999999966,7.200104712041885,9461.1
L,297.8,307.3,1327,61.0,186,1,0,0,0,1,0,9.5,8.476125654450263,11346.0
L,297.8,307.2,1498,38.1,188,0,0,0,0,0,0,9.399999999999977,5.976314136125655,7162.8
H,297.8,307.3,1555,35.8,190,0,0,0,0,0,0,9.5,5.829214659685863,6801.999999999999
L,297.7,307.2,1518,35.8,195,0,0,0,0,0,0,9.5,5.690513089005235,6980.999999999999
L,297.7,307.2,1392,43.0,197,0,0,0,0,0,0,9.5,6.267643979057592,8471.0
M,297.8,307.2,1456,39.6,199,0,0,0,0,0,0,9.399999999999977,6.03744502617801,7880.400000000001
L,297.7,307.1,1715,30.2,0,0,0,0,0,0,0,9.400000000000034,5.423350785340314,0.0
M,297.7,307.2,1405,43.7,2,0,0,0,0,0,0,9.5,6.429162303664922,87.4
L,297.7,307.2,1668,37.8,5,0,0,0,0,0,0,9.5,6.602136125654449,189.0
H,297.7,307.1,1855,22.5,7,0,0,0,0,0,0,9.400000000000034,4.37041884816754,157.5
L,297.6,307.1,1496,39.2,12,0,0,0,0,0,0,9.5,6.140649214659686,470.40000000000003
M,297.6,307.1,1471,44.9,14,0,0,0,0,0,0,9.5,6.916010471204188,628.6
L,297.7,307.2,1444,40.0,17,0,0,0,0,0,0,9.5,6.048167539267015,680.0
H,297.7,307.3,1514,38.6,19,0,0,0,0,0,0,9.600000000000023,6.119413612565445,733.4
L,297.8,307.3,1412,50.7,24,0,0,0,0,0,0,9.5,7.496167539267017,1216.8000000000002
H,297.7,307.2,1429,44.1,26,0,0,0,0,0,0,9.5,6.598837696335079,1146.6000000000001
L,297.7,307.2,1668,32.7,31,0,0,0,0,0,0,9.5,5.711371727748691,1013.7
M,297.7,307.2,1372,52.8,33,0,0,0,0,0,0,9.5,7.585507853403141,1742.3999999999999
M,297.7,307.3,1365,49.2,36,0,0,0,0,0,0,9.600000000000023,7.032251308900523,1771.2
M,297.6,307.1,1526,39.1,39,0,0,0,0,0,0,9.5,6.247811518324607,1524.9
L,297.6,307.2,1486,40.6,42,0,0,0,0,0,0,9.599999999999966,6.31744502617801,1705.2
M,297.6,307.2,1470,42.6,44,0,0,0,0,0,0,9.599999999999966,6.557277486910995,1874.4
H,297.7,307.3,1249,62.8,47,0,0,0,0,0,0,9.600000000000023,8.213319371727748,2951.6
M,297.8,307.4,1752,26.1,52,0,0,0,0,0,0,9.599999999999966,4.788188481675393,1357.2
L,297.7,307.4,1643,36.5,55,0,0,0,0,0,0,9.699999999999989,6.279528795811518,2007.5
M,297.8,307.4,1488,36.1,57,0,0,0,0,0,0,9.599999999999966,5.624795811518325,2057.7000000000003
L,297.8,307.4,1355,45.8,60,0,0,0,0,0,0,9.599999999999966,6.498324607329842,2748.0
L,297.8,307.6,1607,30.3,62,0,0,0,0,0,0,9.800000000000011,5.098649214659686,1878.6000000000001
M,297.9,307.6,1609,30.3,64,0,0,0,0,0,0,9.700000000000045,5.104994764397906,1939.2
L,297.9,307.7,1517,44.4,67,0,0,0,0,0,0,9.800000000000011,7.052858638743456,2974.7999999999997
M,297.9,307.7,1517,39.5,69,0,0,0,0,0,0,9.800000000000011,6.274502617801047,2725.5
L,297.9,307.7,1546,37.6,72,0,0,0,0,0,0,9.800000000000011,6.086869109947645,2707.2000000000003
L,297.9,307.7,1567,34.7,74,0,0,0,0,0,0,9.800000000000011,5.693706806282723,2567.8
M,298.1,307.9,1662,28.9,76,0,0,0,0,0,0,9.799999999999955,5.029507853403141,2196.4
L,298.1,307.9,1502,41.8,79,0,0,0,0,0,0,9.799999999999955,6.574198952879581,3302.2
L,298.3,308.0,1361,56.9,81,0,0,0,0,0,0,9.699999999999989,8.108994764397906,4608.9
M,298.3,308.1,1630,32.7,83,0,0,0,0,0,0,9.800000000000011,5.581256544502619,2714.1000000000004
L,298.3,308.0,1486,42.3,86,0,0,0,0,0,0,9.699999999999989,6.581968586387434,3637.7999999999997
L,298.3,308.1,1840,21.5,88,0,0,0,0,0,0,9.800000000000011,4.142408376963351,1892.0
L,298.3,308.1,1326,58.4,90,0,0,0,0,0,0,9.800000000000011,8.108732984293193,5256.0
L,298.4,308.1,1367,57.8,92,0,0,0,0,0,0,9.700000000000045,8.273570680628271,5317.599999999999
L,298.4,308.1,1598,32.7,94,0,0,0,0,0,0,9.700000000000045,5.471685863874346,3073.8
L,298.3,308.0,1363,50.1,96,0,0,0,0,0,0,9.699999999999989,7.150397905759163,4809.6
L,298.3,308.0,1242,62.0,98,0,0,0,0,0,0,9.699999999999989,8.06324607329843,6076.0
M,298.2,307.8,1566,33.8,100,0,0,0,0,0,0,9.600000000000023,5.542492146596858,3379.9999999999995
M,298.1,307.7,1424,47.7,103,0,0,0,0,0,0,9.599999999999966,7.112544502617801,4913.1
M,298.2,307.7,1608,33.8,106,0,0,0,0,0,0,9.5,5.691141361256544,3582.7999999999997
L,298.1,307.7,1705,29.1,109,0,0,0,0,0,0,9.599999999999966,5.195340314136126,3171.9
L,298.0,307.6,1548,45.8,111,0,0,0,0,0,0,9.600000000000023,7.423916230366491,5083.799999999999
M,298.0,307.6,1581,43.4,113,0,0,0,0,0,0,9.600000000000023,7.184858638743455,4904.2
M,298.0,307.6,1472,46.7,116,0,0,0,0,0,0,9.600000000000023,7.198157068062828,5417.200000000001
M,298.0,307.6,1792,26.0,119,0,0,0,0,0,0,9.600000000000023,4.878743455497382,3094.0
L,298.0,307.6,1683,32.8,122,0,0,0,0,0,0,9.600000000000023,5.780356020942408,4001.5999999999995
L,297.9,307.6,1503,40.7,124,0,0,0,0,0,0,9.700000000000045,6.405455497382199,5046.8
M,297.9,307.5,1642,32.4,126,0,0,0,0,0,0,9.600000000000023,5.570764397905759,4082.3999999999996
M,297.8,307.4,1902,24.3,129,0,0,0,0,0,0,9.599999999999966,4.839643979057591,3134.7000000000003
H,297.7,307.4,1432,40.2,132,0,0,0,0,0,0,9.699999999999989,6.027895287958115,5306.400000000001
L,297.8,307.4,1512,40.8,137,0,0,0,0,0,0,9.599999999999966,6.459643979057591,5589.599999999999
L,297.7,307.4,1764,29.0,139,0,0,0,0,0,0,9.699999999999989,5.356649214659686,4031.0
M,297.8,307.4,1438,43.6,141,0,0,0,0,0,0,9.599999999999966,6.565109947643979,6147.6
L,297.8,307.5,1631,29.9,144,0,0,0,0,0,0,9.699999999999989,5.106481675392669,4305.599999999999
H,297.9,307.5,1880,23.3,146,0,0,0,0,0,0,9.600000000000023,4.586806282722513,3401.8
L,297.9,307.6,1344,54.3,151,0,0,0,0,0,0,9.700000000000045,7.641801047120419,8199.3
L,297.9,307.5,1574,35.8,153,0,0,0,0,0,0,9.600000000000023,5.900439790575916,5477.4
L,297.8,307.4,1418,41.2,155,0,0,0,0,0,0,9.599999999999966,6.117445026178011,6386.0
L,297.8,307.5,1372,54.1,157,0,0,0,0,0,0,9.699999999999989,7.7722722513089,8493.7
L,297.8,307.5,1388,40.0,159,0,0,0,0,0,0,9.699999999999989,5.813612565445026,6360.0
H,297.9,307.6,1493,36.0,161,0,0,0,0,0,0,9.700000000000045,5.628062827225131,5796.0
M,297.9,307.6,1505,40.1,166,0,0,0,0,0,0,9.700000000000045,6.319424083769634,6656.6
L,298.0,307.6,1694,29.1,169,0,0,0,0,0,0,9.600000000000023,5.161821989528796,4917.900000000001
L,297.9,307.6,1968,20.4,171,0,0,0,0,0,0,9.700000000000045,4.203895287958115,3488.3999999999996
M,298.0,307.6,1569,35.6,173,0,0,0,0,0,0,9.600000000000023,5.848837696335079,6158.8
L,297.9,307.6,1687,29.1,176,0,0,0,0,0,0,9.700000000000045,5.140492146596859,5121.6
L,297.9,307.6,1430,52.4,178,0,0,0,0,0,0,9.700000000000045,7.846282722513089,9327.199999999999
L,297.9,307.6,1504,42.4,180,0,0,0,0,0,0,9.700000000000045,6.6774450261780105,7632.0
L,297.9,307.6,1977,20.2,182,0,0,0,0,0,0,9.700000000000045,4.181717277486912,3676.4
L,298.0,307.7,1435,45.6,184,0,0,0,0,0,0,9.699999999999989,6.8519371727748695,8390.4
H,298.0,307.7,1547,36.8,186,0,0,0,0,0,0,9.699999999999989,5.961214659685863,6844.799999999999
M,298.1,307.8,1316,57.2,191,0,0,0,0,0,0,9.699999999999989,7.882219895287958,10925.2
M,298.0,307.7,1621,34.9,194,0,0,0,0,0,0,9.699999999999989,5.923863874345549,6770.599999999999
M,298.0,307.8,1492,40.2,197,0,0,0,0,0,0,9.800000000000011,6.280460732984293,7919.400000000001
L,298.0,307.7,1643,32.3,200,0,0,0,0,0,0,9.699999999999989,5.556952879581151,6459.999999999999
L,298.0,307.7,1492,38.7,202,0,0,0,0,0,0,9.699999999999989,6.046115183246074,7817.400000000001
L,298.0,307.7,1387,50.8,204,0,0,0,0,0,0,9.699999999999989,7.377968586387434,10363.199999999999
M,298.1,307.9,1463,47.3,206,0,0,0,0,0,0,9.799999999999955,7.24606282722513,9743.8
M,298.1,307.9,1496,40.0,0,0,0,0,0,0,0,9.799999999999955,6.265968586387435,0.0
L,298.2,308.0,1658,30.0,3,0,0,0,0,0,0,9.800000000000011,5.208376963350785,90.0
L,298.1,307.9,2161,17.5,5,0,0,0,0,0,0,9.799999999999955,3.9599476439790577,87.5
L,298.1,307.9,1665,32.0,7,0,0,0,0,0,0,9.799999999999955,5.5790575916230365,224.0
L,298.0,307.8,1716,26.6,9,0,0,0,0,0,0,9.800000000000011,4.779643979057592,239.4
L,298.0,307.7,1529,34.1,11,0,0,0,0,0,0,9.699999999999989,5.459570680628272,375.1
L,297.9,307.7,1353,50.7,13,0,0,0,0,0,0,9.800000000000011,7.182942408376964,659.1
L,297.9,307.7,1537,37.7,15,0,0,0,0,0,0,9.800000000000011,6.067528795811518,565.5
L,298.0,307.7,1606,30.8,17,0,0,0,0,0,0,9.699999999999989,5.179560209424084,523.6
H,298.0,307.8,1314,47.8,19,0,0,0,0,0,0,9.800000000000011,6.576879581151832,908.1999999999999
L,298.0,307.8,1623,29.9,24,0,0,0,0,0,0,9.800000000000011,5.081434554973821,717.5999999999999
M,298.0,307.8,1483,50.9,26,0,0,0,0,0,0,9.800000000000011,7.904157068062827,1323.3999999999999
M,298.1,307.9,1569,37.0,29,0,0,0,0,0,0,9.799999999999955,6.078848167539267,1073.0
M,298.2,308.0,1969,21.7,32,0,0,0,0,0,0,9.800000000000011,4.47406282722513,694.4
M,298.1,308.0,1686,29.3,35,0,0,0,0,0,0,9.899999999999977,5.172753926701571,1025.5
L,298.1,308.0,1638,35.1,38,0,0,0,0,0,0,9.899999999999977,6.0202931937172774,1333.8
L,298.1,307.9,1698,33.3,40,0,0,0,0,0,0,9.799999999999955,5.920774869109947,1332.0
M,298.1,307.9,1377,55.1,42,0,0,0,0,0,0,9.799999999999955,7.9447853403141355,2314.2000000000003
M,298.1,308.0,2129,18.4,45,0,0,0,0,0,0,9.899999999999977,4.101947643979058,827.9999999999999
L,298.2,308.0,1411,42.4,48,0,0,0,0,0,0,9.800000000000011,6.2645445026178015,2035.1999999999998
L,298.1,307.9,1517,40.8,50,0,0,0,0,0,0,9.799999999999955,6.481005235602094,2039.9999999999998
M,298.1,307.9,1303,53.9,52,0,0,0,0,0,0,9.799999999999955,7.3541047120418845,2802.7999999999997
L,298.1,307.9,1578,35.6,55,0,0,0,0,0,0,9.799999999999955,5.882387434554974,1958.0
L,298.1,307.9,1425,58.2,57,0,0,0,0,0,0,9.799999999999955,8.684293193717277,3317.4
L,298.1,308.0,1456,42.4,59,0,0,0,0,0,0,9.899999999999977,6.464335078534032,2501.6
L,298.1,308.0,1704,30.9,61,0,0,0,0,0,0,9.899999999999977,5.513465968586387,1884.8999999999999
L,298.1,308.1,1791,27.3,63,0,0,0,0,0,0,10.0,5.119821989528796,1719.9
L,298.1,308.1,1616,32.8,65,0,0,0,0,0,0,10.0,5.550240837696335,2132.0
L,298.2,308.1,1622,34.9,67,0,0,0,0,0,0,9.900000000000034,5.9275183246073295,2338.2999999999997
L,298.2,308.1,1462,49.9,69,0,0,0,0,0,0,9.900000000000034,7.639141361256545,3443.1
L,298.1,308.1,1410,45.8,71,0,0,0,0,0,0,10.0,6.762094240837696,3251.7999999999997
M,298.1,308.0,1543,41.9,73,0,0,0,0,0,0,9.899999999999977,6.769811518324607,3058.7
M,298.0,307.9,1479,47.6,76,0,0,0,0,0,0,9.899999999999977,7.371769633507855,3617.6
L,298.0,307.8,1839,22.7,79,0,0,0,0,0,0,9.800000000000011,4.371235602094241,1793.3
L,298.0,307.8,1266,60.5,81,0,0,0,0,0,0,9.800000000000011,8.02020942408377,4900.5
L,297.9,307.7,1593,34.9,83,0,0,0,0,0,0,9.800000000000011,5.821539267015707,2896.7
L,297.9,307.8,1459,46.9,85,0,0,0,0,0,0,9.900000000000034,7.165141361256544,3986.5
L,297.9,307.7,1308,55.2,87,0,0,0,0,0,0,9.800000000000011,7.560376963350786,4802.400000000001
M,297.9,307.7,1364,46.8,89,0,0,0,0,0,0,9.800000000000011,6.684314136125654,4165.2
H,297.9,307.7,1618,35.9,92,0,0,0,0,0,0,9.800000000000011,6.082324607329842,3302.7999999999997
H,297.9,307.7,1464,43.2,97,0,0,0,0,0,0,9.800000000000011,6.622492146596859,4190.400000000001
M,297.8,307.6,1352,49.4,102,0,0,0,0,0,0,9.800000000000011,6.993591623036649,5038.8
L,297.8,307.6,1446,51.4,105,0,0,0,0,0,0,9.800000000000011,7.782659685863874,5397.0
L,297.8,307.5,1448,51.2,107,0,0,0,0,0,0,9.699999999999989,7.763099476439791,5478.400000000001
L,297.8,307.5,1391,48.6,109,0,0,0,0,0,0,9.699999999999989,7.078806282722514,5297.400000000001
L,297.7,307.5,1379,43.3,111,0,0,0,0,0,0,9.800000000000011,6.2524293193717275,4806.299999999999
M,297.8,307.5,1405,46.9,113,0,0,0,0,0,0,9.699999999999989,6.899947643979058,5299.7
L,297.8,307.5,1581,33.1,116,0,0,0,0,0,0,9.699999999999989,5.479696335078534,3839.6000000000004
L,297.9,307.6,1515,40.5,118,0,0,0,0,0,0,9.700000000000045,6.424869109947644,4779.0
L,297.9,307.6,1589,37.8,120,0,0,0,0,0,0,9.700000000000045,6.289445026178011,4536.0
L,298.0,307.6,1281,50.8,122,0,0,0,0,0,0,9.600000000000023,6.814115183246073,6197.599999999999
H,297.8,307.5,1631,31.3,124,0,0,0,0,0,0,9.699999999999989,5.345581151832461,3881.2000000000003
M,297.9,307.6,1202,67.0,129,0,0,0,0,0,0,9.700000000000045,8.432879581151832,8643.0
L,297.9,307.6,1298,52.7,132,0,0,0,0,0,0,9.700000000000045,7.162785340314136,6956.400000000001
L,297.9,307.6,1612,30.7,134,0,0,0,0,0,0,9.700000000000045,5.182031413612566,4113.8
L,297.9,307.6,1747,25.3,136,0,0,0,0,0,0,9.700000000000045,4.6281780104712045,3440.8
L,298.0,307.6,1450,48.7,138,0,0,0,0,0,0,9.600000000000023,7.394240837696335,6720.6
L,298.0,307.7,1422,45.6,140,0,0,0,0,0,0,9.699999999999989,6.78986387434555,6384.0
M,298.1,307.7,1419,47.4,142,0,0,0,0,0,0,9.599999999999966,7.042994764397905,6730.8
M,298.1,307.7,1633,30.7,145,0,0,0,0,0,0,9.599999999999966,5.249539267015707,4451.5
L,298.0,307.7,1442,43.6,148,0,0,0,0,0,0,9.699999999999989,6.583371727748691,6452.8
H,298.0,307.6,1420,45.8,150,0,0,0,0,0,0,9.600000000000023,6.810052356020941,6870.0
M,298.0,307.6,1301,58.5,155,0,0,0,0,0,0,9.600000000000023,7.969476439790576,9067.5
L,298.0,307.6,1385,45.0,158,0,0,0,0,0,0,9.600000000000023,6.526178010471204,7110.0
M,298.0,307.7,1487,41.3,160,0,0,0,0,0,0,9.699999999999989,6.43069109947644,6608.0
M,298.0,307.6,1459,44.4,163,0,0,0,0,0,0,9.600000000000023,6.783204188481675,7237.2
M,298.0,307.5,1387,45.5,166,0,0,0,0,0,0,9.5,6.6082198952879585,7553.0
L,298.1,307.7,1537,40.8,169,0,0,0,0,0,0,9.599999999999966,6.566450261780105,6895.2
L,298.1,307.6,1498,42.9,171,0,0,0,0,0,0,9.5,6.72923560209424,7335.9
M,298.2,307.8,1599,31.2,173,0,0,0,0,0,0,9.600000000000023,5.223958115183246,5397.599999999999
H,298.3,307.9,1420,39.2,176,0,0,0,0,0,0,9.599999999999966,5.8286910994764405,6899.200000000001
L,298.2,307.9,1785,23.4,181,0,0,0,0,0,0,9.699999999999989,4.373717277486911,4235.4
L,298.2,307.8,1423,48.1,183,0,0,0,0,0,0,9.600000000000023,7.167151832460734,8802.300000000001
M,298.2,307.8,1583,36.6,185,0,0,0,0,0,0,9.600000000000023,6.066785340314136,6771.0
L,298.2,307.8,1375,46.6,188,0,0,0,0,0,0,9.600000000000023,6.709424083769633,8760.800000000001
M,298.3,308.0,1463,42.5,190,0,0,0,0,0,0,9.699999999999989,6.510732984293194,8075.0
M,298.2,307.9,1403,45.1,193,0,0,0,0,0,0,9.699999999999989,6.625685863874346,8704.300000000001
L,298.3,308.0,1451,47.1,196,0,0,0,0,0,0,9.699999999999989,7.156240837696336,9231.6
M,298.4,308.0,1416,38.2,198,1,1,0,0,0,0,9.600000000000023,5.664000000000001,7563.6
L,298.3,308.1,1672,41.3,0,0,0,0,0,0,0,9.800000000000011,7.2307434554973815,0.0
H,298.3,308.0,1637,30.8,2,0,0,0,0,0,0,9.699999999999989,5.279539267015707,61.6
L,298.4,308.0,1540,37.8,7,0,0,0,0,0,0,9.600000000000023,6.095497382198952,264.59999999999997
L,298.4,308.1,1279,53.1,9,0,0,0,0,0,0,9.700000000000045,7.111507853403142,477.90000000000003
L,298.4,308.2,1604,34.9,11,0,0,0,0,0,0,9.800000000000011,5.861738219895288,383.9
L,298.5,308.2,1654,27.1,13,0,0,0,0,0,0,9.699999999999989,4.693549738219896,352.3
M,298.5,308.2,1564,37.5,15,0,0,0,0,0,0,9.699999999999989,6.141361256544503,562.5
L,298.5,308.2,1451,47.5,18,0,0,0,0,0,0,9.699999999999989,7.217015706806283,855.0
L,298.5,308.3,1504,38.0,20,0,0,0,0,0,0,9.800000000000011,5.984502617801047,760.0
M,298.5,308.3,1381,50.5,22,0,0,0,0,0,0,9.800000000000011,7.3026701570680626,1111.0
L,298.6,308.4,1562,34.4,25,0,0,0,0,0,0,9.799999999999955,5.626471204188481,860.0
L,298.5,308.3,1811,24.7,27,0,0,0,0,0,0,9.800000000000011,4.6839476439790575,666.9
M,298.6,308.3,1717,28.7,29,0,0,0,0,0,0,9.699999999999989,5.159989528795812,832.3
L,298.6,308.3,1278,60.5,32,0,0,0,0,0,0,9.699999999999989,8.096230366492147,1936.0
L,298.7,308.5,1616,30.2,34,0,0,0,0,0,0,9.800000000000011,5.110282722513089,1026.8
L,298.6,308.4,1397,46.4,36,0,0,0,0,0,0,9.799999999999955,6.787518324607329,1670.3999999999999
L,298.6,308.4,1485,42.9,38,0,0,0,0,0,0,9.799999999999955,6.670837696335078,1630.2
L,298.6,308.4,1310,59.7,40,0,0,0,0,0,0,9.799999999999955,8.189214659685863,2388.0
L,298.5,308.2,1301,66.3,42,1,0,0,1,0,0,9.699999999999989,9.032073298429319,2784.6
L,298.5,308.3,1458,44.0,44,0,0,0,0,0,0,9.800000000000011,6.717486910994764,1936.0
L,298.7,308.5,1483,42.5,46,0,0,0,0,0,0,9.800000000000011,6.599738219895288,1955.0
L,298.7,308.5,1375,46.4,48,0,0,0,0,0,0,9.800000000000011,6.680628272251309,2227.2
M,298.7,308.5,1660,27.0,50,0,0,0,0,0,0,9.800000000000011,4.693193717277487,1350.0
H,298.7,308.4,1560,33.3,53,0,0,0,0,0,0,9.699999999999989,5.43958115183246,1764.8999999999999
L,298.7,308.5,1480,42.2,58,0,0,0,0,0,0,9.800000000000011,6.539895287958116,2447.6000000000004
L,298.7,308.4,1373,46.9,60,0,0,0,0,0,0,9.699999999999989,6.742795811518325,2814.0
L,298.7,308.5,1444,54.2,62,0,0,0,0,0,0,9.800000000000011,8.195267015706806,3360.4
M,298.7,308.6,1722,24.7,64,0,0,0,0,0,0,9.900000000000034,4.453759162303665,1580.8
L,298.7,308.5,1469,39.9,67,0,0,0,0,0,0,9.800000000000011,6.137497382198953,2673.2999999999997
M,298.7,308.5,1360,52.9,69,0,0,0,0,0,0,9.800000000000011,7.533403141361257,3650.1
L,298.7,308.4,1750,25.8,72,0,0,0,0,0,0,9.699999999999989,4.727748691099476,1857.6000000000001
M,298.7,308.3,1349,46.6,74,0,0,0,0,0,0,9.600000000000023,6.582554973821989,3448.4
L,298.7,308.5,1668,35.2,77,0,0,0,0,0,0,9.800000000000011,6.148020942408378,2710.4
L,298.9,308.6,1400,49.5,79,0,0,0,0,0,0,9.700000000000045,7.2565445026178015,3910.5
L,298.8,308.6,1331,62.8,81,0,0,0,0,0,0,9.800000000000011,8.752544502617802,5086.8
L,298.8,308.5,1444,42.2,83,0,0,0,0,0,0,9.699999999999989,6.380816753926702,3502.6000000000004
H,298.8,308.5,1359,47.6,85,0,0,0,0,0,0,9.699999999999989,6.77365445026178,4046.0
M,298.8,308.5,1425,47.4,90,0,0,0,0,0,0,9.699999999999989,7.0727748691099475,4266.0
M,298.9,308.6,1469,34.2,93,0,0,0,0,0,0,9.700000000000045,5.260712041884817,3180.6000000000004
L,299.0,308.7,1892,22.8,96,0,0,0,0,0,0,9.699999999999989,4.517026178010471,2188.8
H,299.0,308.7,1940,19.9,98,0,0,0,0,0,0,9.699999999999989,4.042513089005236,1950.1999999999998
L,299.0,308.8,1405,55.2,103,0,0,0,0,0,0,9.800000000000011,8.121047120418849,5685.6
M,299.0,308.9,1449,39.6,105,0,0,0,0,0,0,9.899999999999977,6.00841884816754,4158.0
L,299.1,308.9,1686,29.6,108,0,0,0,0,0,0,9.799999999999955,5.225717277486911,3196.8
L,299.1,308.9,1680,27.2,110,0,0,0,0,0,0,9.799999999999955,4.784921465968586,2992.0
M,299.1,308.9,1397,52.4,112,0,0,0,0,0,0,9.799999999999955,7.665214659685864,5868.8
M,299.2,309.0,1597,30.3,115,0,0,0,0,0,0,9.800000000000011,5.066921465968586,3484.5
L,299.3,309.1,1470,41.1,118,0,0,0,0,0,0,9.800000000000011,6.326387434554974,4849.8
M,299.3,309.1,1703,31.3,120,0,0,0,0,0,0,9.800000000000011,5.581560209424084,3756.0
L,299.3,309.1,1388,45.5,123,0,0,0,0,0,0,9.800000000000011,6.612984293193717,5596.5
L,299.3,309.2,1775,24.2,125,0,0,0,0,0,0,9.899999999999977,4.497905759162304,3025.0
L,299.3,309.2,1465,41.5,127,0,0,0,0,0,0,9.899999999999977,6.366230366492147,5270.5
M,299.3,309.2,1586,37.9,129,0,0,0,0,0,0,9.899999999999977,6.294178010471204,4889.099999999999
M,299.5,309.3,1675,29.2,132,0,0,0,0,0,0,9.800000000000011,5.121465968586388,3854.4
M,299.4,309.2,1470,44.4,135,0,0,0,0,0,0,9.800000000000011,6.83434554973822,5994.0
L,299.5,309.3,1477,40.4,138,0,0,0,0,0,0,9.800000000000011,6.248251308900523,5575.2
L,299.5,309.3,1382,61.0,140,0,0,0,0,0,0,9.800000000000011,8.827434554973822,8540.0
M,299.6,309.4,1605,29.8,142,0,0,0,0,0,0,9.799999999999955,5.008272251308901,4231.6
L,299.6,309.4,1643,32.9,145,0,0,0,0,0,0,9.799999999999955,5.660178010471204,4770.5
L,299.5,309.3,1333,54.1,147,0,0,0,0,0,0,9.800000000000011,7.551340314136126,7952.7
L,299.5,309.3,1520,42.3,149,0,0,0,0,0,0,9.800000000000011,6.732565445026177,6302.7
M,299.5,309.3,1902,24.0,151,0,0,0,0,0,0,9.800000000000011,4.779895287958115,3624.0
H,299.5,309.4,1386,44.4,154,0,0,0,0,0,0,9.899999999999977,6.443811518324607,6837.599999999999
L,299.6,309.5,1803,27.7,159,0,0,0,0,0,0,9.899999999999977,5.229643979057592,4404.3
L,299.7,309.6,1359,50.7,161,0,0,0,0,0,0,9.900000000000034,7.214795811518325,8162.700000000001
M,299.7,309.6,1477,42.7,163,0,0,0,0,0,0,9.900000000000034,6.603968586387435,6960.1
L,299.7,309.6,1321,53.4,166,0,0,0,0,0,0,9.900000000000034,7.386534031413612,8864.4
L,299.6,309.5,1453,41.4,168,0,0,0,0,0,0,9.899999999999977,6.298869109947644,6955.2
L,299.7,309.6,1419,45.1,170,0,0,0,0,0,0,9.900000000000034,6.70124607329843,7667.0
L,299.7,309.6,1512,36.2,172,0,0,0,0,0,0,9.900000000000034,5.7313507853403145,6226.400000000001
L,299.7,309.6,1553,36.8,174,0,0,0,0,0,0,9.900000000000034,5.984335078534031,6403.2
M,299.7,309.6,1534,39.1,176,0,0,0,0,0,0,9.900000000000034,6.280565445026178,6881.6
H,299.7,309.6,1553,41.0,179,0,0,0,0,0,0,9.900000000000034,6.667329842931937,7339.0
L,299.7,309.5,1352,49.7,184,0,0,0,0,0,0,9.800000000000011,7.036062827225132,9144.800000000001
M,299.7,309.6,1313,60.0,186,0,0,0,0,0,0,9.900000000000034,8.249214659685864,11160.0
L,299.6,309.5,1570,35.5,189,0,0,0,0,0,1,9.899999999999977,5.836125654450262,6709.5
L,299.6,309.4,1677,31.1,191,0,0,0,0,0,0,9.799999999999955,5.461225130890053,5940.1
L,299.5,309.4,1602,31.5,193,0,0,0,0,0,0,9.899999999999977,5.284083769633508,6079.5
L,299.5,309.4,1390,58.8,195,1,0,0,0,1,0,9.899999999999977,8.558324607329842,11466.0
L,299.4,309.3,1544,36.0,197,0,0,0,0,0,0,9.900000000000034,5.8203141361256545,7092.0
L,299.4,309.4,1701,31.2,199,0,0,0,0,0,0,10.0,5.557193717277487,6208.8
M,299.4,309.3,1692,28.4,201,0,0,0,0,0,0,9.900000000000034,5.031706806282722,5708.4
M,299.3,309.3,1523,37.9,204,0,0,0,0,0,0,10.0,6.044157068062827,7731.599999999999
L,299.3,309.2,2280,15.4,207,0,0,0,0,0,0,9.899999999999977,3.676649214659686,3187.8
M,299.4,309.3,1485,47.1,209,0,0,0,0,0,0,9.900000000000034,7.323926701570681,9843.9
H,299.4,309.2,1513,36.1,212,0,0,0,0,0,0,9.800000000000011,5.719298429319372,7653.200000000001
H,299.4,309.3,1743,28.2,0,0,0,0,0,0,0,9.900000000000034,5.146869109947644,0.0
L,299.5,309.3,1442,46.2,5,0,0,0,0,0,0,9.800000000000011,6.975958115183247,231.0
L,299.5,309.3,1462,46.7,7,0,0,0,0,0,0,9.800000000000011,7.149256544502618,326.90000000000003
H,299.4,309.3,1439,49.7,9,0,0,0,0,0,0,9.900000000000034,7.4888272251308905,447.3
L,299.5,309.3,1577,36.6,14,0,0,0,0,0,0,9.800000000000011,6.043790575916231,512.4
L,299.6,309.4,1331,46.4,16,0,0,0,0,0,0,9.799999999999955,6.4668481675392675,742.4
L,299.5,309.3,1941,22.5,18,0,0,0,0,0,0,9.800000000000011,4.57303664921466,405.0
L,299.5,309.2,1393,47.3,20,0,0,0,0,0,0,9.699999999999989,6.899361256544502,946.0
L,299.4,309.2,1433,42.1,22,0,0,0,0,0,0,9.800000000000011,6.317204188481676,926.2
L,299.4,309.2,1444,48.2,24,0,0,0,0,0,0,9.800000000000011,7.288041884816754,1156.8000000000002
L,299.4,309.2,1564,39.0,26,0,0,0,0,0,0,9.800000000000011,6.387015706806283,1014.0
L,299.4,309.3,1377,43.6,28,0,0,0,0,0,0,9.900000000000034,6.286617801047121,1220.8
L,299.4,309.3,1525,41.5,30,0,0,0,0,0,0,9.900000000000034,6.62696335078534,1245.0
M,299.5,309.4,1387,56.2,32,0,0,0,0,0,0,9.899999999999977,8.162240837696336,1798.4
M,299.4,309.4,1326,47.5,35,0,0,0,0,0,0,10.0,6.5952879581151835,1662.5
L,299.4,309.3,1401,59.0,38,0,0,0,0,0,0,9.900000000000034,8.655392670157068,2242.0
L,299.4,309.3,1596,31.8,40,0,0,0,0,0,0,9.900000000000034,5.314429319371728,1272.0
M,299.3,309.3,1471,46.0,42,0,0,0,0,0,0,10.0,7.085445026178011,1932.0
L,299.3,309.3,1528,37.8,45,0,0,0,0,0,0,10.0,6.047999999999999,1700.9999999999998
L,299.3,309.3,1325,62.0,47,0,0,0,0,0,0,10.0,8.602094240837696,2914.0
M,299.3,309.1,1376,46.7,49,0,0,0,0,0,0,9.800000000000011,6.728712041884817,2288.3
M,299.3,309.1,1600,35.3,52,0,0,0,0,0,0,9.800000000000011,5.91413612565445,1835.6
L,299.3,309.1,1495,44.0,55,0,0,0,0,0,0,9.800000000000011,6.887958115183246,2420.0
L,299.4,309.1,1645,28.6,57,0,0,0,0,0,0,9.700000000000045,4.926387434554973,1630.2
M,299.4,309.1,1417,47.3,59,0,0,0,0,0,0,9.700000000000045,7.018230366492146,2790.7
H,299.4,309.0,1415,51.7,62,0,0,0,0,0,0,9.600000000000023,7.660261780104712,3205.4
M,299.3,309.0,1496,43.4,67,0,0,0,0,0,0,9.699999999999989,6.798575916230367,2907.7999999999997
H,299.3,309.0,1508,35.0,70,0,0,0,0,0,0,9.699999999999989,5.526701570680628,2450.0
L,299.4,309.0,1436,47.9,75,0,0,0,0,0,0,9.600000000000023,7.2025549738219885,3592.5
L,299.5,309.1,1852,22.6,77,0,0,0,0,0,0,9.600000000000023,4.3827434554973825,1740.2
L,299.5,309.1,1863,22.5,79,0,0,0,0,0,0,9.600000000000023,4.389267015706806,1777.5
H,299.4,309.1,1373,44.1,81,0,0,0,0,0,0,9.700000000000045,6.340240837696335,3572.1
L,299.4,309.0,1404,47.3,86,0,0,0,0,0,0,9.600000000000023,6.953842931937173,4067.7999999999997
M,299.4,309.0,1381,44.9,88,0,0,0,0,0,0,9.600000000000023,6.4928691099476445,3951.2
H,299.4,308.9,1762,29.3,91,0,0,0,0,0,0,9.5,5.405926701570681,2666.3
H,299.3,308.9,1429,43.0,96,0,0,0,0,0,0,9.599999999999966,6.434240837696335,4128.0
M,299.3,308.9,1858,24.7,101,0,0,0,0,0,0,9.599999999999966,4.8055078534031415,2494.7
H,299.2,308.8,1908,21.3,104,0,0,0,0,0,0,9.600000000000023,4.255539267015707,2215.2000000000003
M,299.2,308.8,1503,37.4,109,0,0,0,0,0,0,9.600000000000023,5.886094240837696,4076.6
M,299.2,308.8,1523,38.9,112,0,0,0,0,0,0,9.600000000000023,6.203633507853403,4356.8
L,299.3,309.0,1491,38.4,115,0,0,0,0,0,0,9.699999999999989,5.995225130890052,4416.0
L,299.2,308.9,1430,39.1,117,0,0,0,0,0,0,9.699999999999989,5.854764397905759,4574.7
L,299.3,308.9,1258,69.4,119,1,0,0,1,0,0,9.599999999999966,9.141905759162304,8258.6
L,299.3,309.0,1449,46.5,121,0,0,0,0,0,0,9.699999999999989,7.055340314136125,5626.5
H,299.3,309.0,1425,40.6,123,0,0,0,0,0,0,9.699999999999989,6.058115183246073,4993.8
L,299.4,309.0,1800,24.3,128,0,0,0,0,0,0,9.600000000000023,4.5801047120418845,3110.4
H,299.4,309.0,1607,33.7,130,0,0,0,0,0,0,9.600000000000023,5.670774869109948,4381.0
L,299.4,309.0,1391,58.2,135,0,0,0,0,0,0,9.600000000000023,8.477089005235602,7857.0
L,299.4,309.1,1432,45.4,137,0,0,0,0,0,0,9.700000000000045,6.807623036649214,6219.8
L,299.4,309.0,1660,28.4,139,0,0,0,0,0,0,9.600000000000023,4.936544502617801,3947.6
H,299.3,309.0,1732,29.7,141,0,0,0,0,0,0,9.699999999999989,5.386429319371728,4187.7
L,299.3,309.0,1473,46.3,146,0,0,0,0,0,0,9.699999999999989,7.141350785340314,6759.799999999999
L,299.3,309.0,1511,47.8,148,0,0,0,0,0,0,9.699999999999989,7.562910994764398,7074.4
L,299.2,308.9,1588,41.5,150,0,0,0,0,0,0,9.699999999999989,6.900732984293194,6225.0
L,299.3,308.9,1623,31.1,152,0,0,0,0,0,0,9.599999999999966,5.285371727748691,4727.2
L,299.3,309.0,1734,30.6,154,0,0,0,0,0,0,9.699999999999989,5.556062827225131,4712.400000000001
L,299.3,309.0,1415,47.6,156,0,0,0,0,0,0,9.699999999999989,7.052774869109948,7425.6
L,299.3,309.0,1419,46.6,158,0,0,0,0,0,0,9.699999999999989,6.924125654450263,7362.8
M,299.3,308.9,1577,34.9,160,0,0,0,0,0,0,9.599999999999966,5.763068062827225,5584.0
L,299.3,308.9,1376,60.3,163,0,0,0,0,0,0,9.599999999999966,8.688251308900524,9828.9
M,299.3,308.8,1442,49.0,165,0,0,0,0,0,0,9.5,7.3987434554973825,8085.0
L,299.4,308.9,1451,40.5,168,0,0,0,0,0,0,9.5,6.153455497382199,6804.0
L,299.3,308.8,1550,45.8,170,0,0,0,0,0,0,9.5,7.433507853403142,7785.999999999999
L,299.3,308.8,1647,32.9,172,0,0,0,0,0,0,9.5,5.673958115183246,5658.8
L,299.4,308.9,1550,33.7,174,0,0,0,0,0,0,9.5,5.469633507853404,5863.8
L,299.4,308.9,1583,34.1,176,0,0,0,0,0,0,9.5,5.652387434554974,6001.6
L,299.4,309.0,1613,32.2,178,0,0,0,0,0,0,9.600000000000023,5.438596858638744,5731.6
H,299.3,308.8,1636,35.5,180,0,0,0,0,0,0,9.5,6.081465968586388,6390.0
M,299.3,308.7,1289,51.5,185,0,0,0,0,0,0,9.399999999999977,6.951151832460733,9527.5
M,299.3,308.8,1648,28.4,188,0,0,0,0,0,0,9.5,4.900858638743455,5339.2
H,299.3,308.8,1397,45.4,191,0,0,0,0,0,0,9.5,6.64123560209424,8671.4
M,299.3,308.9,1767,24.8,196,0,0,0,0,0,0,9.599999999999966,4.588649214659686,4860.8
L,299.3,308.8,1341,47.7,199,0,0,0,0,0,0,9.5,6.697979057591623,9492.300000000001
M,299.4,308.9,1457,41.5,201,0,0,0,0,0,0,9.5,6.331465968586388,8341.5
M,299.4,309.0,1939,19.8,204,0,0,0,0,0,0,9.600000000000023,4.020125654450262,4039.2000000000003
M,299.5,309.0,1399,49.7,207,0,0,0,0,0,0,9.5,7.280659685863875,10287.900000000001
M,299.5,309.0,1602,31.3,210,0,0,0,0,0,0,9.5,5.250534031413612,6573.0
L,299.4,309.0,1507,41.0,213,0,0,0,0,0,0,9.600000000000023,6.469842931937173,8733.0
L,299.4,309.1,1464,40.5,215,0,0,0,0,0,0,9.700000000000045,6.208586387434555,8707.5
L,299.5,309.1,1336,42.1,217,0,0,0,0,0,0,9.600000000000023,5.889591623036649,9135.7
L,299.6,309.2,1422,39.8,219,0,0,0,0,0,0,9.599999999999966,5.926240837696335,8716.199999999999
L,299.6,309.2,1540,36.7,221,0,0,0,0,0,0,9.599999999999966,5.918115183246074,8110.700000000001
L,299.5,309.1,1476,47.8,223,0,0,0,0,0,0,9.600000000000023,7.3877277486911,10659.4
M,299.6,309.2,1867,23.4,225,1,1,0,0,0,0,9.599999999999966,4.5746387434554965,5265.0
H,299.6,309.1,1588,41.3,0,0,0,0,0,0,0,9.5,6.867476439790575,0.0
M,299.5,309.1,1420,49.5,5,0,0,0,0,0,0,9.600000000000023,7.360209424083769,247.5
L,299.5,309.1,1415,49.2,8,0,0,0,0,0,0,9.600000000000023,7.289842931937173,393.6
M,299.4,309.1,1500,43.3,10,0,0,0,0,0,0,9.700000000000045,6.801047120418848,433.0
L,299.5,309.1,1502,44.6,13,0,0,0,0,0,0,9.600000000000023,7.014575916230366,579.8000000000001
L,299.5,309.2,1816,23.0,15,0,0,0,0,0,0,9.699999999999989,4.373612565445026,345.0
M,299.5,309.2,1495,41.6,17,0,0,0,0,0,0,9.699999999999989,6.512251308900524,707.2
L,299.6,309.2,1572,33.4,20,0,0,0,0,0,0,9.599999999999966,5.497884816753926,668.0
M,299.5,309.2,1590,35.9,22,0,0,0,0,0,0,9.699999999999989,5.977068062827225,789.8
M,299.6,309.3,1387,48.3,25,0,0,0,0,0,0,9.699999999999989,7.014879581151831,1207.5
M,299.6,309.2,1393,47.7,28,0,0,0,0,0,0,9.599999999999966,6.957706806282723,1335.6000000000001
L,299.6,309.2,1602,37.3,31,0,0,0,0,0,0,9.599999999999966,6.257026178010471,1156.3
L,299.6,309.2,1601,33.3,33,0,0,0,0,0,0,9.599999999999966,5.5825445026178,1098.8999999999999
H,299.6,309.2,1597,36.3,35,0,0,0,0,0,0,9.599999999999966,6.0702722513089,1270.5
H,299.5,309.1,1548,44.3,40,0,0,0,0,0,0,9.600000000000023,7.180774869109947,1772.0
M,299.5,309.2,1314,61.8,45,0,0,0,0,0,0,9.699999999999989,8.50316230366492,2781.0
M,299.6,309.3,1577,39.8,48,0,0,0,0,0,0,9.699999999999989,6.57220942408377,1910.3999999999999
L,299.8,309.4,1475,43.4,51,0,0,0,0,0,0,9.599999999999966,6.703141361256544,2213.4
L,299.8,309.4,1630,32.4,53,0,0,0,0,0,0,9.599999999999966,5.530052356020942,1717.1999999999998
L,299.7,309.4,1445,42.9,55,0,0,0,0,0,0,9.699999999999989,6.491151832460733,2359.5
M,299.8,309.4,1439,47.4,57,0,0,0,0,0,0,9.599999999999966,7.142261780104711,2701.7999999999997
L,299.7,309.3,1420,44.1,60,0,0,0,0,0,0,9.600000000000023,6.557277486910995,2646.0
H,299.7,309.2,1554,41.6,62,0,0,0,0,0,0,9.5,6.769256544502618,2579.2000000000003
M,299.6,309.1,1471,44.3,67,0,0,0,0,0,0,9.5,6.8235916230366485,2968.1
L,299.6,309.0,1648,33.6,70,0,0,0,0,0,0,9.399999999999977,5.798198952879582,2352.0
L,299.6,309.0,1472,48.8,72,0,0,0,0,0,0,9.399999999999977,7.521842931937172,3513.6
M,299.5,308.9,1448,42.9,74,0,0,0,0,0,0,9.399999999999977,6.504628272251309,3174.6
M,299.6,308.9,1568,35.3,77,0,0,0,0,0,0,9.299999999999955,5.79585340314136,2718.1
L,299.6,308.9,1613,30.8,80,0,0,0,0,0,0,9.299999999999955,5.202136125654451,2464.0
M,299.7,308.9,1551,35.4,82,0,0,0,0,0,0,9.199999999999989,5.749256544502617,2902.7999999999997
L,299.7,309.0,1412,49.2,85,0,0,0,0,0,0,9.300000000000011,7.274387434554975,4182.0
M,299.7,308.9,1478,41.0,87,0,0,0,0,0,0,9.199999999999989,6.345340314136125,3567.0
M,299.8,309.1,1268,58.0,90,0,0,0,0,0,0,9.300000000000011,7.700942408376964,5220.0
L,299.8,309.1,1546,35.6,93,0,0,0,0,0,0,9.300000000000011,5.763099476439791,3310.8
L,299.8,309.0,1567,36.1,95,0,0,0,0,0,0,9.199999999999989,5.923424083769634,3429.5
M,299.9,309.2,1548,35.7,97,0,0,0,0,0,0,9.300000000000011,5.78676439790576,3462.9
L,299.8,309.0,1614,30.8,100,0,0,0,0,0,0,9.199999999999989,5.205361256544503,3080.0
M,299.7,309.1,1352,46.1,102,0,0,0,0,0,0,9.400000000000034,6.526408376963351,4702.2
L,299.9,309.2,1624,34.6,105,0,0,0,0,0,0,9.300000000000011,5.883811518324608,3633.0
L,299.9,309.2,1436,52.0,107,0,0,0,0,0,0,9.300000000000011,7.819057591623037,5564.0
L,299.8,309.2,1591,37.5,109,0,0,0,0,0,0,9.399999999999977,6.24738219895288,4087.5
H,299.8,309.2,1435,42.6,111,0,0,0,0,0,0,9.399999999999977,6.401151832460733,4728.6
L,299.8,309.3,1386,49.4,116,0,0,0,0,0,0,9.5,7.169465968586387,5730.4
L,299.7,309.2,1401,54.1,118,0,0,0,0,0,0,9.5,7.93655497382199,6383.8
M,299.6,309.0,1245,64.0,120,0,0,0,0,0,0,9.399999999999977,8.343455497382198,7680.0
L,299.7,309.1,1475,40.0,123,0,0,0,0,0,0,9.400000000000034,6.178010471204188,4920.0
L,299.7,309.1,1473,39.4,125,0,0,0,0,0,0,9.400000000000034,6.077089005235602,4925.0
H,299.7,309.2,1355,44.8,127,0,0,0,0,0,0,9.5,6.356439790575916,5689.599999999999
H,299.7,309.2,1468,49.6,132,0,0,0,0,0,0,9.5,7.624376963350786,6547.2
L,299.7,309.2,1645,30.8,137,0,0,0,0,0,0,9.5,5.305340314136125,4219.6
L,299.7,309.1,1347,55.3,139,0,0,0,0,0,0,9.400000000000034,7.799905759162303,7686.7
L,299.7,309.1,1713,33.5,141,0,0,0,0,0,0,9.400000000000034,6.008952879581152,4723.5
M,299.6,309.1,1435,48.4,143,0,0,0,0,0,0,9.5,7.272670157068063,6921.2
M,299.6,309.0,1736,26.1,146,0,0,0,0,0,0,9.399999999999977,4.744460732984294,3810.6000000000004
L,299.6,309.0,1372,60.4,149,0,0,0,0,0,0,9.399999999999977,8.677361256544502,8999.6
L,299.7,309.0,1605,33.0,151,0,0,0,0,0,0,9.300000000000011,5.546073298429319,4983.0
L,299.6,309.0,1413,48.5,153,0,0,0,0,0,0,9.399999999999977,7.175968586387435,7420.5
M,299.7,309.0,1645,31.9,155,0,0,0,0,0,0,9.300000000000011,5.494816753926702,4944.5
M,299.7,309.0,1465,49.0,158,0,0,0,0,0,0,9.300000000000011,7.516753926701571,7742.0
M,299.6,308.9,1685,27.8,161,0,0,0,0,0,0,9.299999999999955,4.905026178010472,4475.8
L,299.5,308.8,1965,20.4,164,0,0,0,0,0,0,9.300000000000011,4.197486910994765,3345.6
H,299.4,308.6,1542,41.8,166,0,0,0,0,0,0,9.200000000000045,6.749277486910994,6938.799999999999
L,299.4,308.7,1681,30.8,171,0,0,0,0,0,0,9.300000000000011,5.421445026178011,5266.8
L,299.5,308.7,1446,45.7,173,0,0,0,0,0,0,9.199999999999989,6.919602094240838,7906.1
L,299.4,308.6,1415,56.4,175,0,0,0,0,0,0,9.200000000000045,8.356649214659686,9870.0
L,299.5,308.6,1672,30.5,177,0,0,0,0,0,0,9.100000000000023,5.339895287958115,5398.5
L,299.5,308.7,2549,13.0,179,1,0,0,1,0,0,9.199999999999989,3.4698429319371726,2327.0
L,299.4,308.6,1492,40.5,181,0,0,0,0,0,0,9.200000000000045,6.327329842931937,7330.5
M,299.4,308.6,1455,42.7,183,0,0,0,0,0,0,9.200000000000045,6.505602094240839,7814.1
M,299.3,308.5,1422,43.1,186,0,0,0,0,0,0,9.199999999999989,6.417612565445027,8016.6
L,299.3,308.6,1403,50.6,189,0,0,0,0,0,0,9.300000000000011,7.433696335078534,9563.4
L,299.3,308.6,1474,49.6,191,0,0,0,0,0,0,9.300000000000011,7.655539267015707,9473.6
L,299.2,308.6,1381,50.0,193,0,0,0,0,0,0,9.400000000000034,7.230366492146596,9650.0
L,299.2,308.5,1457,44.7,195,0,0,0,0,0,0,9.300000000000011,6.819675392670157,8716.5
L,299.2,308.4,1711,28.9,197,0,0,0,0,0,0,9.199999999999989,5.17779057591623,5693.299999999999
L,299.2,308.4,1667,29.0,199,0,0,0,0,0,0,9.199999999999989,5.0620942408376965,5771.0
L,299.2,308.4,1465,35.0,201,0,0,0,0,0,0,9.199999999999989,5.369109947643979,7035.0
M,299.3,308.4,1542,37.5,203,1,1,0,0,0,0,9.099999999999966,6.054973821989528,7612.5
M,299.3,308.4,1438,42.3,0,0,0,0,0,0,0,9.099999999999966,6.369361256544502,0.0
L,299.3,308.4,1406,47.4,3,0,0,0,0,0,0,9.099999999999966,6.978471204188481,142.2
M,299.2,308.4,1396,48.5,5,0,0,0,0,0,0,9.199999999999989,7.089633507853403,242.5
M,299.3,308.5,1304,60.6,8,0,0,0,0,0,0,9.199999999999989,8.274596858638745,484.8
L,299.2,308.5,1442,46.5,11,0,0,0,0,0,0,9.300000000000011,7.021256544502617,511.5
M,299.2,308.4,1396,48.7,13,0,0,0,0,0,0,9.199999999999989,7.118869109947644,633.1
H,299.1,308.3,1424,43.4,16,0,0,0,0,0,0,9.199999999999989,6.471371727748691,694.4
H,299.1,308.3,1451,42.8,21,0,0,0,0,0,0,9.199999999999989,6.502910994764397,898.8
L,299.2,308.4,1386,54.1,26,0,0,0,0,0,0,9.199999999999989,7.851581151832462,1406.6000000000001
L,299.1,308.3,1325,46.9,28,0,0,0,0,0,0,9.199999999999989,6.5070680628272255,1313.2
L,299.1,308.3,1559,33.7,30,0,0,0,0,0,0,9.199999999999989,5.501392670157069,1011.0000000000001
L,299.1,308.3,1489,38.1,32,0,0,0,0,0,0,9.199999999999989,5.940408376963351,1219.2
L,299.1,308.3,1892,25.2,34,0,0,0,0,0,0,9.199999999999989,4.992502617801048,856.8
L,299.1,308.2,1319,60.3,36,0,0,0,0,0,0,9.099999999999966,8.32834554973822,2170.7999999999997
L,299.1,308.3,1431,52.3,38,0,0,0,0,0,0,9.199999999999989,7.836785340314137,1987.3999999999999
H,299.1,308.3,1521,36.5,40,0,0,0,0,0,0,9.199999999999989,5.813246073298429,1460.0
M,299.1,308.2,1435,45.2,45,0,0,0,0,0,0,9.099999999999966,6.791832460732985,2034.0000000000002
L,299.1,308.3,1533,42.4,48,0,0,0,0,0,0,9.199999999999989,6.806198952879581,2035.1999999999998
M,299.2,308.4,1529,43.0,50,0,0,0,0,0,0,9.199999999999989,6.884502617801047,2150.0
M,299.2,308.4,1415,43.5,53,0,0,0,0,0,0,9.199999999999989,6.445287958115183,2305.5
M,299.2,308.4,1330,51.2,56,0,0,0,0,0,0,9.199999999999989,7.130471204188481,2867.2000000000003
L,299.2,308.5,1381,60.6,59,0,0,0,0,0,0,9.300000000000011,8.763204188481676,3575.4
L,299.2,308.5,1370,52.4,61,0,0,0,0,0,0,9.300000000000011,7.517068062827225,3196.4
L,299.2,308.5,1438,46.6,63,0,0,0,0,0,0,9.300000000000011,7.016837696335079,2935.8
L,299.3,308.6,1314,48.2,65,0,0,0,0,0,0,9.300000000000011,6.6319162303664925,3133.0
L,299.3,308.6,1437,48.1,67,0,0,0,0,0,0,9.300000000000011,7.237664921465968,3222.7000000000003
L,299.2,308.5,1821,26.1,69,0,0,0,0,0,0,9.300000000000011,4.97676439790576,1800.9
M,299.3,308.6,1448,52.1,71,0,0,0,0,0,0,9.300000000000011,7.899560209424084,3699.1
L,299.3,308.5,1589,32.7,74,0,0,0,0,0,0,9.199999999999989,5.440869109947644,2419.8
L,299.3,308.6,1520,33.7,76,0,0,0,0,0,0,9.300000000000011,5.363769633507854,2561.2000000000003
L,299.3,308.6,1605,37.0,78,0,0,0,0,0,0,9.300000000000011,6.218324607329843,2886.0
L,299.3,308.7,1393,54.2,80,0,0,0,0,0,0,9.399999999999977,7.905821989528796,4336.0
H,299.3,308.7,1408,44.4,82,0,0,0,0,0,0,9.399999999999977,6.546094240837696,3640.7999999999997
M,299.3,308.7,1459,35.6,87,0,0,0,0,0,0,9.399999999999977,5.438785340314136,3097.2000000000003
L,299.4,308.7,1525,39.0,90,0,0,0,0,0,0,9.300000000000011,6.227748691099476,3510.0
L,299.4,308.8,1390,57.0,92,0,0,0,0,0,0,9.400000000000034,8.296335078534032,5244.0
L,299.3,308.7,1536,38.9,94,0,0,0,0,0,0,9.399999999999977,6.256586387434554,3656.6
L,299.4,308.7,1459,47.6,96,0,0,0,0,0,0,9.300000000000011,7.272083769633508,4569.6
L,299.2,308.5,1387,51.1,98,0,0,0,0,0,0,9.300000000000011,7.4215392670157065,5007.8
L,299.2,308.5,1378,53.4,100,0,0,0,0,0,0,9.300000000000011,7.7052565445026175,5340.0
L,299.4,308.7,1381,56.7,102,0,0,0,0,0,0,9.300000000000011,8.199235602094241,5783.400000000001
M,299.4,308.7,1289,60.5,104,0,0,0,0,0,0,9.300000000000011,8.165916230366491,6292.0
L,299.4,308.6,1746,26.8,107,0,0,0,0,0,0,9.200000000000045,4.899769633507853,2867.6
M,299.4,308.6,1541,39.1,109,0,0,0,0,0,0,9.200000000000045,6.309225130890053,4261.900000000001
L,299.4,308.7,1504,37.8,112,0,0,0,0,0,0,9.300000000000011,5.9530052356020935,4233.599999999999
M,299.5,308.7,1321,51.9,114,0,0,0,0,0,0,9.199999999999989,7.179047120418848,5916.599999999999
M,299.5,308.8,1886,20.9,117,0,0,0,0,0,0,9.300000000000011,4.127476439790575,2445.2999999999997
L,299.6,308.9,1422,53.2,120,0,0,0,0,0,0,9.299999999999955,7.921507853403142,6384.0
L,299.5,308.9,1520,38.3,122,0,0,0,0,0,0,9.399999999999977,6.095916230366491,4672.599999999999
L,299.4,308.8,1627,32.6,124,0,0,0,0,0,0,9.400000000000034,5.5539476439790585,4042.4
L,299.4,308.7,1512,37.2,126,0,0,0,0,0,0,9.300000000000011,5.889675392670157,4687.200000000001
L,299.4,308.7,1553,42.7,128,0,0,0,0,0,0,9.300000000000011,6.943780104712043,5465.6
L,299.3,308.7,1802,26.0,130,0,0,0,0,0,0,9.399999999999977,4.905968586387434,3380.0
L,299.3,308.6,1482,37.6,132,0,0,0,0,0,0,9.300000000000011,5.834890052356021,4963.2
L,299.4,308.7,1446,62.9,134,1,0,0,1,0,0,9.300000000000011,9.523916230366492,8428.6
L,299.3,308.6,1371,50.5,136,0,0,0,0,0,0,9.300000000000011,7.24979057591623,6868.0
M,299.2,308.6,1586,35.7,138,0,0,0,0,0,0,9.400000000000034,5.928816753926702,4926.6
L,299.2,308.5,1515,39.8,141,0,0,0,0,0,0,9.300000000000011,6.313821989528795,5611.799999999999
L,299.2,308.5,1374,53.6,143,0,0,0,0,0,0,9.300000000000011,7.711664921465969,7664.8
L,299.1,308.5,1455,39.8,145,0,0,0,0,0,0,9.399999999999977,6.063769633507853,5771.0
H,299.2,308.5,1342,47.5,147,0,0,0,0,0,0,9.300000000000011,6.674869109947644,6982.5
L,299.1,308.6,1260,57.8,152,0,0,0,0,0,0,9.5,7.625968586387435,8785.6
H,299.0,308.5,1623,33.5,154,0,0,0,0,0,0,9.5,5.693246073298429,5159.0
L,299.1,308.5,1371,55.5,159,0,0,0,0,0,0,9.399999999999977,7.9675916230366495,8824.5
L,299.1,308.6,1611,31.4,161,0,0,0,0,0,0,9.5,5.2969005235602085,5055.4
M,299.0,308.4,1535,47.5,163,0,0,0,0,0,0,9.399999999999977,7.634816753926701,7742.5
M,299.1,308.6,1491,38.5,166,0,0,0,0,0,0,9.5,6.010837696335079,6391.0
M,299.1,308.6,1441,36.2,169,0,0,0,0,0,0,9.5,5.462219895287959,6117.8
M,299.1,308.8,1725,26.6,172,0,0,0,0,0,0,9.699999999999989,4.804712041884817,4575.2
L,299.2,308.9,1368,47.2,175,0,0,0,0,0,0,9.699999999999989,6.761214659685865,8260.0
L,299.2,308.9,1526,37.9,177,0,0,0,0,0,0,9.699999999999989,6.056062827225131,6708.3
L,299.2,308.8,1542,39.2,179,0,0,0,0,0,0,9.600000000000023,6.329465968586388,7016.8
L,299.2,308.8,1605,31.1,181,0,0,0,0,0,0,9.600000000000023,5.226753926701571,5629.1
L,299.2,308.8,1405,51.4,183,0,0,0,0,0,0,9.600000000000023,7.561989528795811,9406.199999999999
M,299.2,308.8,1700,33.5,185,0,0,0,0,0,0,9.600000000000023,5.963350785340314,6197.5
H,299.2,308.8,1440,39.1,188,0,0,0,0,0,0,9.600000000000023,5.895706806282723,7350.8
M,299.2,308.8,1314,52.5,193,0,0,0,0,0,0,9.600000000000023,7.223560209424083,10132.5
L,299.2,308.7,1514,41.9,196,0,0,0,0,0,0,9.5,6.642575916230366,8212.4
M,299.2,308.7,1401,47.0,198,0,0,0,0,0,0,9.5,6.894973821989529,9306.0
L,299.3,308.8,1636,29.9,201,0,0,0,0,0,0,9.5,5.12213612565445,6009.9
L,299.3,308.8,1603,33.9,203,0,0,0,0,0,0,9.5,5.6902303664921465,6881.7
M,299.4,308.7,1487,52.6,205,0,0,0,0,0,0,9.300000000000011,8.190178010471204,10783.0
M,299.3,308.7,1420,50.3,208,0,0,0,0,0,0,9.399999999999977,7.479162303664921,10462.4
L,299.3,308.7,1579,36.3,211,0,0,0,0,0,0,9.399999999999977,6.001853403141361,7659.299999999999
L,299.3,308.7,1484,40.5,213,0,0,0,0,0,0,9.399999999999977,6.293403141361257,8626.5
M,299.3,308.7,1390,49.3,215,0,0,0,0,0,0,9.399999999999977,7.175602094240838,10599.5
L,299.3,308.6,1384,53.6,218,1,0,0,0,1,0,9.300000000000011,7.767790575916231,11684.800000000001
L,299.2,308.5,1378,50.4,220,1,0,0,0,1,0,9.300000000000011,7.272376963350785,11088.0
L,299.2,308.5,1445,45.2,222,0,0,0,0,0,0,9.300000000000011,6.8391623036649225,10034.400000000001
L,299.2,308.4,1445,43.5,224,0,0,0,0,0,0,9.199999999999989,6.581937172774869,9744.0
L,299.2,308.4,1509,39.4,0,0,0,0,0,0,0,9.199999999999989,6.225612565445026,0.0
L,299.2,308.4,1434,46.8,2,0,0,0,0,0,0,9.199999999999989,7.027350785340314,93.6
L,299.2,308.4,1877,23.9,4,0,0,0,0,0,0,9.199999999999989,4.697413612565445,95.6
L,299.3,308.3,1651,28.0,6,0,0,0,0,0,0,9.0,4.840628272251309,168.0
L,299.2,308.2,1466,41.3,8,0,0,0,0,0,0,9.0,6.339874345549738,330.4
L,299.1,308.1,1479,40.7,10,0,0,0,0,0,0,9.0,6.30317277486911,407.0
L,299.1,308.2,1409,46.4,12,0,0,0,0,0,0,9.099999999999966,6.845821989528796,556.8
M,299.2,308.2,1674,28.2,14,0,0,0,0,0,0,9.0,4.943120418848167,394.8
L,299.1,308.3,1305,61.4,17,0,0,0,0,0,0,9.199999999999989,8.390261780104712,1043.8
M,299.2,308.3,1755,26.4,19,0,0,0,0,0,0,9.100000000000023,4.85151832460733,501.59999999999997
L,299.2,308.4,1475,38.7,22,0,0,0,0,0,0,9.199999999999989,5.977225130890053,851.4000000000001
L,299.2,308.4,1402,47.7,24,0,0,0,0,0,0,9.199999999999989,7.002659685863875,1144.8000000000002
L,299.2,308.3,1410,43.0,26,0,0,0,0,0,0,9.100000000000023,6.34869109947644,1118.0
L,299.2,308.4,1436,41.8,28,0,0,0,0,0,0,9.199999999999989,6.2853193717277485,1170.3999999999999
M,299.3,308.5,1386,42.2,30,0,0,0,0,0,0,9.199999999999989,6.124523560209425,1266.0
L,299.3,308.6,1744,26.4,33,0,0,0,0,0,0,9.300000000000011,4.821109947643979,871.1999999999999
L,299.2,308.4,1393,48.4,35,0,0,0,0,0,0,9.199999999999989,7.059811518324607,1694.0
M,299.3,308.5,1422,45.4,37,0,0,0,0,0,0,9.199999999999989,6.760083769633507,1679.8
L,299.2,308.4,1841,22.8,40,0,0,0,0,0,0,9.199999999999989,4.395267015706807,912.0
L,299.3,308.6,1433,37.7,42,0,0,0,0,0,0,9.300000000000011,5.65697382198953,1583.4
M,299.3,308.5,1305,60.6,44,0,0,0,0,0,0,9.199999999999989,8.280942408376964,2666.4
H,299.3,308.6,1498,39.5,47,0,0,0,0,0,0,9.300000000000011,6.1959162303664925,1856.5
L,299.3,308.5,1772,26.1,52,0,0,0,0,0,0,9.199999999999989,4.842848167539268,1357.2
M,299.2,308.4,1381,42.5,54,0,0,0,0,0,0,9.199999999999989,6.145811518324607,2295.0
L,299.3,308.5,1413,38.5,57,0,0,0,0,0,0,9.199999999999989,5.696387434554974,2194.5
H,299.2,308.4,1388,53.2,59,0,0,0,0,0,0,9.199999999999989,7.7321047120418855,3138.8
M,299.2,308.6,1631,35.4,64,0,0,0,0,0,0,9.400000000000034,6.045801047120419,2265.6
H,299.3,308.6,1520,41.4,67,0,0,0,0,0,0,9.300000000000011,6.589319371727749,2773.7999999999997
L,299.3,308.5,1510,45.4,72,0,0,0,0,0,0,9.199999999999989,7.178429319371728,3268.7999999999997
L,299.2,308.5,1366,49.7,74,0,0,0,0,0,0,9.300000000000011,7.108921465968586,3677.8
L,299.4,308.5,1845,22.9,76,0,0,0,0,0,0,9.100000000000023,4.42413612565445,1740.3999999999999
L,299.3,308.5,1485,44.7,78,0,0,0,0,0,0,9.199999999999989,6.950732984293194,3486.6000000000004
M,299.3,308.5,1496,39.4,80,0,0,0,0,0,0,9.199999999999989,6.171979057591623,3152.0
M,299.3,308.4,1468,42.2,83,0,0,0,0,0,0,9.099999999999966,6.486869109947644,3502.6000000000004
M,299.2,308.4,1856,22.7,86,0,0,0,0,0,0,9.199999999999989,4.411643979057591,1952.2
L,299.2,308.4,1620,34.1,89,0,0,0,0,0,0,9.199999999999989,5.7845026178010475,3034.9
L,299.3,308.5,1409,44.8,91,0,0,0,0,0,0,9.199999999999989,6.609759162303664,4076.7999999999997
M,299.3,308.5,1404,49.4,93,0,0,0,0,0,0,9.199999999999989,7.262575916230365,4594.2
L,299.2,308.4,1350,51.3,96,0,0,0,0,0,0,9.199999999999989,7.2518324607329845,4924.799999999999
M,299.2,308.4,1538,38.0,98,0,0,0,0,0,0,9.199999999999989,6.11979057591623,3724.0
M,299.2,308.4,1476,32.7,101,0,0,0,0,0,0,9.199999999999989,5.0539476439790585,3302.7000000000003
M,299.2,308.3,1364,51.8,104,0,0,0,0,0,0,9.100000000000023,7.398450261780105,5387.2
M,299.2,308.3,1582,45.5,107,0,0,0,0,0,0,9.100000000000023,7.537277486910995,4868.5
L,299.1,308.2,1348,56.1,110,0,0,0,0,0,0,9.099999999999966,7.91861780104712,6171.0
H,299.1,308.2,1450,46.1,112,0,0,0,0,0,0,9.099999999999966,6.999476439790576,5163.2
L,299.0,308.1,1242,60.9,117,0,0,0,0,0,0,9.100000000000023,7.920188481675393,7125.3
L,299.1,308.2,1493,34.9,119,0,0,0,0,0,0,9.099999999999966,5.456094240837696,4153.099999999999
L,299.1,308.3,1601,31.4,121,0,0,0,0,0,0,9.199999999999989,5.264020942408377,3799.3999999999996
L,299.1,308.2,1568,33.3,123,0,0,0,0,0,0,9.099999999999966,5.467476439790575,4095.8999999999996
M,299.1,308.3,1506,38.0,125,0,0,0,0,0,0,9.199999999999989,5.992460732984293,4750.0
L,299.1,308.3,1524,34.1,128,0,0,0,0,0,0,9.199999999999989,5.441717277486911,4364.8
L,299.1,308.4,1543,37.9,130,0,0,0,0,0,0,9.299999999999955,6.123528795811518,4927.0
M,299.2,308.5,1474,47.2,132,0,0,0,0,0,0,9.300000000000011,7.28510994764398,6230.400000000001
M,299.2,308.5,1526,37.3,135,0,0,0,0,0,0,9.300000000000011,5.9601884816753925,5035.5
L,299.2,308.5,1867,27.0,138,0,0,0,0,0,0,9.300000000000011,5.278429319371727,3726.0
L,299.2,308.5,1487,41.2,140,0,0,0,0,0,0,9.300000000000011,6.415120418848168,5768.0
L,299.2,308.4,1580,32.6,142,0,0,0,0,0,0,9.199999999999989,5.3935078534031415,4629.2
L,299.2,308.5,1340,50.0,144,0,0,0,0,0,0,9.300000000000011,7.015706806282722,7200.0
L,299.2,308.5,1544,41.6,146,0,0,0,0,0,0,9.300000000000011,6.725696335078534,6073.6
L,299.2,308.5,1488,40.3,148,0,0,0,0,0,0,9.300000000000011,6.279204188481675,5964.4
M,299.2,308.5,1742,28.9,150,0,0,0,0,0,0,9.300000000000011,5.271602094240837,4335.0
M,299.1,308.5,1592,34.2,153,0,0,0,0,0,0,9.399999999999977,5.701193717277487,5232.6
L,299.2,308.6,1582,38.8,156,0,0,0,0,0,0,9.400000000000034,6.427392670157068,6052.799999999999
L,299.2,308.5,1490,43.2,158,0,0,0,0,0,0,9.300000000000011,6.7401047120418855,6825.6
M,299.2,308.5,1594,35.8,160,0,0,0,0,0,0,9.300000000000011,5.975413612565445,5728.0
H,299.2,308.6,1462,55.0,163,0,0,0,0,0,0,9.400000000000034,8.419895287958115,8965.0
M,299.2,308.6,1367,47.6,168,0,0,0,0,0,0,9.400000000000034,6.813528795811519,7996.8
L,299.2,308.7,1325,51.0,171,0,0,0,0,0,0,9.5,7.075916230366492,8721.0
H,299.2,308.7,1448,51.4,173,0,0,0,0,0,0,9.5,7.793424083769633,8892.199999999999
M,299.1,308.7,2008,20.3,178,0,0,0,0,0,0,9.599999999999966,4.268314136125655,3613.4
L,299.1,308.7,1498,38.9,181,0,0,0,0,0,0,9.599999999999966,6.101801047120419,7040.9
L,299.1,308.6,1437,41.6,183,0,0,0,0,0,0,9.5,6.259602094240838,7612.8
M,299.1,308.6,1499,45.1,185,0,0,0,0,0,0,9.5,7.079047120418849,8343.5
L,299.0,308.4,1356,52.6,188,0,0,0,0,0,0,9.399999999999977,7.468649214659687,9888.800000000001
L,299.1,308.5,1539,46.8,190,0,0,0,0,0,0,9.399999999999977,7.5419057591623035,8892.0
L,299.1,308.5,1689,32.1,192,0,0,0,0,0,0,9.399999999999977,5.677162303664922,6163.200000000001
L,299.0,308.5,1559,38.1,194,0,0,0,0,0,0,9.5,6.219675392670157,7391.400000000001
L,299.1,308.6,1408,46.7,196,0,0,0,0,0,0,9.5,6.885193717277487,9153.2
L,299.0,308.5,1886,23.0,198,0,0,0,0,0,0,9.5,4.542198952879581,4554.0
L,299.1,308.5,1415,43.4,0,0,0,0,0,0,0,9.399999999999977,6.430471204188482,0.0
M,299.1,308.5,1587,35.6,2,0,0,0,0,0,0,9.399999999999977,5.9159371727748695,71.2
L,299.0,308.4,1571,38.6,5,0,0,0,0,0,0,9.399999999999977,6.34980104712042,193.0
L,298.9,308.3,1576,36.6,7,0,0,0,0,0,0,9.400000000000034,6.039958115183246,256.2
L,298.9,308.3,1660,34.4,9,0,0,0,0,0,0,9.400000000000034,5.9794764397905755,309.59999999999997
M,298.9,308.2,1328,49.2,11,0,0,0,0,0,0,9.300000000000011,6.841633507853404,541.2
H,298.8,308.2,1450,44.7,14,0,0,0,0,0,0,9.399999999999977,6.786910994764399,625.8000000000001
L,298.9,308.2,2384,15.0,19,0,0,0,0,0,0,9.300000000000011,3.744502617801047,285.0
L,298.8,308.2,1443,53.4,21,0,0,0,0,0,0,9.399999999999977,8.068712041884817,1121.3999999999999
M,298.9,308.2,2022,20.0,23,0,0,0,0,0,0,9.300000000000011,4.234554973821989,460.0
L,298.9,308.2,1828,23.8,26,0,0,0,0,0,0,9.300000000000011,4.555643979057592,618.8000000000001
L,298.8,308.1,1472,53.5,28,0,0,0,0,0,0,9.300000000000011,8.246282722513088,1498.0
M,298.9,308.2,1372,63.6,30,1,0,0,1,0,0,9.300000000000011,9.137089005235602,1908.0
L,298.9,308.3,1855,23.8,33,0,0,0,0,0,0,9.400000000000034,4.622931937172775,785.4
M,299.0,308.3,1377,47.2,35,0,0,0,0,0,0,9.300000000000011,6.805696335078534,1652.0
L,298.9,308.3,1432,48.9,38,0,0,0,0,0,0,9.400000000000034,7.332439790575917,1858.2
M,298.9,308.2,1335,47.8,40,0,0,0,0,0,0,9.300000000000011,6.68198952879581,1912.0
M,298.9,308.2,1411,51.3,43,0,0,0,0,0,0,9.300000000000011,7.5795078534031415,2205.9
L,298.9,308.2,1510,43.5,46,0,0,0,0,0,0,9.300000000000011,6.878010471204188,2001.0
L,299.0,308.3,1441,44.0,48,0,0,0,0,0,0,9.300000000000011,6.639162303664921,2112.0
M,299.0,308.2,1358,42.7,50,0,0,0,0,0,0,9.199999999999989,6.071895287958116,2135.0
L,298.9,308.2,1686,30.4,53,0,0,0,0,0,0,9.300000000000011,5.366952879581151,1611.1999999999998
H,299.0,308.2,1662,30.4,55,0,0,0,0,0,0,9.199999999999989,5.2905549738219895,1672.0
L,299.1,308.3,1426,40.1,60,0,0,0,0,0,0,9.199999999999989,5.987706806282723,2406.0
M,299.1,308.4,1330,53.6,62,0,0,0,0,0,0,9.299999999999955,7.464712041884817,3323.2000000000003
L,299.1,308.4,1693,31.6,65,0,0,0,0,0,0,9.299999999999955,5.601968586387435,2054.0
L,299.1,308.4,1426,47.9,67,0,0,0,0,0,0,9.299999999999955,7.152397905759162,3209.2999999999997
L,299.1,308.5,1676,31.0,69,0,0,0,0,0,0,9.399999999999977,5.440418848167539,2139.0
M,299.1,308.4,1332,51.7,71,0,0,0,0,0,0,9.299999999999955,7.210931937172775,3670.7000000000003
L,299.1,308.5,1647,35.0,74,0,0,0,0,0,0,9.399999999999977,6.036125654450262,2590.0
L,299.2,308.6,1267,68.2,76,1,0,0,1,0,0,9.400000000000034,9.048104712041885,5183.2
H,299.2,308.7,1375,55.1,78,0,0,0,0,0,0,9.5,7.933246073298429,4297.8
L,299.3,308.6,1422,48.9,83,0,0,0,0,0,0,9.300000000000011,7.281235602094241,4058.7
L,299.3,308.7,1408,48.7,85,0,0,0,0,0,0,9.399999999999977,7.1800628272251314,4139.5
L,299.4,308.9,1440,42.5,87,0,0,0,0,0,0,9.5,6.408376963350785,3697.5
L,299.3,308.8,1772,25.2,89,0,0,0,0,0,0,9.5,4.675853403141361,2242.7999999999997
L,299.2,308.7,1492,37.8,91,0,0,0,0,0,0,9.5,5.905507853403141,3439.7999999999997
L,299.2,308.7,1650,30.5,93,0,0,0,0,0,0,9.5,5.269633507853404,2836.5
M,299.1,308.6,2329,14.6,95,0,0,0,0,0,0,9.5,3.560565445026178,1387.0
L,299.0,308.6,1648,30.8,98,0,0,0,0,0,0,9.600000000000023,5.315015706806283,3018.4
L,299.0,308.6,1653,31.7,100,0,0,0,0,0,0,9.600000000000023,5.486921465968586,3170.0
L,299.0,308.6,1946,22.3,102,0,0,0,0,0,0,9.600000000000023,4.544062827225131,2274.6
L,299.1,308.6,1555,36.6,104,0,0,0,0,0,0,9.5,5.959476439790576,3806.4
L,299.0,308.6,1661,32.2,106,0,0,0,0,0,0,9.600000000000023,5.6004397905759165,3413.2000000000003
L,299.0,308.6,1434,45.9,108,0,0,0,0,0,0,9.600000000000023,6.892209424083768,4957.2
L,299.0,308.6,1297,54.2,110,0,0,0,0,0,0,9.600000000000023,7.360984293193718,5962.0
L,299.0,308.6,1466,46.4,112,0,0,0,0,0,0,9.600000000000023,7.122764397905758,5196.8
M,298.9,308.6,1517,39.8,114,0,0,0,0,0,0,9.700000000000045,6.322157068062827,4537.2
L,298.9,308.5,1742,34.5,117,0,0,0,0,0,0,9.600000000000023,6.293089005235602,4036.5
L,298.9,308.5,1580,39.1,119,0,0,0,0,0,0,9.600000000000023,6.468900523560209,4652.900000000001
M,298.9,308.5,1534,42.9,121,0,0,0,0,0,0,9.600000000000023,6.8909528795811505,5190.9
L,298.9,308.6,1481,40.7,124,0,0,0,0,0,0,9.700000000000045,6.311696335078534,5046.8
L,299.0,308.6,1429,37.7,126,0,0,0,0,0,0,9.600000000000023,5.6411832460732985,4750.200000000001
M,298.9,308.6,1574,33.5,128,0,0,0,0,0,0,9.700000000000045,5.521361256544503,4288.0
M,298.9,308.6,1524,40.4,131,0,0,0,0,0,0,9.700000000000045,6.447078534031413,5292.4
L,299.0,308.7,1507,37.5,134,0,0,0,0,0,0,9.699999999999989,5.917539267015707,5025.0
L,298.9,308.5,1467,44.7,136,0,0,0,0,0,0,9.600000000000023,6.866481675392671,6079.200000000001
L,298.9,308.4,1301,51.1,138,0,0,0,0,0,0,9.5,6.961371727748691,7051.8
L,298.9,308.5,1429,55.1,140,0,0,0,0,0,0,9.600000000000023,8.244806282722514,7714.0
M,298.9,308.5,1555,37.6,142,0,0,0,0,0,0,9.600000000000023,6.122303664921466,5339.2
L,298.9,308.5,1503,40.6,145,0,0,0,0,0,0,9.600000000000023,6.389717277486911,5887.0
L,298.9,308.5,1459,43.1,147,0,0,0,0,0,0,9.600000000000023,6.5845968586387436,6335.7
H,298.9,308.4,1449,42.4,149,0,0,0,0,0,0,9.5,6.433256544502617,6317.599999999999
L,298.9,308.5,1387,57.3,154,0,0,0,0,0,0,9.600000000000023,8.322,8824.199999999999
M,298.9,308.5,1456,50.0,156,0,0,0,0,0,0,9.600000000000023,7.62303664921466,7800.0
L,299.0,308.5,1604,34.7,159,0,0,0,0,0,0,9.5,5.828146596858639,5517.3
L,299.0,308.6,1734,32.4,161,0,0,0,0,0,0,9.600000000000023,5.882890052356021,5216.4
L,299.0,308.6,1378,47.8,163,0,0,0,0,0,0,9.600000000000023,6.897214659685863,7791.4
L,298.9,308.7,1504,41.8,165,0,0,0,0,0,0,9.800000000000011,6.582952879581152,6896.999999999999
M,298.9,308.7,1402,49.8,167,0,0,0,0,0,0,9.800000000000011,7.3109528795811505,8316.6
H,298.8,308.6,1524,37.7,170,0,0,0,0,0,0,9.800000000000011,6.01620942408377,6409.000000000001
L,298.8,308.6,1593,35.5,175,0,0,0,0,0,0,9.800000000000011,5.921623036649215,6212.5
M,298.9,308.7,1772,28.4,177,0,0,0,0,0,0,9.800000000000011,5.269612565445025,5026.8
H,298.9,308.6,1623,31.0,180,0,0,0,0,0,0,9.700000000000045,5.268376963350786,5580.0
L,298.9,308.7,1356,50.7,185,0,0,0,0,0,0,9.800000000000011,7.198869109947644,9379.5
H,298.9,308.7,1500,41.6,187,0,0,0,0,0,0,9.800000000000011,6.534031413612565,7779.2
H,299.1,308.8,1566,46.6,192,0,0,0,0,0,0,9.699999999999989,7.641424083769635,8947.2
L,299.1,308.9,1445,43.4,197,0,0,0,0,0,0,9.799999999999955,6.566806282722513,8549.8
H,299.0,308.8,1382,58.5,199,0,0,0,0,0,0,9.800000000000011,8.46565445026178,11641.5
M,299.0,308.8,1418,45.7,204,0,0,0,0,0,0,9.800000000000011,6.785612565445027,9322.800000000001
L,299.1,308.8,1329,53.6,207,1,0,0,0,1,0,9.699999999999989,7.459099476439792,11095.2
M,299.1,308.8,1491,41.0,209,0,0,0,0,0,0,9.699999999999989,6.401151832460733,8569.0
M,299.2,308.9,1573,37.4,212,0,0,0,0,0,0,9.699999999999989,6.160230366492146,7928.799999999999
M,299.2,308.9,1521,42.3,215,0,0,0,0,0,0,9.699999999999989,6.736994764397905,9094.5
L,299.1,308.9,1467,47.2,218,0,0,0,0,0,0,9.799999999999955,7.250513089005237,10289.6
M,299.1,308.9,1325,48.4,220,0,0,0,0,0,0,9.799999999999955,6.715183246073298,10648.0
L,299.1,308.9,1617,32.3,223,0,0,0,0,0,0,9.799999999999955,5.469015706806283,7202.9
M,299.1,308.9,1476,42.7,225,0,0,0,0,0,0,9.799999999999955,6.599497382198954,9607.5
L,299.2,309.0,1515,48.9,228,1,0,0,0,1,0,9.800000000000011,7.757434554973822,11149.199999999999
L,299.2,309.0,1408,47.2,0,0,0,0,0,0,0,9.800000000000011,6.958910994764398,0.0
L,299.2,309.1,1468,45.6,2,0,0,0,0,0,0,9.900000000000034,7.009507853403142,91.2
L,299.2,309.1,1387,48.7,4,0,0,0,0,0,0,9.900000000000034,7.07297382198953,194.8
M,299.2,309.1,1503,34.7,6,0,0,0,0,0,0,9.900000000000034,5.461162303664922,208.20000000000002
H,299.2,309.1,1410,47.1,9,0,0,0,0,0,0,9.900000000000034,6.954031413612565,423.90000000000003
L,299.0,308.9,1615,30.6,14,0,0,0,0,0,0,9.899999999999977,5.17476439790576,428.40000000000003
L,299.0,308.9,1511,35.9,16,0,0,0,0,0,0,9.899999999999977,5.680094240837697,574.4
L,299.1,309.0,1405,53.8,18,0,0,0,0,0,0,9.899999999999977,7.915078534031414,968.4
M,299.0,308.9,1526,41.1,20,0,0,0,0,0,0,9.899999999999977,6.5673926701570675,822.0
L,298.9,308.8,1530,38.3,23,0,0,0,0,0,0,9.900000000000034,6.1360209424083765,880.9
L,299.0,308.7,1583,32.5,25,0,0,0,0,0,0,9.699999999999989,5.38717277486911,812.5
L,298.9,308.6,2069,18.7,27,0,0,0,0,0,0,9.700000000000045,4.051340314136125,504.9
L,298.8,308.5,1490,35.0,29,0,0,0,0,0,0,9.699999999999989,5.460732984293194,1015.0
L,298.8,308.5,1736,29.0,31,0,0,0,0,0,0,9.699999999999989,5.271623036649214,899.0
L,298.8,308.5,1395,44.4,33,0,0,0,0,0,0,9.699999999999989,6.48565445026178,1465.2
M,298.9,308.6,1425,49.6,35,0,0,0,0,0,0,9.700000000000045,7.401047120418848,1736.0
L,298.8,308.6,1631,32.4,38,0,0,0,0,0,0,9.800000000000011,5.5334450261780095,1231.2
L,298.8,308.6,1535,41.2,40,0,0,0,0,0,0,9.800000000000011,6.6221989528795815,1648.0
L,298.8,308.6,1584,34.4,42,0,0,0,0,0,0,9.800000000000011,5.705717277486911,1444.8
M,298.8,308.7,1543,38.2,44,0,0,0,0,0,0,9.899999999999977,6.172000000000001,1680.8000000000002
L,298.8,308.7,1635,35.2,47,0,0,0,0,0,0,9.899999999999977,6.026387434554975,1654.4
M,298.8,308.7,1446,45.5,49,0,0,0,0,0,0,9.899999999999977,6.8893193717277486,2229.5
M,298.8,308.6,1598,35.1,52,0,0,0,0,0,0,9.800000000000011,5.873277486910995,1825.2
L,298.8,308.6,1501,35.0,55,0,0,0,0,0,0,9.800000000000011,5.501047120418848,1925.0
L,298.8,308.5,1450,50.8,57,0,0,0,0,0,0,9.699999999999989,7.713089005235602,2895.6
L,298.8,308.6,1730,25.9,59,0,0,0,0,0,0,9.800000000000011,4.691832460732984,1528.1
M,298.8,308.6,1571,33.7,61,0,0,0,0,0,0,9.800000000000011,5.543738219895288,2055.7000000000003
L,298.9,308.7,1438,51.7,64,0,0,0,0,0,0,9.800000000000011,7.784774869109948,3308.8
M,298.8,308.5,1510,38.7,66,0,0,0,0,0,0,9.699999999999989,6.119057591623037,2554.2000000000003
L,298.9,308.7,1389,44.9,69,0,0,0,0,0,0,9.800000000000011,6.53048167539267,3098.1
L,298.8,308.7,1490,33.6,71,0,0,0,0,0,0,9.899999999999977,5.242303664921466,2385.6
L,298.9,308.7,1729,26.6,73,0,0,0,0,0,0,9.800000000000011,4.815853403141362,1941.8000000000002
L,299.0,308.8,1495,38.4,75,0,0,0,0,0,0,9.800000000000011,6.01130890052356,2880.0
L,298.9,308.8,1281,53.9,77,0,0,0,0,0,0,9.900000000000034,7.229937172774869,4150.3
H,298.9,308.7,1353,48.1,79,0,0,0,0,0,0,9.800000000000011,6.814586387434555,3799.9
L,299.1,308.8,1429,50.1,84,0,0,0,0,0,0,9.699999999999989,7.496638743455498,4208.400000000001
L,299.1,308.8,1413,42.1,86,0,0,0,0,0,0,9.699999999999989,6.22903664921466,3620.6
L,299.1,308.8,1502,38.3,88,0,0,0,0,0,0,9.699999999999989,6.023727748691099,3370.3999999999996
H,299.1,308.8,1553,32.6,90,0,0,0,0,0,0,9.699999999999989,5.301340314136126,2934.0
H,299.2,308.9,1712,26.4,95,0,0,0,0,0,0,9.699999999999989,4.732649214659685,2508.0
L,299.3,309.0,1786,23.5,100,0,0,0,0,0,0,9.699999999999989,4.394869109947644,2350.0
L,299.2,309.0,1951,21.4,102,0,0,0,0,0,0,9.800000000000011,4.371874345549737,2182.7999999999997
M,299.2,309.0,1541,36.3,104,0,0,0,0,0,0,9.800000000000011,5.857413612565445,3775.2
L,299.2,309.1,1605,34.3,107,0,0,0,0,0,0,9.900000000000034,5.764554973821989,3670.1
L,299.2,309.1,1578,38.1,109,0,0,0,0,0,0,9.900000000000034,6.295476439790576,4152.900000000001
M,299.3,309.2,1440,37.5,111,0,0,0,0,0,0,9.899999999999977,5.654450261780105,4162.5
L,299.4,309.2,1489,42.3,114,0,0,0,0,0,0,9.800000000000011,6.595256544502617,4822.2
L,299.4,309.3,1366,48.4,116,0,0,0,0,0,0,9.900000000000034,6.922973821989528,5614.4
L,299.3,309.2,1541,37.2,118,0,0,0,0,0,0,9.899999999999977,6.002638743455498,4389.6
H,299.3,309.1,1552,40.7,120,0,0,0,0,0,0,9.800000000000011,6.61428272251309,4884.0
L,299.3,309.1,1473,40.3,125,0,0,0,0,0,0,9.800000000000011,6.215905759162303,5037.5
L,299.3,309.1,1531,37.9,127,0,0,0,0,0,0,9.800000000000011,6.075905759162304,4813.3
L,299.3,309.2,1511,37.2,129,0,0,0,0,0,0,9.899999999999977,5.885780104712042,4798.8
M,299.3,309.1,1449,47.9,131,0,0,0,0,0,0,9.800000000000011,7.267759162303664,6274.9
M,299.4,309.1,1440,50.0,134,0,0,0,0,0,0,9.700000000000045,7.539267015706806,6700.0
M,299.2,309.0,1881,23.9,137,0,0,0,0,0,0,9.800000000000011,4.707424083769633,3274.2999999999997
L,299.3,309.0,1447,50.4,140,0,0,0,0,0,1,9.699999999999989,7.636523560209424,7056.0
M,299.4,309.1,1326,62.0,142,0,0,0,0,0,0,9.700000000000045,8.608586387434555,8804.0
L,299.4,309.2,1607,31.7,145,0,0,0,0,0,0,9.800000000000011,5.334230366492147,4596.5
L,299.3,309.1,1551,39.1,147,0,0,0,0,0,0,9.800000000000011,6.350167539267017,5747.7
L,299.3,309.1,1496,37.2,149,0,0,0,0,0,0,9.800000000000011,5.827350785340315,5542.8
L,299.3,309.1,1493,38.0,151,0,0,0,0,0,0,9.800000000000011,5.940732984293193,5738.0
L,299.4,309.1,1304,50.5,153,0,0,0,0,0,0,9.700000000000045,6.895497382198953,7726.5
M,299.3,309.0,1420,41.6,155,0,0,0,0,0,0,9.699999999999989,6.185549738219895,6448.0
L,299.4,309.1,1766,24.6,158,0,0,0,0,0,0,9.700000000000045,4.549068062827225,3886.8
L,299.6,309.2,1450,43.1,160,0,0,0,0,0,0,9.599999999999966,6.543979057591623,6896.0
H,299.5,309.2,1872,22.6,162,0,0,0,0,0,0,9.699999999999989,4.43007329842932,3661.2000000000003
L,299.6,309.2,1713,26.5,167,0,0,0,0,0,0,9.599999999999966,4.753350785340314,4425.5
M,299.5,309.2,1497,40.9,169,0,0,0,0,0,0,9.699999999999989,6.411235602094241,6912.099999999999
M,299.4,309.1,1352,44.7,172,0,0,0,0,0,0,9.700000000000045,6.32820942408377,7688.400000000001
L,299.5,309.2,1499,41.5,175,0,0,0,0,0,0,9.699999999999989,6.513979057591623,7262.5
L,299.5,309.3,1972,19.3,177,0,0,0,0,0,0,9.800000000000011,3.9852984293193714,3416.1
L,299.5,309.3,1422,49.2,179,0,0,0,0,0,0,9.800000000000011,7.325905759162304,8806.800000000001
L,299.5,309.3,1523,41.5,181,0,0,0,0,0,0,9.800000000000011,6.618272251308901,7511.5
L,299.5,309.4,1563,41.5,183,0,0,0,0,0,0,9.899999999999977,6.792094240837696,7594.5
L,299.4,309.3,1391,46.6,185,0,0,0,0,0,0,9.900000000000034,6.787497382198953,8621.0
L,299.3,309.1,1795,24.7,187,0,0,0,0,0,0,9.800000000000011,4.642565445026178,4618.9
L,299.3,309.1,1293,53.7,189,0,0,0,0,0,0,9.800000000000011,7.270586387434555,10149.300000000001
L,299.2,309.1,1345,60.7,191,1,0,0,0,1,0,9.900000000000034,8.548848167539267,11593.7
L,299.2,309.0,1615,33.7,193,0,0,0,0,0,0,9.800000000000011,5.699005235602095,6504.1
L,299.2,308.9,1342,50.8,195,0,0,0,0,0,0,9.699999999999989,7.138596858638743,9906.0
L,299.1,308.8,1502,46.7,197,0,0,0,0,0,0,9.699999999999989,7.344858638743457,9199.900000000001
M,299.0,308.7,1620,35.4,199,0,0,0,0,0,0,9.699999999999989,6.005026178010471,7044.599999999999
L,299.0,308.7,1537,42.8,202,0,0,0,0,0,0,9.699999999999989,6.8883350785340305,8645.599999999999
L,299.0,308.7,2248,16.8,204,0,0,0,0,0,0,9.699999999999989,3.9545968586387437,3427.2000000000003
L,299.0,308.7,1706,28.6,206,0,0,0,0,0,0,9.699999999999989,5.109068062827226,5891.6
L,299.0,308.7,2250,16.6,208,0,0,0,0,0,0,9.699999999999989,3.910994764397906,3452.8
L,299.0,308.7,1396,48.6,0,0,0,0,0,0,0,9.699999999999989,7.104251308900524,0.0
L,298.9,308.6,1522,46.4,2,0,0,0,0,0,0,9.700000000000045,7.394848167539267,92.8
L,298.9,308.6,1539,45.4,4,0,0,0,0,0,0,9.700000000000045,7.316293193717277,181.6
H,298.9,308.5,1415,54.0,6,0,0,0,0,0,0,9.600000000000023,8.001047120418848,324.0
L,298.8,308.5,1446,37.0,11,0,0,0,0,0,0,9.699999999999989,5.602303664921466,407.0
M,298.8,308.6,1486,41.1,13,0,0,0,0,0,0,9.800000000000011,6.395246073298429,534.3000000000001
L,299.0,308.7,1426,38.6,16,0,0,0,0,0,0,9.699999999999989,5.7637277486911,617.6
L,299.0,308.7,1449,38.9,18,0,0,0,0,0,0,9.699999999999989,5.90220942408377,700.1999999999999
L,299.1,308.8,1320,67.5,20,1,0,0,1,0,0,9.699999999999989,9.329842931937172,1350.0
M,299.2,308.9,1447,39.6,22,0,0,0,0,0,0,9.699999999999989,6.000125654450263,871.2
L,299.3,309.0,1422,47.3,25,0,0,0,0,0,0,9.699999999999989,7.042994764397905,1182.5
L,299.3,309.1,1399,52.1,27,0,0,0,0,0,0,9.800000000000011,7.632240837696336,1406.7
L,299.4,309.2,1427,41.5,29,0,0,0,0,0,0,9.800000000000011,6.201099476439791,1203.5
M,299.3,309.2,1334,46.3,31,0,0,0,0,0,0,9.899999999999977,6.467455497382199,1435.3
M,299.3,309.1,1385,45.6,34,0,0,0,0,0,0,9.800000000000011,6.613193717277487,1550.4
L,299.4,309.2,1552,37.4,37,0,0,0,0,0,0,9.800000000000011,6.077989528795811,1383.8
H,299.4,309.3,1534,37.5,39,0,0,0,0,0,0,9.900000000000034,6.023560209424084,1462.5
L,299.4,309.3,1448,48.6,44,0,0,0,0,0,0,9.900000000000034,7.368879581151833,2138.4
L,299.5,309.3,1409,44.7,46,0,0,0,0,0,0,9.800000000000011,6.595005235602095,2056.2000000000003
L,299.4,309.2,1621,34.5,48,0,0,0,0,0,0,9.800000000000011,5.8559685863874344,1656.0
H,299.4,309.1,1547,40.9,50,0,0,0,0,0,0,9.700000000000045,6.625371727748691,2045.0
L,299.4,309.1,1957,22.1,55,0,0,0,0,0,0,9.700000000000045,4.52876439790576,1215.5
L,299.4,309.1,2421,14.2,57,0,0,0,0,0,0,9.700000000000045,3.599811518324607,809.4
M,299.3,309.1,1571,38.3,59,0,0,0,0,0,0,9.800000000000011,6.300450261780104,2259.7
L,299.3,309.1,1634,36.8,62,0,0,0,0,0,0,9.800000000000011,6.2964607329842925,2281.6
L,299.3,309.0,1516,38.7,64,0,0,0,0,0,0,9.699999999999989,6.143371727748692,2476.8
L,299.4,309.1,1207,66.5,66,0,0,0,0,0,0,9.700000000000045,8.40476439790576,4389.0
L,299.4,309.1,1670,35.9,68,0,0,0,0,0,0,9.700000000000045,6.277801047120419,2441.2
M,299.4,309.1,1461,48.6,70,0,0,0,0,0,0,9.700000000000045,7.43503664921466,3402.0
L,299.4,309.2,1569,40.8,73,0,0,0,0,0,0,9.800000000000011,6.7031623036649215,2978.3999999999996
L,299.4,309.2,1556,35.7,75,0,0,0,0,0,0,9.800000000000011,5.816670157068064,2677.5
M,299.5,309.3,1506,41.5,77,0,0,0,0,0,0,9.800000000000011,6.544397905759162,3195.5
M,299.6,309.4,1642,30.3,80,0,0,0,0,0,0,9.799999999999955,5.209696335078534,2424.0
M,299.6,309.4,1283,62.1,83,0,0,0,0,0,0,9.799999999999955,8.342858638743456,5154.3
H,299.7,309.5,1375,46.8,86,0,0,0,0,0,0,9.800000000000011,6.7382198952879575,4024.7999999999997
L,299.7,309.4,1399,39.9,91,0,0,0,0,0,0,9.699999999999989,5.845036649214659,3630.9
L,299.7,309.4,1650,29.8,93,0,0,0,0,0,0,9.699999999999989,5.14869109947644,2771.4
M,299.8,309.6,1346,53.2,95,0,0,0,0,0,0,9.800000000000011,7.49813612565445,5054.0
H,299.9,309.6,1410,51.2,98,0,0,0,0,0,0,9.700000000000045,7.559371727748691,5017.6
L,300.0,309.7,1586,37.8,103,0,0,0,0,0,0,9.699999999999989,6.277570680628272,3893.3999999999996
L,300.0,309.8,1372,39.6,105,0,0,0,0,0,0,9.800000000000011,5.689130890052357,4158.0
H,300.0,309.7,1529,42.4,107,0,0,0,0,0,0,9.699999999999989,6.788439790575916,4536.8
M,300.0,309.7,1652,28.6,112,0,0,0,0,0,0,9.699999999999989,4.947350785340315,3203.2000000000003
L,300.1,309.8,1532,39.8,115,0,0,0,0,0,0,9.699999999999989,6.384670157068062,4577.0
L,300.0,309.7,1554,32.0,117,0,0,0,0,0,0,9.699999999999989,5.2071204188481675,3744.0
H,299.9,309.6,1462,51.0,119,0,0,0,0,0,0,9.700000000000045,7.807539267015707,6069.0
L,299.9,309.6,1254,61.3,124,0,0,0,0,0,0,9.700000000000045,8.04923560209424,7601.2
L,299.9,309.6,1294,49.7,126,0,0,0,0,0,0,9.700000000000045,6.734219895287959,6262.200000000001
L,299.8,309.5,1739,27.5,128,0,0,0,0,0,0,9.699999999999989,5.0075916230366495,3520.0
M,299.8,309.4,1412,47.8,130,0,0,0,0,0,0,9.599999999999966,7.0673926701570675,6214.0
M,299.9,309.5,1372,56.2,133,0,0,0,0,0,0,9.600000000000023,8.073968586387435,7474.6
H,299.8,309.5,1420,46.7,136,0,0,0,0,0,0,9.699999999999989,6.943874345549738,6351.200000000001
L,299.8,309.5,1542,40.3,141,0,0,0,0,0,0,9.699999999999989,6.507078534031414,5682.299999999999
M,299.8,309.4,1401,48.1,143,0,0,0,0,0,0,9.599999999999966,7.056345549738221,6878.3
L,299.8,309.4,1510,42.5,146,0,0,0,0,0,0,9.599999999999966,6.719895287958115,6205.0
H,299.9,309.5,1547,38.5,148,0,0,0,0,0,0,9.600000000000023,6.236596858638744,5698.0
M,299.8,309.5,1453,43.2,153,0,0,0,0,0,0,9.699999999999989,6.572732984293195,6609.6
L,299.8,309.4,1408,45.6,156,0,0,0,0,0,0,9.599999999999966,6.723015706806283,7113.6
L,299.8,309.4,1436,51.6,158,0,0,0,0,0,0,9.599999999999966,7.758910994764398,8152.8
M,299.9,309.5,1582,38.2,160,0,0,0,0,0,0,9.600000000000023,6.328,6112.0
L,299.9,309.6,1280,59.3,163,0,0,0,0,0,0,9.700000000000045,7.948062827225131,9665.9
L,299.9,309.5,2008,20.4,165,0,0,0,0,0,0,9.600000000000023,4.289340314136125,3365.9999999999995
L,299.9,309.5,1772,23.5,167,0,0,0,0,0,0,9.600000000000023,4.360418848167539,3924.5
L,299.9,309.5,1779,26.1,169,0,0,0,0,0,0,9.600000000000023,4.861979057591623,4410.900000000001
L,299.9,309.5,1567,35.5,171,0,0,0,0,0,0,9.600000000000023,5.824973821989529,6070.5
M,299.8,309.4,1751,27.0,173,0,0,0,0,0,0,9.599999999999966,4.9504712041884815,4671.0
L,299.9,309.5,1349,51.3,176,0,0,0,0,0,0,9.600000000000023,7.246460732984293,9028.8
M,300.0,309.5,1425,40.8,178,0,0,0,0,0,0,9.5,6.087958115183246,7262.4
L,300.0,309.4,1395,44.5,181,0,0,0,0,0,0,9.399999999999977,6.5002617801047125,8054.5
H,299.8,309.3,1595,32.1,183,0,0,0,0,0,0,9.5,5.3612041884816755,5874.3
L,299.8,309.3,1291,56.4,188,0,0,0,0,0,0,9.5,7.624335078534031,10603.199999999999
M,299.9,309.4,1509,42.8,190,0,0,0,0,0,0,9.5,6.762848167539267,8131.999999999999
M,299.9,309.4,1483,38.1,193,0,0,0,0,0,0,9.5,5.916471204188482,7353.3
L,299.9,309.3,1620,31.1,196,0,0,0,0,0,0,9.400000000000034,5.2756020942408375,6095.6
M,299.9,309.4,1487,42.2,198,0,0,0,0,0,0,9.5,6.57082722513089,8355.6
L,299.8,309.4,2256,15.9,201,0,0,0,0,0,0,9.599999999999966,3.756062827225131,3195.9
H,299.7,309.2,1691,27.7,203,0,0,0,0,0,0,9.5,4.9047853403141355,5623.099999999999
M,299.8,309.3,1663,35.2,208,0,0,0,0,0,0,9.5,6.129591623036649,7321.6
M,299.8,309.3,1640,31.1,211,0,0,0,0,0,0,9.5,5.340732984293194,6562.1
H,299.7,309.3,1494,37.8,214,0,0,0,0,0,0,9.600000000000023,5.913424083769633,8089.2
L,299.8,309.4,1467,46.2,219,0,0,0,0,0,0,9.599999999999966,7.09690052356021,10117.800000000001
M,299.7,309.3,1399,41.9,221,1,1,0,0,0,0,9.600000000000023,6.138020942408377,9259.9
L,299.7,309.3,1445,42.6,0,0,0,0,0,0,0,9.600000000000023,6.4457591623036645,0.0
L,299.8,309.4,1480,40.9,2,0,0,0,0,0,0,9.599999999999966,6.338429319371728,81.8
L,299.7,309.3,1546,37.2,4,0,0,0,0,0,0,9.600000000000023,6.022115183246074,148.8
L,299.7,309.3,1574,35.8,6,0,0,0,0,0,0,9.600000000000023,5.900439790575916,214.79999999999998
L,299.7,309.3,1592,34.2,8,0,0,0,0,0,0,9.600000000000023,5.701193717277487,273.6
L,299.8,309.5,1495,39.6,10,0,0,0,0,0,0,9.699999999999989,6.199162303664921,396.0
L,299.8,309.6,1447,43.1,12,0,0,0,0,0,0,9.800000000000011,6.530439790575917,517.2
L,299.8,309.5,1476,44.4,14,0,0,0,0,0,0,9.699999999999989,6.862240837696335,621.6
L,299.8,309.5,1641,27.1,16,0,0,0,0,0,0,9.699999999999989,4.656659685863875,433.6
L,299.8,309.5,1545,32.2,18,0,0,0,0,0,0,9.699999999999989,5.20931937172775,579.6
M,299.9,309.6,1364,44.4,20,0,0,0,0,0,0,9.700000000000045,6.341528795811518,888.0
L,299.8,309.5,1590,28.5,23,0,0,0,0,0,0,9.699999999999989,4.745026178010471,655.5
L,299.8,309.4,1460,37.4,25,0,0,0,0,0,0,9.599999999999966,5.717696335078534,935.0
L,299.8,309.4,1609,32.5,27,0,0,0,0,0,0,9.599999999999966,5.47565445026178,877.5
L,299.8,309.4,1633,27.5,29,0,0,0,0,0,0,9.599999999999966,4.702356020942409,797.5
L,299.9,309.4,1348,52.8,31,0,0,0,0,0,0,9.5,7.452816753926701,1636.8
L,299.9,309.4,1322,53.9,33,0,0,0,0,0,0,9.5,7.461340314136126,1778.7
L,300.0,309.5,1641,30.1,35,0,0,0,0,0,0,9.5,5.172157068062828,1053.5
L,300.0,309.5,1728,26.0,37,0,0,0,0,0,0,9.5,4.704502617801047,962.0
L,300.0,309.6,1431,47.7,39,0,0,0,0,0,0,9.600000000000023,7.147507853403141,1860.3000000000002
L,300.1,309.7,1641,30.4,41,0,0,0,0,0,0,9.599999999999966,5.223706806282722,1246.3999999999999
M,300.1,309.6,1622,36.1,43,0,0,0,0,0,0,9.5,6.131329842931938,1552.3
M,300.1,309.6,1625,38.0,46,0,0,0,0,0,0,9.5,6.465968586387435,1748.0
L,300.0,309.5,1869,22.7,49,0,0,0,0,0,0,9.5,4.4425445026178005,1112.3
L,300.0,309.6,1452,46.0,51,0,0,0,0,0,0,9.600000000000023,6.993926701570681,2346.0
L,300.0,309.6,1618,28.7,53,0,0,0,0,0,0,9.600000000000023,4.862471204188481,1521.1
L,300.0,309.4,2010,20.0,55,0,0,0,0,0,0,9.399999999999977,4.209424083769633,1100.0
L,299.9,309.4,1363,60.9,57,0,0,0,0,0,0,9.5,8.691801047120418,3471.2999999999997
L,299.9,309.3,1473,40.4,59,0,0,0,0,0,0,9.400000000000034,6.231329842931937,2383.6
L,299.9,309.2,1333,50.8,61,0,0,0,0,0,0,9.300000000000011,7.090722513089005,3098.7999999999997
L,299.8,309.2,1760,25.9,63,0,0,0,0,0,0,9.399999999999977,4.773193717277487,1631.6999999999998
M,299.8,309.2,1372,58.2,65,0,0,0,0,0,0,9.399999999999977,8.361298429319373,3783.0
M,299.7,309.2,1608,34.4,68,0,0,0,0,0,0,9.5,5.792167539267015,2339.2
L,299.7,309.2,1326,64.8,71,0,0,0,0,0,0,9.5,8.997361256544503,4600.8
M,299.6,309.1,1560,37.1,73,0,0,0,0,0,0,9.5,6.060314136125655,2708.3
M,299.6,309.0,1539,36.1,76,0,0,0,0,0,0,9.399999999999977,5.817581151832461,2743.6
L,299.6,309.1,2266,15.3,79,0,0,0,0,0,0,9.5,3.63034554973822,1208.7
L,299.6,309.1,1641,35.8,81,0,0,0,0,0,0,9.5,6.151602094240837,2899.7999999999997
L,299.6,309.1,1574,39.2,83,0,0,0,0,0,0,9.5,6.460816753926702,3253.6000000000004
L,299.6,309.1,1407,50.6,85,0,0,0,0,0,0,9.5,7.454890052356021,4301.0
H,299.7,309.2,1302,55.5,87,0,0,0,0,0,0,9.5,7.566596858638744,4828.5
M,299.6,309.2,1651,30.8,92,0,0,0,0,0,0,9.599999999999966,5.32469109947644,2833.6
M,299.6,309.1,1366,55.2,95,0,0,0,0,0,0,9.5,7.895623036649214,5244.0
M,299.5,309.0,1701,28.6,98,0,0,0,0,0,0,9.5,5.094094240837697,2802.8
L,299.5,309.0,1498,44.6,101,0,0,0,0,0,0,9.5,6.995895287958115,4504.6
M,299.5,309.1,1422,45.3,103,0,0,0,0,0,0,9.600000000000023,6.745193717277487,4665.9
L,299.5,309.1,1357,47.3,106,0,0,0,0,0,0,9.600000000000023,6.721057591623037,5013.799999999999
L,299.5,309.2,1690,29.2,108,0,0,0,0,0,0,9.699999999999989,5.167329842931937,3153.6
L,299.6,309.2,1559,39.1,110,0,0,0,0,0,0,9.599999999999966,6.382921465968587,4301.0
M,299.6,309.3,1553,32.4,112,0,0,0,0,0,0,9.699999999999989,5.268816753926702,3628.7999999999997
L,299.6,309.3,1558,34.8,115,0,0,0,0,0,0,9.699999999999989,5.677319371727748,4001.9999999999995
L,299.7,309.4,1362,51.9,117,0,0,0,0,0,0,9.699999999999989,7.40186387434555,6072.3
M,299.8,309.3,1470,42.7,119,0,0,0,0,0,0,9.5,6.572670157068064,5081.3
L,299.8,309.4,1555,34.8,122,0,0,0,0,0,0,9.599999999999966,5.666387434554973,4245.599999999999
M,299.8,309.4,1423,42.9,124,0,0,0,0,0,0,9.599999999999966,6.392324607329843,5319.599999999999
L,299.7,309.3,1434,38.5,127,0,0,0,0,0,0,9.600000000000023,5.781047120418848,4889.5
L,299.7,309.3,1779,25.5,129,0,0,0,0,0,0,9.600000000000023,4.75020942408377,3289.5
L,299.7,309.3,1417,54.6,131,0,0,0,0,0,0,9.600000000000023,8.10138219895288,7152.6
L,299.6,309.2,1425,45.9,133,0,0,0,0,0,0,9.599999999999966,6.848952879581152,6104.7
M,299.7,309.2,1597,32.9,135,0,0,0,0,0,0,9.5,5.501706806282722,4441.5
L,299.7,309.2,1346,57.4,138,0,0,0,0,0,0,9.5,8.090094240837695,7921.2
L,299.7,309.2,1422,40.4,140,0,0,0,0,0,0,9.5,6.0155811518324604,5656.0
H,299.7,309.2,1572,32.8,142,0,0,0,0,0,0,9.5,5.399120418848168,4657.599999999999
L,299.7,309.2,1412,45.4,147,0,0,0,0,0,0,9.5,6.712544502617801,6673.8
M,299.7,309.1,1576,36.4,149,0,0,0,0,0,0,9.400000000000034,6.006952879581151,5423.599999999999
M,299.7,309.1,1508,41.2,152,0,0,0,0,0,0,9.400000000000034,6.505717277486911,6262.400000000001
M,299.8,309.1,1496,44.4,155,0,0,0,0,0,0,9.300000000000011,6.955225130890052,6882.0
L,299.8,309.2,1572,35.4,158,0,0,0,0,0,0,9.399999999999977,5.82709947643979,5593.2
L,299.6,309.0,1525,42.8,160,0,0,0,0,0,0,9.399999999999977,6.834554973821989,6848.0
L,299.6,309.0,1378,51.9,162,0,0,0,0,0,0,9.399999999999977,7.488816753926701,8407.8
L,299.6,309.1,1369,51.4,164,0,0,0,0,0,0,9.5,7.368230366492146,8429.6
L,299.6,309.1,1476,45.3,166,0,0,0,0,0,0,9.5,7.001340314136126,7519.799999999999
L,299.7,309.2,1620,30.0,168,0,0,0,0,0,0,9.5,5.0890052356020945,5040.0
M,299.7,309.1,1603,38.5,170,0,0,0,0,0,0,9.400000000000034,6.4623560209424085,6545.0
L,299.7,309.2,1411,46.1,173,0,0,0,0,0,0,9.5,6.811214659685864,7975.3
L,299.7,309.2,1616,31.6,175,0,0,0,0,0,0,9.5,5.347183246073299,5530.0
L,299.7,309.2,1631,35.1,177,0,0,0,0,0,0,9.5,5.994565445026178,6212.7
M,299.7,309.2,1685,28.9,179,1,0,0,0,0,0,9.5,5.099109947643979,5173.099999999999
H,299.7,309.2,1456,40.6,182,0,0,0,0,0,0,9.5,6.189905759162303,7389.2
L,299.7,309.1,1417,50.1,187,0,0,0,0,0,0,9.400000000000034,7.433685863874345,9368.7
M,299.7,309.1,1851,24.7,189,0,0,0,0,0,0,9.400000000000034,4.787403141361256,4668.3
L,299.7,309.1,1715,27.8,192,0,0,0,0,0,0,9.400000000000034,4.992356020942409,5337.6
H,299.6,309.1,1630,32.3,194,0,0,0,0,0,0,9.5,5.512984293193717,6266.2
L,299.7,309.2,1478,38.8,199,0,0,0,0,0,0,9.5,6.004858638743455,7721.2
L,299.7,309.2,1781,29.6,201,0,0,0,0,0,0,9.5,5.520167539267017,5949.6
L,299.8,309.2,1439,36.1,203,0,0,0,0,0,0,9.399999999999977,5.439570680628273,7328.3
M,299.7,309.2,1412,45.3,205,0,0,0,0,0,0,9.5,6.697759162303665,9286.5
L,299.7,309.1,1483,41.1,208,0,0,0,0,0,0,9.400000000000034,6.382335078534032,8548.800000000001
L,299.8,309.2,1400,42.6,210,0,0,0,0,0,0,9.399999999999977,6.245026178010471,8946.0
L,299.8,309.3,1299,65.1,212,1,0,0,0,1,0,9.5,8.85496335078534,13801.199999999999
L,299.8,309.2,1479,44.4,214,0,0,0,0,0,0,9.399999999999977,6.876188481675392,9501.6
L,299.8,309.2,1491,47.5,216,0,0,0,0,0,0,9.399999999999977,7.415968586387435,10260.0
M,299.9,309.3,1389,52.8,0,0,0,0,0,0,0,9.400000000000034,7.679497382198953,0.0
M,299.9,309.4,1399,54.8,3,0,0,0,0,0,0,9.5,8.027769633507853,164.39999999999998
M,299.9,309.4,1889,26.0,6,0,0,0,0,0,0,9.5,5.14282722513089,156.0
L,300.0,309.5,1925,21.9,9,0,0,0,0,0,0,9.5,4.414397905759162,197.1
L,300.0,309.5,1675,30.2,11,0,0,0,0,0,0,9.5,5.296858638743456,332.2
M,300.0,309.6,1477,38.1,13,0,0,0,0,0,0,9.600000000000023,5.892534031413613,495.3
L,300.0,309.6,1364,45.9,16,0,0,0,0,0,0,9.600000000000023,6.555769633507853,734.4
L,299.9,309.5,1451,39.4,18,0,0,0,0,0,0,9.600000000000023,5.986324607329843,709.1999999999999
L,299.9,309.4,1467,41.2,20,0,0,0,0,0,0,9.5,6.3288376963350785,824.0
L,299.9,309.4,1858,22.5,22,0,0,0,0,0,0,9.5,4.377486910994764,495.0
L,300.1,309.4,1559,39.7,24,0,0,0,0,0,0,9.299999999999955,6.480869109947644,952.8000000000001
L,300.1,309.4,1560,47.7,26,0,0,0,0,0,0,9.299999999999955,7.7918324607329845,1240.2
L,300.1,309.4,1453,47.6,28,0,0,0,0,0,0,9.299999999999955,7.242178010471204,1332.8
L,300.1,309.4,1464,41.7,30,0,0,0,0,0,0,9.299999999999955,6.392544502617802,1251.0
L,300.0,309.4,1308,50.2,32,0,0,0,0,0,0,9.399999999999977,6.875560209424084,1606.4
L,300.1,309.5,1353,50.9,34,0,0,0,0,0,0,9.399999999999977,7.211277486910994,1730.6
M,300.2,309.6,1556,35.8,36,0,0,0,0,0,0,9.400000000000034,5.83296335078534,1288.8
L,300.2,309.5,2183,17.8,39,0,0,0,0,0,0,9.300000000000011,4.068837696335079,694.2
M,300.2,309.6,1491,41.8,41,0,0,0,0,0,0,9.400000000000034,6.526052356020942,1713.8
M,300.2,309.6,1528,35.1,44,0,0,0,0,0,0,9.400000000000034,5.6160000000000005,1544.4
L,300.2,309.6,1430,52.7,47,0,0,0,0,0,0,9.400000000000034,7.891204188481676,2476.9
L,300.2,309.5,1495,32.6,49,0,0,0,0,0,0,9.300000000000011,5.103350785340314,1597.4
M,300.2,309.5,1630,28.3,51,0,0,0,0,0,0,9.300000000000011,4.830261780104712,1443.3
M,300.3,309.6,1524,38.4,54,0,0,0,0,0,0,9.300000000000011,6.127916230366492,2073.6
L,300.3,309.6,1326,52.4,57,0,0,0,0,0,0,9.300000000000011,7.275643979057591,2986.7999999999997
H,300.3,309.5,1438,44.0,59,0,0,0,0,0,0,9.199999999999989,6.625340314136126,2596.0
L,300.4,309.6,1356,45.9,64,0,0,0,0,0,0,9.200000000000045,6.517319371727749,2937.6
H,300.4,309.6,1416,43.3,66,0,0,0,0,0,0,9.200000000000045,6.4201884816753925,2857.7999999999997
L,300.4,309.7,1584,32.6,71,0,0,0,0,0,0,9.300000000000011,5.407162303664921,2314.6
L,300.3,309.6,1597,31.8,73,0,0,0,0,0,0,9.300000000000011,5.317759162303664,2321.4
L,300.4,309.6,1553,43.9,75,0,0,0,0,0,0,9.200000000000045,7.138921465968586,3292.5
M,300.3,309.5,1405,49.4,77,0,0,0,0,0,0,9.199999999999989,7.267748691099476,3803.7999999999997
L,300.2,309.5,1539,35.3,80,0,0,0,0,0,0,9.300000000000011,5.688659685863874,2824.0
M,300.3,309.6,1398,53.7,82,0,0,0,0,0,0,9.300000000000011,7.861005235602095,4403.400000000001
L,300.3,309.6,1568,39.6,85,0,0,0,0,0,0,9.300000000000011,6.50186387434555,3366.0
L,300.3,309.6,1404,44.6,87,0,0,0,0,0,0,9.300000000000011,6.556900523560209,3880.2000000000003
M,300.2,309.5,1500,45.7,89,0,0,0,0,0,0,9.300000000000011,7.178010471204188,4067.3
M,300.2,309.5,1642,28.8,92,0,0,0,0,0,0,9.300000000000011,4.95179057591623,2649.6
M,300.3,309.6,1509,46.6,95,0,0,0,0,0,0,9.300000000000011,7.363287958115184,4427.0
L,300.2,309.5,1343,50.2,98,0,0,0,0,0,0,9.300000000000011,7.059539267015707,4919.6
L,300.1,309.5,1450,40.1,100,0,0,0,0,0,0,9.399999999999977,6.0884816753926705,4010.0
L,300.0,309.4,1460,43.5,102,0,0,0,0,0,0,9.399999999999977,6.650261780104712,4437.0
L,300.0,309.3,1364,41.2,104,0,0,0,0,0,0,9.300000000000011,5.884481675392671,4284.8
M,299.9,309.3,1452,41.9,106,0,0,0,0,0,0,9.400000000000034,6.370554973821989,4441.4
L,299.9,309.3,1471,41.8,109,0,0,0,0,0,0,9.400000000000034,6.438513089005236,4556.2
L,299.9,309.2,1598,34.6,111,0,0,0,0,0,0,9.300000000000011,5.789612565445027,3840.6000000000004
L,299.8,309.1,1772,24.8,113,0,0,0,0,0,0,9.300000000000011,4.601633507853403,2802.4
L,299.9,309.2,1761,25.6,115,0,0,0,0,0,0,9.300000000000011,4.7205863874345555,2944.0
M,300.0,309.3,1413,40.7,117,0,0,0,0,0,0,9.300000000000011,6.021895287958116,4761.900000000001
L,300.0,309.3,1887,22.6,120,0,0,0,0,0,0,9.300000000000011,4.4655706806282724,2712.0
L,300.0,309.3,1395,56.5,122,0,0,0,0,0,0,9.300000000000011,8.253141361256544,6893.0
M,300.1,309.4,1569,31.6,124,0,0,0,0,0,0,9.299999999999955,5.191664921465969,3918.4
L,300.1,309.4,1434,47.3,127,0,0,0,0,0,0,9.299999999999955,7.102429319371727,6007.099999999999
L,300.2,309.5,1417,41.1,129,0,0,0,0,0,0,9.300000000000011,6.098293193717278,5301.900000000001
L,300.2,309.5,1729,28.4,131,0,0,0,0,0,0,9.300000000000011,5.141738219895288,3720.3999999999996
L,300.2,309.5,1356,51.1,133,0,0,0,0,0,0,9.300000000000011,7.255664921465969,6796.3
L,300.2,309.5,1436,48.8,135,0,0,0,0,0,0,9.300000000000011,7.337884816753927,6588.0
M,300.3,309.6,1419,42.5,137,0,0,0,0,0,0,9.300000000000011,6.314921465968586,5822.5
L,300.3,309.6,1593,38.1,140,0,0,0,0,0,0,9.300000000000011,6.355319371727749,5334.0
M,300.3,309.5,1320,62.2,142,0,0,0,0,0,0,9.199999999999989,8.597277486910995,8832.4
M,300.3,309.5,1448,42.4,145,0,0,0,0,0,0,9.199999999999989,6.428816753926701,6148.0
L,300.3,309.4,1470,33.5,148,0,0,0,0,0,0,9.099999999999966,5.156544502617801,4958.0
M,300.3,309.4,1612,33.1,150,0,0,0,0,0,0,9.099999999999966,5.587141361256545,4965.0
L,300.4,309.4,1412,51.6,153,0,0,0,0,0,0,9.0,7.629235602094241,7894.8
M,300.4,309.4,1875,23.9,155,0,0,0,0,0,0,9.0,4.692408376963351,3704.5
L,300.3,309.3,1612,36.0,158,0,0,0,0,0,0,9.0,6.076649214659686,5688.0
M,300.4,309.3,1411,41.6,160,0,0,0,0,0,0,8.900000000000034,6.14634554973822,6656.0
M,300.3,309.2,1490,47.9,163,0,0,0,0,0,0,8.899999999999977,7.473403141361256,7807.7
M,300.4,309.3,1467,40.3,166,0,0,0,0,0,0,8.900000000000034,6.190586387434555,6689.799999999999
L,300.3,309.2,1807,26.4,169,0,0,0,0,0,0,8.899999999999977,4.995267015706806,4461.599999999999
L,300.3,309.1,1368,46.0,171,0,0,0,0,0,0,8.800000000000011,6.589319371727749,7866.0
L,300.3,309.2,1572,32.0,173,0,0,0,0,0,0,8.899999999999977,5.267434554973822,5536.0
M,300.3,309.1,1458,44.3,175,0,0,0,0,0,0,8.800000000000011,6.763287958115183,7752.499999999999
L,300.3,309.1,1699,30.3,178,0,0,0,0,0,0,8.800000000000011,5.390544502617802,5393.400000000001
L,300.3,309.3,1478,39.5,180,0,0,0,0,0,0,9.0,6.113193717277487,7110.0
M,300.4,309.4,1362,42.1,182,0,0,0,0,0,0,9.0,6.00420942408377,7662.2
H,300.4,309.4,1487,38.9,185,0,0,0,0,0,0,9.0,6.056994764397905,7196.5
L,300.3,309.4,1705,29.4,190,0,0,0,0,0,0,9.099999999999966,5.248900523560209,5586.0
L,300.3,309.3,1345,53.5,192,0,0,0,0,0,0,9.0,7.534816753926702,10272.0
L,300.3,309.2,1532,40.2,194,0,0,0,0,0,0,8.899999999999977,6.448837696335079,7798.8
L,300.3,309.2,1650,35.2,196,0,0,0,0,0,0,8.899999999999977,6.081675392670157,6899.200000000001
L,300.3,309.2,1398,54.4,198,0,0,0,0,0,0,8.899999999999977,7.9634764397905755,10771.199999999999
L,300.3,309.2,1412,44.8,200,0,0,0,0,0,0,8.899999999999977,6.623832460732984,8960.0
L,300.4,309.3,1525,39.6,202,0,0,0,0,0,0,8.900000000000034,6.323560209424084,7999.200000000001
M,300.3,309.3,1391,57.9,204,0,0,0,0,0,0,9.0,8.433392670157067,11811.6
L,300.4,309.3,1766,28.2,207,0,0,0,0,0,0,8.900000000000034,5.214785340314136,5837.4
L,300.4,309.3,1671,35.0,209,0,0,0,0,0,0,8.900000000000034,6.124083769633508,7315.0
L,300.5,309.3,1373,48.8,211,0,0,0,0,0,0,8.800000000000011,7.0159581151832455,10296.8
M,300.5,309.4,1347,50.1,213,0,0,0,0,0,0,8.899999999999977,7.066460732984293,10671.300000000001
M,300.5,309.3,1539,39.1,216,0,0,0,0,0,0,8.800000000000011,6.30103664921466,8445.6
L,300.5,309.3,1470,40.8,219,0,0,0,0,0,0,8.800000000000011,6.280209424083769,8935.199999999999
L,300.5,309.3,1528,37.0,221,0,0,0,0,0,0,8.800000000000011,5.92,8177.0
H,300.5,309.3,1471,45.2,223,0,0,0,0,0,0,8.800000000000011,6.962219895287958,10079.6
M,300.4,309.2,1528,37.2,228,0,0,0,0,0,0,8.800000000000011,5.952000000000001,8481.6
L,300.5,309.3,1417,51.5,231,1,0,0,0,1,0,8.800000000000011,7.641413612565445,11896.5
L,300.6,309.4,1549,43.4,233,0,0,0,0,0,0,8.799999999999955,7.039434554973821,10112.199999999999
H,300.6,309.4,1463,49.2,235,0,0,0,0,0,0,8.799999999999955,7.537130890052357,11562.0
L,300.7,309.5,1479,43.6,240,0,0,0,0,0,0,8.800000000000011,6.752293193717278,10464.0
L,300.6,309.5,1867,23.0,242,0,0,0,0,0,0,8.899999999999977,4.496439790575916,5566.0
L,300.6,309.4,1471,44.1,244,0,0,0,0,0,0,8.799999999999955,6.792785340314136,10760.4
H,300.6,309.4,1380,47.6,246,1,1,0,0,0,0,8.799999999999955,6.8783246073298425,11709.6
H,300.7,309.7,1623,32.7,0,0,0,0,0,0,0,9.0,5.557287958115184,0.0
L,300.8,309.7,1997,20.7,5,0,0,0,0,0,0,8.899999999999977,4.328575916230367,103.5
H,300.7,309.6,1390,48.5,7,0,0,0,0,0,0,8.900000000000034,7.059162303664921,339.5
L,300.8,309.7,1418,46.6,12,0,0,0,0,0,0,8.899999999999977,6.91924607329843,559.2
L,300.8,309.7,1519,35.8,14,0,0,0,0,0,0,8.899999999999977,5.6942617801047115,501.19999999999993
M,300.8,309.7,1519,39.7,16,0,0,0,0,0,0,8.899999999999977,6.314586387434555,635.2
M,300.7,309.6,1536,37.2,19,0,0,0,0,0,0,8.900000000000034,5.983162303664922,706.8000000000001
L,300.8,309.6,1680,28.7,22,0,0,0,0,0,0,8.800000000000011,5.048795811518325,631.4
H,300.6,309.4,1555,37.9,24,0,0,0,0,0,0,8.799999999999955,6.171151832460733,909.5999999999999
L,300.6,309.5,1471,49.6,29,0,0,0,0,0,0,8.899999999999977,7.639958115183247,1438.4
M,300.5,309.4,1877,23.8,31,0,0,0,0,0,0,8.899999999999977,4.677759162303665,737.8000000000001
M,300.5,309.3,1578,30.5,34,0,0,0,0,0,0,8.800000000000011,5.039685863874346,1037.0
M,300.5,309.4,1655,32.1,37,0,0,0,0,0,0,8.899999999999977,5.562879581151832,1187.7
H,300.5,309.4,1502,34.3,40,0,0,0,0,0,0,8.899999999999977,5.39461780104712,1372.0
M,300.6,309.4,1367,63.2,45,1,0,0,1,0,0,8.799999999999955,9.046534031413614,2844.0
L,300.7,309.5,1541,37.2,48,0,0,0,0,0,0,8.800000000000011,6.002638743455498,1785.6000000000001
M,300.6,309.6,1588,37.0,50,0,0,0,0,0,0,9.0,6.152460732984293,1850.0
L,300.6,309.6,1684,32.8,53,0,0,0,0,0,0,9.0,5.78379057591623,1738.3999999999999
L,300.6,309.5,1437,40.0,55,0,0,0,0,0,0,8.899999999999977,6.018848167539267,2200.0
L,300.6,309.6,1409,42.4,57,0,0,0,0,0,0,9.0,6.255664921465969,2416.7999999999997
M,300.5,309.5,1320,49.9,59,0,0,0,0,0,0,9.0,6.89717277486911,2944.1
H,300.5,309.5,1635,34.2,62,0,0,0,0,0,0,9.0,5.855183246073299,2120.4
M,300.5,309.5,1691,27.6,67,0,0,0,0,0,0,9.0,4.8870785340314145,1849.2
M,300.6,309.6,1365,50.0,70,0,0,0,0,0,0,9.0,7.146596858638744,3500.0
M,300.7,309.7,1523,38.2,73,0,0,0,0,0,0,9.0,6.0920000000000005,2788.6000000000004
L,300.6,309.7,1593,32.4,76,0,0,0,0,0,0,9.099999999999966,5.404523560209424,2462.4
L,300.6,309.6,1682,30.7,78,0,0,0,0,0,0,9.0,5.407057591623037,2394.6
L,300.7,309.6,1329,54.3,80,0,0,0,0,0,0,8.900000000000034,7.556513089005235,4344.0
M,300.7,309.6,1568,35.2,82,0,0,0,0,0,0,8.900000000000034,5.779434554973823,2886.4
L,300.7,309.6,1733,24.8,85,0,0,0,0,0,0,8.900000000000034,4.500356020942409,2108.0
M,300.7,309.6,1473,48.1,87,0,0,0,0,0,0,8.900000000000034,7.418984293193717,4184.7
M,300.7,309.5,1633,31.3,90,0,0,0,0,0,0,8.800000000000011,5.35213612565445,2817.0
M,300.6,309.5,1530,40.2,93,0,0,0,0,0,0,8.899999999999977,6.44041884816754,3738.6000000000004
M,300.6,309.5,1550,40.2,96,0,0,0,0,0,0,8.899999999999977,6.524607329842933,3859.2000000000003
L,300.6,309.4,1410,40.6,99,0,0,0,0,0,0,8.799999999999955,5.99434554973822,4019.4
L,300.5,309.3,1574,33.5,101,0,0,0,0,0,0,8.800000000000011,5.521361256544503,3383.5
L,300.6,309.4,1425,40.3,103,0,0,0,0,0,0,8.799999999999955,6.013350785340314,4150.9
M,300.6,309.4,1541,35.2,105,0,0,0,0,0,0,8.799999999999955,5.6799162303664925,3696.0000000000005
M,300.7,309.5,1733,26.7,108,0,0,0,0,0,0,8.800000000000011,4.845141361256545,2883.6
L,300.6,309.4,2496,13.5,111,0,0,0,0,0,0,8.799999999999955,3.5283769633507855,1498.5
L,300.6,309.4,1552,36.4,113,0,0,0,0,0,0,8.799999999999955,5.9154764397905755,4113.2
L,300.6,309.3,1409,38.7,115,0,0,0,0,0,0,8.699999999999989,5.709769633507854,4450.5
M,300.6,309.4,1581,35.7,117,0,0,0,0,0,0,8.799999999999955,5.910125654450262,4176.900000000001
L,300.7,309.5,1251,59.9,120,0,0,0,0,0,0,8.800000000000011,7.846586387434554,7188.0
L,300.7,309.6,1500,44.1,122,0,0,0,0,0,0,8.900000000000034,6.9267015706806285,5380.2
L,300.6,309.5,1576,38.8,124,0,0,0,0,0,0,8.899999999999977,6.403015706806282,4811.2
M,300.7,309.5,1352,44.0,126,0,0,0,0,0,0,8.800000000000011,6.229109947643979,5544.0
L,300.7,309.6,1661,30.3,129,0,0,0,0,0,0,8.900000000000034,5.269979057591623,3908.7000000000003
L,300.7,309.6,1541,34.6,131,0,0,0,0,0,0,8.900000000000034,5.583099476439791,4532.6
H,300.6,309.6,1888,20.5,133,0,0,0,0,0,0,9.0,4.052774869109948,2726.5
L,300.5,309.5,1255,62.1,138,0,0,0,0,0,0,9.0,8.160785340314137,8569.800000000001
L,300.6,309.6,1411,41.6,140,0,0,0,0,0,0,9.0,6.14634554973822,5824.0
L,300.6,309.5,1516,39.0,142,0,0,0,0,0,0,8.899999999999977,6.190994764397906,5538.0
M,300.6,309.5,1492,34.0,144,0,0,0,0,0,0,8.899999999999977,5.311832460732984,4896.0
L,300.6,309.6,1726,30.0,147,0,0,0,0,0,0,9.0,5.4219895287958115,4410.0
L,300.7,309.7,1598,33.7,149,0,0,0,0,0,0,9.0,5.639015706806283,5021.3
L,300.8,309.8,1657,31.1,151,0,0,0,0,0,0,9.0,5.396094240837697,4696.1
L,300.8,309.7,1481,38.1,153,0,0,0,0,0,0,8.899999999999977,5.908492146596858,5829.3
M,300.7,309.7,1397,51.3,155,0,0,0,0,0,0,9.0,7.504303664921465,7951.5
L,300.8,309.7,1461,44.3,158,0,0,0,0,0,0,8.899999999999977,6.777204188481675,6999.4
M,300.7,309.6,1388,51.1,160,0,0,0,0,0,0,8.900000000000034,7.426890052356021,8176.0
L,300.7,309.7,1507,52.4,163,0,0,0,0,0,0,9.0,8.268774869109947,8541.199999999999
M,300.7,309.6,1421,49.8,165,0,0,0,0,0,0,8.900000000000034,7.410031413612566,8217.0
M,300.8,309.7,1258,54.9,168,0,0,0,0,0,0,8.899999999999977,7.231853403141361,9223.199999999999
M,300.8,309.7,1482,39.0,171,0,0,0,0,0,0,8.899999999999977,6.0521465968586385,6669.0
H,300.7,309.6,1403,51.3,174,0,0,0,0,0,0,8.900000000000034,7.536534031413612,8926.199999999999
L,300.8,309.7,1373,45.4,179,0,0,0,0,0,0,8.899999999999977,6.527141361256544,8126.599999999999
L,300.9,309.7,1460,42.1,181,0,0,0,0,0,0,8.800000000000011,6.436230366492147,7620.1
M,300.8,309.7,1751,27.9,183,0,0,0,0,0,0,8.899999999999977,5.115486910994764,5105.7
M,300.8,309.6,1546,42.3,186,0,0,0,0,0,0,8.800000000000011,6.847727748691099,7867.799999999999
M,300.8,309.7,1680,28.2,189,0,0,0,0,0,0,8.899999999999977,4.960837696335078,5329.8
M,300.9,309.7,1394,48.8,192,0,0,0,0,0,0,8.800000000000011,7.123267015706806,9369.599999999999
L,300.7,309.6,1810,26.0,195,0,0,0,0,0,0,8.900000000000034,4.9277486910994766,5070.0
L,300.7,309.5,1479,34.5,197,0,0,0,0,0,0,8.800000000000011,5.342984293193718,6796.5
L,300.9,309.7,1431,41.4,199,0,0,0,0,0,0,8.800000000000011,6.203497382198953,8238.6
L,300.9,309.7,2355,14.4,201,0,0,0,0,0,0,8.800000000000011,3.5509947643979056,2894.4
M,300.7,309.6,1996,19.8,203,1,1,0,0,0,0,8.900000000000034,4.138303664921466,4019.4
L,300.7,309.5,1461,49.9,0,0,0,0,0,0,0,8.800000000000011,7.633916230366491,0.0
H,300.7,309.5,2007,19.7,2,0,0,0,0,0,0,8.800000000000011,4.140094240837697,39.4
L,300.7,309.6,1505,34.9,7,0,0,0,0,0,0,8.900000000000034,5.499947643979057,244.29999999999998
H,300.7,309.6,1925,20.5,9,0,0,0,0,0,0,8.900000000000034,4.132198952879581,184.5
M,300.7,309.5,1622,30.5,14,0,0,0,0,0,0,8.800000000000011,5.1802094240837695,427.0
L,300.7,309.5,1592,29.0,17,0,0,0,0,0,0,8.800000000000011,4.83434554973822,493.0
L,300.7,309.5,1850,24.5,19,0,0,0,0,0,0,8.800000000000011,4.7460732984293195,465.5
M,300.7,309.5,1470,48.7,21,0,0,0,0,0,0,8.800000000000011,7.496230366492147,1022.7
M,300.7,309.5,1445,46.4,24,0,0,0,0,0,0,8.800000000000011,7.020732984293193,1113.6
L,300.7,309.5,1685,31.1,27,0,0,0,0,0,0,8.800000000000011,5.487277486910995,839.7
H,300.7,309.5,1667,30.5,29,0,0,0,0,0,0,8.800000000000011,5.323926701570681,884.5
L,300.7,309.5,1578,35.4,34,0,0,0,0,0,0,8.800000000000011,5.849340314136126,1203.6
H,300.6,309.4,1691,28.0,36,0,0,0,0,0,0,8.799999999999955,4.957905759162304,1008.0
M,300.7,309.5,1439,43.8,41,0,0,0,0,0,0,8.800000000000011,6.599811518324607,1795.8
M,300.8,309.6,1404,38.7,44,0,0,0,0,0,0,8.800000000000011,5.689507853403142,1702.8000000000002
L,300.8,309.6,1498,45.8,47,0,0,0,0,0,0,8.800000000000011,7.184125654450261,2152.6
M,300.8,309.5,1481,44.5,49,0,0,0,0,0,0,8.699999999999989,6.900994764397906,2180.5
M,300.7,309.4,1589,35.0,52,0,0,0,0,0,0,8.699999999999989,5.823560209424084,1820.0
L,300.7,309.5,1467,44.3,55,0,0,0,0,0,0,8.800000000000011,6.805036649214659,2436.5
L,300.6,309.4,1654,32.8,57,0,0,0,0,0,0,8.799999999999955,5.680753926701571,1869.6
L,300.7,309.5,1508,39.9,59,0,0,0,0,0,0,8.800000000000011,6.300439790575916,2354.1
M,300.7,309.6,1439,43.0,61,0,0,0,0,0,0,8.900000000000034,6.479267015706807,2623.0
L,300.7,309.5,1692,30.3,64,0,0,0,0,0,0,8.800000000000011,5.368335078534031,1939.2
M,300.7,309.5,1838,24.9,66,0,0,0,0,0,0,8.800000000000011,4.7922722513089,1643.3999999999999
L,300.6,309.3,1601,40.2,69,0,0,0,0,0,0,8.699999999999989,6.739287958115184,2773.8
L,300.6,309.4,1369,51.6,71,0,0,0,0,0,0,8.799999999999955,7.396900523560211,3663.6
M,300.6,309.4,1312,45.2,73,0,0,0,0,0,0,8.799999999999955,6.209675392670158,3299.6000000000004
L,300.6,309.4,1468,44.1,76,0,0,0,0,0,0,8.799999999999955,6.778931937172775,3351.6
M,300.6,309.4,1452,39.4,78,0,0,0,0,0,0,8.799999999999955,5.990450261780104,3073.2
M,300.7,309.5,1393,43.9,81,0,0,0,0,0,0,8.800000000000011,6.403424083769633,3555.9
M,300.6,309.4,1432,44.2,84,0,0,0,0,0,0,8.799999999999955,6.627685863874346,3712.8
M,300.6,309.3,1510,46.0,87,0,0,0,0,0,0,8.699999999999989,7.273298429319372,4002.0
M,300.6,309.4,1521,37.2,90,0,0,0,0,0,0,8.799999999999955,5.924732984293194,3348.0000000000005
H,300.5,309.4,1360,46.2,93,0,0,0,0,0,0,8.899999999999977,6.579267015706807,4296.6
M,300.5,309.3,1881,25.5,98,0,0,0,0,0,0,8.800000000000011,5.022565445026178,2499.0
L,300.4,309.3,1413,50.3,101,0,0,0,0,0,0,8.900000000000034,7.442293193717277,5080.299999999999
H,300.5,309.4,1642,36.2,103,0,0,0,0,0,0,8.899999999999977,6.224125654450262,3728.6000000000004
L,300.5,309.5,1542,38.5,108,0,0,0,0,0,0,9.0,6.216439790575916,4158.0
L,300.4,309.5,1447,39.3,110,0,0,0,0,0,0,9.100000000000023,5.954670157068063,4323.0
H,300.4,309.4,1530,40.4,112,0,0,0,0,0,0,9.0,6.472460732984294,4524.8
L,300.5,309.5,1795,27.7,117,0,0,0,0,0,0,9.0,5.206439790575916,3240.9
L,300.6,309.6,1290,57.4,119,0,0,0,0,0,0,9.0,7.753507853403141,6830.599999999999
L,300.6,309.7,1639,30.4,121,0,0,0,0,0,0,9.099999999999966,5.217340314136125,3678.3999999999996
L,300.7,309.8,1596,31.5,123,0,0,0,0,0,0,9.100000000000023,5.264293193717277,3874.5
L,300.6,309.8,1455,48.0,125,0,0,0,0,0,0,9.199999999999989,7.313089005235602,6000.0
M,300.6,309.8,1659,28.9,127,0,0,0,0,0,0,9.199999999999989,5.020429319371727,3670.2999999999997
M,300.6,309.8,1532,42.5,130,0,0,0,0,0,0,9.199999999999989,6.817801047120419,5525.0
L,300.6,309.8,1502,42.4,133,0,0,0,0,0,0,9.199999999999989,6.668565445026178,5639.2
L,300.6,309.8,1688,28.6,135,0,0,0,0,0,0,9.199999999999989,5.055162303664922,3861.0
M,300.5,309.7,1341,50.9,137,0,0,0,0,0,0,9.199999999999989,7.147319371727748,6973.3
M,300.5,309.7,1685,29.4,140,0,0,0,0,0,0,9.199999999999989,5.187329842931937,4116.0
M,300.5,309.8,1370,55.9,143,0,0,0,0,0,0,9.300000000000011,8.019162303664922,7993.7
L,300.5,309.8,1461,52.5,146,0,0,0,0,0,0,9.300000000000011,8.031675392670158,7665.0
L,300.5,309.8,1550,37.4,148,0,0,0,0,0,0,9.300000000000011,6.070157068062827,5535.2
M,300.5,309.8,1508,37.8,150,0,0,0,0,0,0,9.300000000000011,5.968837696335078,5670.0
L,300.5,309.8,1345,62.7,153,0,0,0,0,0,0,9.300000000000011,8.830523560209425,9593.1
L,300.5,309.7,1616,34.5,155,0,0,0,0,0,0,9.199999999999989,5.837905759162304,5347.5
L,300.5,309.7,1395,61.0,157,0,0,0,0,0,0,9.199999999999989,8.910471204188482,9577.0
H,300.5,309.8,1324,72.8,159,1,0,0,1,0,0,9.300000000000011,10.092900523560209,11575.199999999999
L,300.5,309.8,1445,43.9,164,0,0,0,0,0,0,9.300000000000011,6.6424607329842935,7199.599999999999
M,300.5,309.8,1555,38.9,166,0,0,0,0,0,0,9.300000000000011,6.333979057591623,6457.4
M,300.6,309.9,1449,42.4,169,0,0,0,0,0,0,9.299999999999955,6.433256544502617,7165.599999999999
M,300.5,309.9,1466,53.2,172,0,0,0,0,0,0,9.399999999999977,8.16661780104712,9150.4
L,300.5,309.9,1503,37.4,175,0,0,0,0,0,0,9.399999999999977,5.886094240837696,6545.0
L,300.4,309.7,1488,35.7,177,0,0,0,0,0,0,9.300000000000011,5.5624712041884825,6318.900000000001
L,300.4,309.7,1314,50.2,179,0,0,0,0,0,0,9.300000000000011,6.907099476439791,8985.800000000001
M,300.4,309.7,1547,38.0,181,0,0,0,0,0,0,9.300000000000011,6.155602094240837,6878.0
M,300.4,309.7,1466,39.8,184,0,0,0,0,0,0,9.300000000000011,6.109612565445025,7323.2
L,300.3,309.6,1537,37.1,187,0,0,0,0,0,0,9.300000000000011,5.970963350785341,6937.7
M,300.2,309.5,1434,51.5,189,0,0,0,0,0,0,9.300000000000011,7.733089005235602,9733.5
L,300.4,309.6,1432,44.7,192,0,0,0,0,0,0,9.200000000000045,6.702659685863875,8582.400000000001
L,300.5,309.6,1390,48.4,194,0,0,0,0,0,0,9.100000000000023,7.044607329842932,9389.6
L,300.5,309.7,1580,42.8,196,0,0,0,0,0,0,9.199999999999989,7.081047120418848,8388.8
L,300.5,309.7,1589,30.5,198,0,0,0,0,0,0,9.199999999999989,5.074816753926702,6039.0
L,300.5,309.8,1441,48.8,200,0,0,0,0,0,0,9.300000000000011,7.363434554973822,9760.0
L,300.5,309.8,1305,51.7,202,0,0,0,0,0,0,9.300000000000011,7.064764397905759,10443.400000000001
M,300.5,309.8,1566,35.9,204,0,0,0,0,0,0,9.300000000000011,5.8868481675392665,7323.599999999999
L,300.5,309.8,1379,54.2,207,1,0,0,0,1,0,9.300000000000011,7.826366492146597,11219.400000000001
L,300.4,309.6,1543,38.1,209,0,0,0,0,0,0,9.200000000000045,6.1558429319371735,7962.900000000001
L,300.5,309.8,1421,49.6,211,0,0,0,0,0,0,9.300000000000011,7.380272251308901,10465.6
L,300.5,309.6,1760,30.6,213,0,0,0,0,0,0,9.100000000000023,5.639371727748691,6517.8
L,300.4,309.5,1711,29.2,215,0,0,0,0,0,0,9.100000000000023,5.231539267015706,6278.0
L,300.5,309.6,1465,41.6,217,0,0,0,0,0,0,9.100000000000023,6.381570680628272,9027.2
L,300.5,309.6,1366,50.2,219,0,0,0,0,0,0,9.100000000000023,7.180439790575916,10993.800000000001
M,300.4,309.5,1888,21.9,221,0,0,0,0,0,0,9.100000000000023,4.329549738219895,4839.9
L,300.5,309.5,1777,23.6,0,0,0,0,0,0,0,9.0,4.391329842931937,0.0
L,300.5,309.5,1379,55.6,2,0,0,0,0,0,0,9.0,8.028523560209425,111.2
L,300.4,309.5,1525,51.3,4,0,0,0,0,0,0,9.100000000000023,8.191884816753927,205.2
M,300.4,309.6,1563,34.0,6,0,0,0,0,0,0,9.200000000000045,5.564607329842932,204.0
M,300.5,309.7,1389,43.3,9,0,0,0,0,0,0,9.199999999999989,6.297769633507853,389.7
M,300.6,309.8,1447,42.9,12,0,0,0,0,0,0,9.199999999999989,6.50013612565445,514.8
M,300.6,309.7,1934,22.8,15,0,0,0,0,0,0,9.099999999999966,4.617298429319372,342.0
H,300.6,309.7,1470,43.8,18,0,0,0,0,0,0,9.099999999999966,6.741989528795811,788.4
M,300.6,309.7,1428,42.6,23,0,0,0,0,0,0,9.099999999999966,6.369926701570681,979.8000000000001
L,300.4,309.6,1319,48.1,26,0,0,0,0,0,0,9.200000000000045,6.643340314136126,1250.6000000000001
L,300.5,309.7,1887,24.3,28,0,0,0,0,0,0,9.199999999999989,4.801476439790576,680.4
L,300.4,309.5,1349,50.4,30,0,0,0,0,0,0,9.100000000000023,7.119329842931936,1512.0
M,300.3,309.5,1665,31.4,32,0,0,0,0,0,0,9.199999999999989,5.474450261780104,1004.8
L,300.3,309.5,1474,38.7,35,0,0,0,0,0,0,9.199999999999989,5.97317277486911,1354.5
L,300.4,309.5,1543,38.9,37,0,0,0,0,0,0,9.100000000000023,6.2850994764397905,1439.3
M,300.2,309.4,1459,43.9,39,0,0,0,0,0,0,9.199999999999989,6.706816753926701,1712.1
L,300.3,309.5,1551,37.9,42,0,0,0,0,0,0,9.199999999999989,6.155277486910994,1591.8
L,300.2,309.4,1981,21.4,44,0,0,0,0,0,0,9.199999999999989,4.4390994764397895,941.5999999999999
L,300.2,309.4,1526,35.3,46,0,0,0,0,0,0,9.199999999999989,5.640607329842932,1623.8
M,300.2,309.4,1501,40.0,48,0,0,0,0,0,0,9.199999999999989,6.286910994764398,1920.0
L,300.2,309.4,1558,38.3,51,0,0,0,0,0,0,9.199999999999989,6.248314136125654,1953.3
L,300.2,309.3,1532,43.2,53,0,0,0,0,0,0,9.100000000000023,6.930094240837697,2289.6000000000004
L,300.1,309.2,1326,55.9,55,0,0,0,0,0,0,9.099999999999966,7.761612565445025,3074.5
L,300.2,309.2,1431,51.3,57,0,0,0,0,0,0,9.0,7.6869424083769635,2924.1
L,300.2,309.3,1366,49.3,59,0,0,0,0,0,0,9.100000000000023,7.051706806282723,2908.7
L,300.1,309.2,1421,42.5,61,0,0,0,0,0,0,9.099999999999966,6.3238219895287955,2592.5
H,300.2,309.3,1506,35.6,63,0,0,0,0,0,0,9.100000000000023,5.613989528795812,2242.8
H,300.2,309.3,1342,48.7,68,0,0,0,0,0,0,9.100000000000023,6.843497382198953,3311.6000000000004
L,300.1,309.2,1427,37.6,73,0,0,0,0,0,0,9.099999999999966,5.61834554973822,2744.8
L,300.2,309.2,1667,29.9,75,0,0,0,0,0,0,9.0,5.219193717277486,2242.5
L,300.1,309.1,1400,46.7,77,0,0,0,0,0,0,9.0,6.84607329842932,3595.9
L,300.0,309.0,1709,32.1,79,0,0,0,0,0,0,9.0,5.744387434554974,2535.9
M,300.0,309.0,1368,45.8,81,0,0,0,0,0,0,9.0,6.560670157068063,3709.7999999999997
L,300.0,309.1,1882,23.8,84,0,0,0,0,0,0,9.100000000000023,4.690219895287958,1999.2
L,300.1,309.1,1353,58.7,86,0,0,0,0,0,0,9.0,8.316345549738221,5048.2
L,299.9,309.0,1553,40.0,88,0,0,0,0,0,0,9.100000000000023,6.504712041884817,3520.0
L,300.0,309.1,1431,45.4,90,0,0,0,0,0,0,9.100000000000023,6.802869109947644,4086.0
M,300.1,309.1,1731,30.4,92,0,0,0,0,0,0,9.0,5.5101989528795805,2796.7999999999997
M,300.1,309.2,1687,27.7,95,0,0,0,0,0,1,9.099999999999966,4.893183246073298,2631.5
M,300.1,309.2,1457,44.3,98,0,0,0,0,0,0,9.099999999999966,6.758649214659686,4341.4
L,300.1,309.2,1533,37.0,101,0,0,0,0,0,0,9.099999999999966,5.939371727748691,3737.0
H,300.0,309.0,1622,31.8,103,0,0,0,0,0,0,9.0,5.401005235602094,3275.4
L,300.0,309.1,1791,28.2,108,0,0,0,0,0,0,9.100000000000023,5.2886073298429315,3045.6
L,300.0,309.1,1631,28.3,110,0,0,0,0,0,0,9.100000000000023,4.833225130890052,3113.0
L,300.0,309.0,2174,16.9,112,0,0,0,0,0,0,9.0,3.8471832460732984,1892.7999999999997
L,300.1,309.0,1314,58.2,114,0,0,0,0,0,0,8.899999999999977,8.007832460732985,6634.8
L,300.1,309.1,1478,46.9,116,0,0,0,0,0,0,9.0,7.258450261780104,5440.4
L,300.1,309.2,1783,27.3,118,0,0,0,0,0,0,9.099999999999966,5.096952879581152,3221.4
M,300.1,309.2,1385,46.1,120,0,0,0,0,0,0,9.099999999999966,6.685706806282722,5532.0
L,300.0,309.2,1444,43.6,123,0,0,0,0,0,0,9.199999999999989,6.592502617801047,5362.8
L,300.1,309.3,1841,23.0,125,0,0,0,0,0,0,9.199999999999989,4.433821989528796,2875.0
M,300.1,309.4,1349,56.2,127,0,0,0,0,0,0,9.299999999999955,7.938617801047121,7137.400000000001
L,300.1,309.3,1340,56.0,130,0,0,0,0,0,0,9.199999999999989,7.857591623036649,7280.0
M,299.9,309.2,1539,43.2,132,0,0,0,0,0,0,9.300000000000011,6.961759162303665,5702.400000000001
M,300.0,309.3,1932,21.8,135,0,0,0,0,0,0,9.300000000000011,4.410219895287958,2943.0
M,300.0,309.3,1407,43.9,138,0,0,0,0,0,0,9.300000000000011,6.467780104712041,6058.2
L,300.1,309.3,1712,28.5,141,0,0,0,0,0,0,9.199999999999989,5.109109947643979,4018.5
H,300.1,309.4,1329,55.2,143,0,0,0,0,0,0,9.299999999999955,7.681759162303665,7893.6
L,300.1,309.2,1441,42.9,148,0,0,0,0,0,0,9.099999999999966,6.473183246073298,6349.2
L,300.0,309.2,1610,32.1,150,0,0,0,0,0,0,9.199999999999989,5.411623036649215,4815.0
M,300.0,309.1,1474,45.2,152,0,0,0,0,0,0,9.100000000000023,6.9764188481675395,6870.400000000001
M,300.0,309.1,1624,30.8,155,0,0,0,0,0,0,9.100000000000023,5.237612565445026,4774.0
H,300.1,309.3,1520,38.2,158,0,0,0,0,0,0,9.199999999999989,6.080000000000001,6035.6
H,300.1,309.3,1448,45.8,163,0,0,0,0,0,0,9.199999999999989,6.9443350785340305,7465.4
L,300.0,309.3,1558,29.7,168,0,0,0,0,0,0,9.300000000000011,4.845298429319372,4989.599999999999
M,300.0,309.3,2293,16.3,170,0,0,0,0,0,0,9.300000000000011,3.9137068062827227,2771.0
L,300.0,309.3,1397,51.2,173,0,0,0,0,0,0,9.300000000000011,7.489675392670158,8857.6
L,300.0,309.3,1972,22.0,175,0,0,0,0,0,0,9.300000000000011,4.54282722513089,3850.0
M,299.9,309.2,1574,36.5,177,0,0,0,0,0,0,9.300000000000011,6.0158115183246075,6460.5
L,299.9,309.2,1560,38.9,180,0,0,0,0,0,0,9.300000000000011,6.35434554973822,7002.0
M,299.9,309.2,1353,49.8,182,0,0,0,0,0,0,9.300000000000011,7.0554345549738215,9063.6
M,299.9,309.2,1389,51.2,185,0,0,0,0,0,0,9.300000000000011,7.446785340314136,9472.0
M,299.9,309.1,1513,43.8,188,0,0,0,0,0,0,9.200000000000045,6.939204188481675,8234.4
L,299.8,309.1,1578,42.1,191,0,0,0,0,0,0,9.300000000000011,6.95641884816754,8041.1
H,299.8,309.0,1467,37.3,193,0,0,0,0,0,0,9.199999999999989,5.729748691099476,7198.9
L,299.9,309.1,1412,48.3,198,0,0,0,0,0,0,9.200000000000045,7.1413193717277474,9563.4
L,299.8,309.1,1668,30.3,200,0,0,0,0,0,0,9.300000000000011,5.292188481675393,6060.0
M,299.8,309.2,1678,29.8,202,0,0,0,0,0,0,9.399999999999977,5.236062827225131,6019.6
L,299.8,309.1,1612,35.4,205,0,0,0,0,0,0,9.300000000000011,5.975371727748691,7257.0
L,299.8,309.1,1485,39.9,207,0,0,0,0,0,0,9.300000000000011,6.20434554973822,8259.3
M,299.8,309.1,1456,39.4,209,0,0,0,0,0,0,9.300000000000011,6.006952879581152,8234.6
L,299.8,309.2,1504,38.7,212,0,0,0,0,0,0,9.399999999999977,6.094743455497382,8204.400000000001
L,299.9,309.2,1491,44.3,214,0,0,0,0,0,0,9.300000000000011,6.916366492146597,9480.199999999999
H,299.9,309.2,1525,33.2,0,0,0,0,0,0,0,9.300000000000011,5.301570680628273,0.0
L,300.0,309.2,1759,27.9,5,0,0,0,0,0,0,9.199999999999989,5.138858638743455,139.5
M,299.8,309.1,1355,56.7,7,0,0,0,0,0,0,9.300000000000011,8.044869109947644,396.90000000000003
M,299.9,309.1,1345,56.8,10,0,0,0,0,0,0,9.200000000000045,7.99958115183246,568.0
M,299.9,309.2,1683,30.5,13,0,0,0,0,0,0,9.300000000000011,5.375026178010471,396.5
L,299.9,309.2,1658,34.8,16,0,0,0,0,0,0,9.300000000000011,6.04171727748691,556.8
L,300.0,309.2,1566,34.4,18,0,0,0,0,0,0,9.199999999999989,5.6408795811518315,619.1999999999999
M,300.1,309.3,1469,43.9,20,0,0,0,0,0,0,9.199999999999989,6.752785340314136,878.0
M,300.2,309.5,1458,46.9,23,0,0,0,0,0,0,9.300000000000011,7.160230366492146,1078.7
L,300.1,309.4,1858,23.6,26,0,0,0,0,0,0,9.299999999999955,4.591497382198953,613.6
H,300.1,309.4,1563,40.8,28,0,0,0,0,0,0,9.299999999999955,6.677528795811518,1142.3999999999999
L,300.1,309.4,2141,17.9,33,0,0,0,0,0,0,9.299999999999955,4.012973821989529,590.6999999999999
L,300.0,309.3,1473,46.0,35,0,0,0,0,0,0,9.300000000000011,7.095078534031414,1610.0
H,300.0,309.4,1498,38.5,37,0,0,0,0,0,0,9.399999999999977,6.0390575916230365,1424.5
L,300.1,309.4,1568,39.7,42,0,0,0,0,0,0,9.299999999999955,6.5182827225130895,1667.4
L,300.1,309.4,1694,27.4,44,0,0,0,0,0,0,9.299999999999955,4.8602722513089,1205.6
L,300.0,309.4,1499,35.7,46,0,0,0,0,0,0,9.399999999999977,5.60359162303665,1642.2
L,300.0,309.5,1717,28.3,48,0,0,0,0,0,0,9.5,5.088073298429319,1358.4
M,300.1,309.5,1462,42.8,50,0,0,0,0,0,0,9.399999999999977,6.552209424083769,2140.0
L,300.1,309.6,1642,34.5,53,0,0,0,0,0,0,9.5,5.931832460732984,1828.5
L,300.1,309.6,1760,25.4,55,0,0,0,0,0,0,9.5,4.681047120418848,1397.0
L,300.1,309.5,1660,32.7,57,0,0,0,0,0,0,9.399999999999977,5.683979057591624,1863.9
L,300.1,309.5,1557,40.6,59,0,0,0,0,0,0,9.399999999999977,6.619287958115184,2395.4
H,300.2,309.6,1442,49.2,61,0,0,0,0,0,0,9.400000000000034,7.428942408376964,3001.2000000000003
L,300.2,309.6,1359,51.5,66,0,0,0,0,0,0,9.400000000000034,7.328638743455498,3399.0
L,300.4,309.8,1342,52.5,68,0,0,0,0,0,0,9.400000000000034,7.377486910994764,3570.0
L,300.4,309.9,1435,54.8,70,0,0,0,0,0,0,9.5,8.23434554973822,3836.0
L,300.4,309.9,1567,36.5,72,0,0,0,0,0,0,9.5,5.989057591623037,2628.0
L,300.4,309.9,1376,43.5,74,0,0,0,0,0,0,9.5,6.267643979057592,3219.0
H,300.4,309.9,1513,38.7,76,0,0,0,0,0,0,9.5,6.131214659685864,2941.2000000000003
H,300.4,309.9,2563,12.8,81,1,0,0,1,0,0,9.5,3.4352251308900525,1036.8
L,300.5,310.0,1521,45.1,86,0,0,0,0,0,0,9.5,7.182942408376964,3878.6
L,300.6,310.0,1658,34.7,88,0,0,0,0,0,0,9.399999999999977,6.024356020942409,3053.6000000000004
H,300.6,310.0,1419,42.4,90,0,0,0,0,0,0,9.399999999999977,6.300062827225131,3816.0
M,300.6,310.0,1478,36.3,95,0,0,0,0,0,0,9.399999999999977,5.617947643979057,3448.4999999999995
M,300.5,310.0,1415,43.5,98,0,0,0,0,0,0,9.5,6.445287958115183,4263.0
M,300.5,309.9,1780,26.5,101,0,0,0,0,0,0,9.399999999999977,4.939267015706807,2676.5
M,300.4,309.7,1440,42.8,104,0,0,0,0,0,0,9.300000000000011,6.453612565445026,4451.2
H,300.4,309.8,1448,39.7,107,0,0,0,0,0,0,9.400000000000034,6.019434554973823,4247.900000000001
H,300.4,309.7,1500,35.2,112,0,0,0,0,0,0,9.300000000000011,5.528795811518325,3942.4000000000005
L,300.4,309.8,1513,32.9,117,0,0,0,0,0,0,9.400000000000034,5.212324607329843,3849.2999999999997
L,300.5,309.8,1428,43.8,119,0,0,0,0,0,0,9.300000000000011,6.549361256544502,5212.2
M,300.5,309.8,1473,42.3,121,0,0,0,0,0,0,9.300000000000011,6.524387434554973,5118.299999999999
M,300.5,309.9,1483,49.3,124,0,0,0,0,0,0,9.399999999999977,7.655696335078534,6113.2
L,300.4,309.7,1534,42.5,127,0,0,0,0,0,0,9.300000000000011,6.826701570680628,5397.5
L,300.5,309.8,1367,54.0,129,0,0,0,0,0,0,9.300000000000011,7.7296335078534035,6966.0
L,300.4,309.7,1467,36.9,131,0,0,0,0,0,0,9.300000000000011,5.668303664921465,4833.9
M,300.4,309.7,1488,42.2,133,0,0,0,0,0,0,9.300000000000011,6.57524607329843,5612.6
L,300.4,309.7,1679,30.1,136,0,0,0,0,0,0,9.300000000000011,5.291926701570681,4093.6000000000004
H,300.4,309.8,1409,47.5,138,0,0,0,0,0,0,9.400000000000034,7.0081151832460735,6555.0
M,300.4,309.7,1367,51.2,143,0,0,0,0,0,0,9.300000000000011,7.328837696335079,7321.6
L,300.4,309.8,1314,63.1,146,0,0,0,0,0,0,9.400000000000034,8.682031413612567,9212.6
L,300.5,309.9,1480,40.0,148,0,0,0,0,0,0,9.399999999999977,6.198952879581152,5920.0
L,300.4,309.8,1549,38.9,150,0,0,0,0,0,0,9.400000000000034,6.309539267015706,5835.0
L,300.4,309.7,1685,31.3,152,0,0,0,0,0,0,9.300000000000011,5.522565445026178,4757.6
L,300.4,309.6,1536,34.5,154,0,0,0,0,0,0,9.200000000000045,5.548900523560209,5313.0
M,300.4,309.7,1539,37.7,156,0,0,0,0,0,0,9.300000000000011,6.075424083769634,5881.200000000001
L,300.4,309.7,1384,45.1,159,0,0,0,0,0,0,9.300000000000011,6.535958115183246,7170.900000000001
M,300.4,309.6,1614,30.3,161,0,0,0,0,0,0,9.200000000000045,5.120858638743456,4878.3
M,300.4,309.6,1675,35.5,164,0,0,0,0,0,0,9.200000000000045,6.226439790575916,5822.0
M,300.4,309.7,1685,32.3,167,0,0,0,0,0,0,9.300000000000011,5.699005235602093,5394.099999999999
L,300.4,309.6,1386,56.9,170,0,0,0,0,0,0,9.200000000000045,8.257947643979056,9673.0
M,300.3,309.6,1488,41.3,172,0,0,0,0,0,0,9.300000000000011,6.435015706806282,7103.599999999999
L,300.3,309.6,1624,32.6,175,0,0,0,0,0,0,9.300000000000011,5.543706806282723,5705.0
L,300.3,309.6,1600,34.6,177,0,0,0,0,0,0,9.300000000000011,5.796858638743456,6124.2
L,300.3,309.6,1468,44.7,179,0,0,0,0,0,0,9.300000000000011,6.871162303664922,8001.3
L,300.3,309.6,1435,45.4,181,0,0,0,0,0,0,9.300000000000011,6.8218848167539266,8217.4
M,300.2,309.5,1564,33.4,183,0,0,0,0,0,0,9.300000000000011,5.4699057591623035,6112.2
M,300.2,309.4,1329,53.6,186,0,0,0,0,0,0,9.199999999999989,7.459099476439792,9969.6
L,300.1,309.3,1570,36.8,189,0,0,0,0,0,0,9.199999999999989,6.049842931937172,6955.2
M,300.2,309.4,1433,48.8,191,0,0,0,0,0,0,9.199999999999989,7.322554973821989,9320.8
L,300.2,309.4,1527,37.0,194,0,0,0,0,0,0,9.199999999999989,5.916125654450262,7178.0
M,300.1,309.3,1443,50.3,196,0,0,0,0,0,0,9.199999999999989,7.600303664921466,9858.8
L,300.1,309.3,1616,32.0,199,0,0,0,0,0,0,9.199999999999989,5.414869109947644,6368.0
L,300.1,309.3,1654,31.0,201,0,0,0,0,0,0,9.199999999999989,5.369005235602094,6231.0
L,300.1,309.3,1685,27.1,203,0,0,0,0,0,0,9.199999999999989,4.78151832460733,5501.3
M,300.2,309.4,1456,48.8,205,0,0,0,0,0,0,9.199999999999989,7.4400837696335085,10004.0
M,300.2,309.4,1752,27.8,208,0,0,0,0,0,0,9.199999999999989,5.1000628272251305,5782.400000000001
M,300.1,309.2,1438,51.0,211,0,0,0,0,0,0,9.099999999999966,7.679371727748691,10761.0
L,300.1,309.1,1551,33.7,214,0,0,0,0,0,0,9.0,5.473162303664922,7211.8
L,300.1,309.2,1599,30.1,216,0,0,0,0,0,0,9.099999999999966,5.039780104712042,6501.6
M,300.1,309.2,1732,33.7,218,0,0,0,0,0,0,9.099999999999966,6.111874345549738,7346.6
M,300.1,309.2,1418,39.8,221,0,0,0,0,0,0,9.099999999999966,5.9095706806282715,8795.8
L,300.0,309.1,1401,44.5,0,0,0,0,0,0,0,9.100000000000023,6.528219895287958,0.0
L,300.0,309.0,1454,51.7,2,0,0,0,0,0,0,9.0,7.871392670157069,103.4
M,300.0,309.2,1635,32.4,4,0,0,0,0,0,0,9.199999999999989,5.547015706806283,129.6
L,300.0,309.1,1489,40.3,7,0,0,0,0,0,0,9.100000000000023,6.283424083769633,282.09999999999997
L,300.0,309.1,1465,40.6,9,0,0,0,0,0,0,9.100000000000023,6.228167539267016,365.40000000000003
M,300.0,309.1,1463,45.7,11,0,0,0,0,0,0,9.100000000000023,7.000952879581153,502.70000000000005
H,300.1,309.1,1560,35.4,14,0,0,0,0,0,0,9.0,5.78261780104712,495.59999999999997
M,300.1,309.2,1454,44.4,19,0,0,0,0,0,0,9.099999999999966,6.759958115183246,843.6
L,300.2,309.1,1479,47.0,22,0,0,0,0,0,0,8.900000000000034,7.278848167539267,1034.0
L,300.2,309.2,1430,43.4,24,0,0,0,0,0,0,9.0,6.498638743455498,1041.6
M,300.1,309.1,1533,38.0,26,0,0,0,0,0,0,9.0,6.099895287958115,988.0
L,300.1,309.0,1404,54.8,29,0,0,0,0,0,0,8.899999999999977,8.056460732984293,1589.1999999999998
M,300.1,308.9,1548,38.4,31,0,0,0,0,0,0,8.799999999999955,6.224418848167539,1190.3999999999999
M,300.1,309.0,1612,33.0,34,0,0,0,0,0,0,8.899999999999977,5.570261780104712,1122.0
M,300.2,309.0,1642,31.2,37,0,0,0,0,0,0,8.800000000000011,5.364439790575917,1154.3999999999999
M,300.2,309.1,1406,42.2,40,0,0,0,0,0,0,8.900000000000034,6.21290052356021,1688.0
L,300.3,309.2,1587,31.4,43,0,0,0,0,0,0,8.899999999999977,5.217989528795811,1350.2
M,300.3,309.2,1364,47.6,45,0,0,0,0,0,0,8.899999999999977,6.798575916230367,2142.0
L,300.3,309.2,1462,51.4,48,0,0,0,0,0,0,8.899999999999977,7.868774869109948,2467.2
L,300.3,309.2,1649,32.4,50,0,0,0,0,0,0,8.899999999999977,5.594513089005235,1620.0
L,300.4,309.2,1752,29.0,52,0,0,0,0,0,0,8.800000000000011,5.32020942408377,1508.0
H,300.4,309.3,1396,51.2,54,0,0,0,0,0,0,8.900000000000034,7.484314136125654,2764.8
M,300.5,309.4,2179,16.3,59,0,0,0,0,0,0,8.899999999999977,3.7191308900523565,961.7
L,300.5,309.5,1653,27.6,62,0,0,0,0,0,0,9.0,4.7772565445026185,1711.2
L,300.6,309.5,2025,21.4,64,0,0,0,0,0,0,8.899999999999977,4.537696335078534,1369.6
L,300.6,309.6,1426,53.6,66,0,0,0,0,0,0,9.0,8.003518324607331,3537.6
M,300.6,309.6,1503,38.4,68,0,0,0,0,0,0,9.0,6.043476439790576,2611.2
M,300.7,309.6,1525,36.5,71,0,0,0,0,0,0,8.900000000000034,5.8285340314136125,2591.5
L,300.6,309.6,1423,49.1,74,0,0,0,0,0,0,9.0,7.316157068062828,3633.4
M,300.7,309.7,1435,44.7,76,0,0,0,0,0,0,9.0,6.7167015706806295,3397.2000000000003
H,300.6,309.5,1495,36.5,79,0,0,0,0,0,0,8.899999999999977,5.713874345549738,2883.5
M,300.6,309.5,1557,33.8,84,0,0,0,0,0,0,8.899999999999977,5.510638743455497,2839.2
L,300.6,309.4,1474,40.7,87,0,0,0,0,0,0,8.799999999999955,6.28186387434555,3540.9
L,300.5,309.3,1465,46.0,89,0,0,0,0,0,0,8.800000000000011,7.056544502617801,4094.0
M,300.5,309.3,1589,34.9,91,0,0,0,0,0,0,8.800000000000011,5.806921465968586,3175.9
L,300.5,309.3,1475,46.8,94,0,0,0,0,0,0,8.800000000000011,7.2282722513089,4399.2
L,300.6,309.4,1442,43.2,96,0,0,0,0,0,0,8.799999999999955,6.522973821989529,4147.200000000001
L,300.6,309.4,1556,36.0,98,0,0,0,0,0,0,8.799999999999955,5.865549738219896,3528.0
L,300.7,309.3,1425,45.3,100,0,0,0,0,0,0,8.600000000000023,6.759424083769633,4530.0
L,300.7,309.3,1580,38.3,102,0,0,0,0,0,0,8.600000000000023,6.336544502617801,3906.6
H,300.8,309.4,1474,40.7,104,0,0,0,0,0,0,8.599999999999966,6.28186387434555,4232.8
L,300.8,309.4,1489,38.4,109,0,0,0,0,0,0,8.599999999999966,5.9871832460732985,4185.599999999999
L,300.8,309.4,1946,20.5,111,0,0,0,0,0,0,8.599999999999966,4.177277486910995,2275.5
M,300.8,309.4,1342,62.4,113,1,0,1,0,0,0,8.599999999999966,8.768670157068064,7051.2
M,300.9,309.5,1758,26.8,116,0,0,0,0,0,0,8.600000000000023,4.933445026178011,3108.8
M,300.9,309.4,1724,25.6,119,0,0,0,0,0,0,8.5,4.621403141361257,3046.4
L,301.0,309.5,1430,48.5,122,0,0,0,0,0,0,8.5,7.262303664921466,5917.0
L,300.9,309.5,1612,35.2,124,0,0,0,0,0,0,8.600000000000023,5.941612565445026,4364.8
H,300.9,309.5,1469,43.4,126,0,0,0,0,0,0,8.600000000000023,6.6758743455497385,5468.4
L,300.9,309.6,1384,42.4,131,0,0,0,0,0,0,8.700000000000045,6.144670157068063,5554.4
L,301.0,309.6,1724,28.1,133,0,0,0,0,0,0,8.600000000000023,5.072712041884817,3737.3
M,301.0,309.6,1397,48.0,135,0,0,0,0,0,0,8.600000000000023,7.0215706806282725,6480.0
M,301.0,309.6,1588,32.7,138,0,0,0,0,0,0,8.600000000000023,5.437445026178011,4512.6
L,301.0,309.7,1468,42.0,141,0,0,0,0,0,0,8.699999999999989,6.456125654450262,5922.0
M,301.0,309.8,1594,31.1,143,0,0,0,0,0,0,8.800000000000011,5.190931937172775,4447.3
M,301.0,309.7,1511,39.3,146,0,0,0,0,0,0,8.699999999999989,6.218041884816754,5737.799999999999
L,301.1,309.8,1493,38.9,149,0,0,0,0,0,0,8.699999999999989,6.081434554973821,5796.099999999999
H,301.2,309.8,1709,27.0,151,0,0,0,0,0,0,8.600000000000023,4.831727748691099,4077.0
L,301.1,309.6,1501,36.1,156,0,0,0,0,0,0,8.5,5.673937172774869,5631.6
L,301.1,309.7,1668,30.8,158,0,0,0,0,0,0,8.599999999999966,5.37951832460733,4866.400000000001
L,301.1,309.6,1502,48.9,160,0,0,0,0,0,0,8.5,7.690869109947644,7824.0
M,301.0,309.7,1288,58.4,162,0,0,0,0,0,0,8.699999999999989,7.876356020942408,9460.8
L,301.0,309.7,1491,42.9,165,0,0,0,0,0,0,8.699999999999989,6.697790575916231,7078.5
L,301.1,309.8,1519,39.6,167,0,0,0,0,0,0,8.699999999999989,6.298680628272251,6613.2
L,301.2,309.9,1984,19.7,169,0,0,0,0,0,0,8.699999999999989,4.092649214659685,3329.2999999999997
L,301.2,309.9,1643,32.9,171,0,0,0,0,0,0,8.699999999999989,5.660178010471204,5625.9
M,301.2,310.0,1625,31.6,173,0,0,0,0,0,0,8.800000000000011,5.37696335078534,5466.8
M,301.3,310.0,2068,17.8,176,0,0,0,0,0,0,8.699999999999989,3.8544921465968587,3132.8
H,301.3,310.1,1469,39.7,179,0,0,0,0,0,0,8.800000000000011,6.106732984293194,7106.3
L,301.3,310.1,1558,36.3,184,0,0,0,0,0,0,8.800000000000011,5.922031413612565,6679.2
L,301.3,310.0,1344,54.8,186,0,0,0,0,0,0,8.699999999999989,7.712167539267015,10192.8
H,301.3,310.1,1455,44.1,188,0,0,0,0,0,0,8.800000000000011,6.718900523560209,8290.800000000001
L,301.3,310.1,1355,53.6,193,0,0,0,0,0,0,8.800000000000011,7.605026178010471,10344.800000000001
L,301.3,310.1,1269,56.8,195,1,0,0,0,1,0,8.800000000000011,7.547560209424083,11076.0
L,301.3,310.0,1550,41.5,197,0,0,0,0,0,0,8.699999999999989,6.7356020942408374,8175.5
M,301.3,310.1,1525,37.8,199,0,0,0,0,0,0,8.800000000000011,6.036125654450261,7522.2
M,301.3,310.0,1696,32.4,202,0,0,0,0,0,0,8.699999999999989,5.753968586387434,6544.799999999999
L,301.4,310.1,1937,21.8,205,0,0,0,0,0,0,8.700000000000045,4.421633507853403,4469.0
M,301.4,310.0,1689,32.1,207,0,0,0,0,0,0,8.600000000000023,5.677162303664922,6644.700000000001
M,301.3,310.0,1593,30.8,210,0,0,0,0,0,0,8.699999999999989,5.137633507853403,6468.0
M,301.3,309.9,1565,36.0,213,0,0,0,0,0,0,8.599999999999966,5.899476439790576,7668.0
L,301.3,310.0,1665,31.4,0,0,0,0,0,0,0,8.699999999999989,5.474450261780104,0.0
H,301.3,310.0,1532,36.3,2,0,0,0,0,0,0,8.699999999999989,5.823204188481675,72.6
L,301.3,310.0,1438,40.9,7,0,0,0,0,0,0,8.699999999999989,6.158554973821989,286.3
L,301.3,310.1,1531,41.6,9,0,0,0,0,0,0,8.800000000000011,6.669068062827225,374.40000000000003
L,301.3,310.0,1506,40.8,11,0,0,0,0,0,0,8.699999999999989,6.434010471204188,448.79999999999995
L,301.2,309.9,1382,52.4,13,0,0,0,0,0,0,8.699999999999989,7.582910994764398,681.1999999999999
M,301.2,309.9,1456,50.8,15,0,0,0,0,0,0,8.699999999999989,7.745005235602094,762.0
M,301.2,310.0,1445,45.6,18,0,0,0,0,0,0,8.800000000000011,6.899685863874345,820.8000000000001
L,301.2,309.9,1515,40.9,21,0,0,0,0,0,0,8.699999999999989,6.488324607329843,858.9
L,301.2,309.9,1449,45.5,23,0,0,0,0,0,0,8.699999999999989,6.903612565445026,1046.5
H,301.2,309.9,1362,50.7,25,0,0,0,0,0,0,8.699999999999989,7.230722513089006,1267.5
L,301.2,309.9,1687,29.7,30,0,0,0,0,0,0,8.699999999999989,5.24648167539267,891.0
L,301.2,310.0,1618,37.6,32,0,0,0,0,0,0,8.800000000000011,6.37034554973822,1203.2
M,301.2,310.1,1558,32.6,34,0,0,0,0,0,0,8.900000000000034,5.318408376963351,1108.4
L,301.3,310.1,1662,31.0,37,0,0,0,0,0,0,8.800000000000011,5.394973821989529,1147.0
M,301.2,310.1,1295,56.6,39,0,0,0,0,0,0,8.900000000000034,7.675078534031414,2207.4
L,301.2,310.2,1385,42.3,42,0,0,0,0,0,0,9.0,6.1346073298429316,1776.6
M,301.2,310.1,1479,45.5,44,0,0,0,0,0,0,8.900000000000034,7.046544502617801,2002.0
L,301.3,310.3,1400,44.3,47,0,0,0,0,0,0,9.0,6.494240837696334,2082.1
M,301.2,310.3,1357,54.5,49,0,0,0,0,0,0,9.100000000000023,7.7441361256544505,2670.5
L,301.1,310.2,1657,34.1,52,0,0,0,0,0,0,9.099999999999966,5.916617801047121,1773.2
L,301.1,310.2,1496,43.4,54,0,0,0,0,0,0,9.099999999999966,6.798575916230367,2343.6
M,301.2,310.3,1379,43.2,56,0,0,0,0,0,0,9.100000000000023,6.237989528795812,2419.2000000000003
L,301.2,310.3,1548,38.6,59,0,0,0,0,0,0,9.100000000000023,6.2568376963350785,2277.4
L,301.2,310.3,1499,38.1,61,0,0,0,0,0,0,9.100000000000023,5.9803036649214665,2324.1
L,301.3,310.5,1390,45.8,63,0,0,0,0,0,0,9.199999999999989,6.666178010471204,2885.3999999999996
H,301.3,310.4,1538,38.4,65,0,0,0,0,0,0,9.099999999999966,6.184209424083769,2496.0
L,301.3,310.5,1365,47.7,70,0,0,0,0,0,0,9.199999999999989,6.8178534031413625,3339.0
L,301.3,310.5,1503,48.6,72,0,0,0,0,0,0,9.199999999999989,7.648774869109948,3499.2000000000003
L,301.2,310.4,1390,49.9,74,0,0,0,0,0,0,9.199999999999989,7.262931937172775,3692.6
L,301.2,310.3,1497,45.7,76,0,0,0,0,0,0,9.100000000000023,7.163654450261781,3473.2000000000003
M,301.3,310.4,1577,48.3,78,0,0,0,0,0,0,9.099999999999966,7.975821989528795,3767.3999999999996
L,301.4,310.5,1432,54.3,81,0,0,0,0,0,0,9.100000000000023,8.142157068062826,4398.3
M,301.4,310.5,1563,39.9,83,0,0,0,0,0,0,9.100000000000023,6.530230366492146,3311.7
L,301.4,310.4,1433,43.4,86,0,0,0,0,0,0,9.0,6.5122722513089,3732.4
L,301.3,310.4,1384,50.1,88,0,0,0,0,0,0,9.099999999999966,7.260565445026179,4408.8
L,301.3,310.4,1346,46.7,90,0,0,0,0,0,0,9.099999999999966,6.582010471204189,4203.0
L,301.3,310.4,1459,44.7,92,0,0,0,0,0,0,9.099999999999966,6.82903664921466,4112.400000000001
L,301.4,310.4,1639,28.9,94,0,0,0,0,0,0,9.0,4.959905759162304,2716.6
L,301.4,310.4,1737,31.9,96,0,0,0,0,0,0,9.0,5.802125654450261,3062.3999999999996
L,301.4,310.5,1489,43.5,98,0,0,0,0,0,0,9.100000000000023,6.782356020942409,4263.0
M,301.5,310.6,1492,43.0,100,0,0,0,0,0,0,9.100000000000023,6.717905759162304,4300.0
M,301.4,310.5,1217,60.6,103,0,0,0,0,0,0,9.100000000000023,7.722534031413613,6241.8
L,301.5,310.5,1636,28.7,106,0,0,0,0,0,0,9.0,4.916565445026178,3042.2
L,301.4,310.4,1436,49.7,108,0,0,0,0,0,0,9.0,7.473214659685864,5367.6
L,301.4,310.4,1689,30.6,110,0,0,0,0,0,0,9.0,5.411874345549738,3366.0
L,301.5,310.5,2289,16.4,112,0,0,0,0,0,0,9.0,3.930848167539267,1836.7999999999997
L,301.5,310.6,1522,41.0,114,0,0,0,0,0,0,9.100000000000023,6.534240837696335,4674.0
L,301.5,310.5,1351,52.9,116,0,0,0,0,0,0,9.0,7.483549738219895,6136.4
L,301.5,310.5,1589,36.7,118,0,0,0,0,0,0,9.0,6.106418848167539,4330.6
L,301.5,310.6,1578,34.1,120,0,0,0,0,0,0,9.100000000000023,5.6345340314136125,4092.0
L,301.5,310.6,1587,33.7,122,0,0,0,0,0,0,9.100000000000023,5.600198952879581,4111.400000000001
L,301.5,310.6,1962,20.2,124,0,0,0,0,0,0,9.100000000000023,4.149989528795811,2504.7999999999997
M,301.5,310.6,2432,14.2,126,0,0,0,0,0,0,9.100000000000023,3.616167539267016,1789.1999999999998
L,301.6,310.6,1418,43.9,129,0,0,0,0,0,0,9.0,6.5183455497382194,5663.099999999999
L,301.6,310.7,1683,29.7,131,0,0,0,0,0,0,9.099999999999966,5.234041884816754,3890.7
L,301.7,310.8,1385,50.7,133,0,0,0,0,0,0,9.100000000000023,7.35282722513089,6743.1
L,301.7,310.8,1559,44.5,135,0,0,0,0,0,0,9.100000000000023,7.264450261780104,6007.5
M,301.7,310.8,1671,31.6,137,0,0,0,0,0,0,9.100000000000023,5.52917277486911,4329.2
M,301.6,310.8,1343,49.5,140,0,0,0,0,0,0,9.199999999999989,6.961099476439791,6930.0
M,301.6,310.8,1548,34.2,143,0,0,0,0,0,0,9.199999999999989,5.543623036649215,4890.6
L,301.7,310.9,1705,31.2,146,0,0,0,0,0,0,9.199999999999989,5.570261780104712,4555.2
L,301.6,310.8,1535,35.4,148,0,0,0,0,0,0,9.199999999999989,5.689947643979058,5239.2
L,301.6,310.8,1564,34.1,150,0,0,0,0,0,0,9.199999999999989,5.584544502617801,5115.0
M,301.6,310.9,1510,40.9,152,0,0,0,0,0,0,9.299999999999955,6.466910994764398,6216.8
L,301.6,310.9,1492,45.2,155,0,0,0,0,0,0,9.299999999999955,7.061612565445027,7006.0
M,301.5,310.8,1452,44.1,157,0,0,0,0,0,0,9.300000000000011,6.705047120418849,6923.7
H,301.4,310.7,1329,52.0,160,0,0,0,0,0,0,9.300000000000011,7.236439790575917,8320.0
L,301.5,310.8,1382,52.4,165,0,0,0,0,0,0,9.300000000000011,7.582910994764398,8646.0
M,301.5,310.8,1628,36.4,167,0,0,0,0,0,0,9.300000000000011,6.205151832460733,6078.8
L,301.4,310.7,1706,27.9,170,0,0,0,0,0,0,9.300000000000011,4.984020942408376,4743.0
L,301.3,310.7,1594,34.1,172,0,0,0,0,0,0,9.399999999999977,5.691664921465969,5865.2
L,301.3,310.7,1761,24.3,174,0,0,0,0,0,0,9.399999999999977,4.480869109947644,4228.2
L,301.3,310.6,1529,41.8,176,0,0,0,0,0,0,9.300000000000011,6.692376963350785,7356.799999999999
M,301.3,310.7,1532,40.7,178,0,0,0,0,0,0,9.399999999999977,6.5290471204188485,7244.6
L,301.4,310.7,1673,27.8,181,0,0,0,0,0,0,9.300000000000011,4.870094240837696,5031.8
L,301.4,310.8,1285,62.6,183,1,0,0,0,1,0,9.400000000000034,8.423141361256544,11455.800000000001
L,301.4,310.8,1680,31.4,185,0,0,0,0,0,0,9.400000000000034,5.523769633507853,5809.0
L,301.4,310.8,1610,34.6,187,0,0,0,0,0,0,9.400000000000034,5.833089005235602,6470.2
L,301.6,310.9,1632,31.6,189,0,0,0,0,0,0,9.299999999999955,5.400125654450262,5972.400000000001
L,301.6,310.9,1559,40.2,191,0,0,0,0,0,0,9.299999999999955,6.562492146596859,7678.200000000001
L,301.5,310.8,1367,49.0,193,0,0,0,0,0,0,9.300000000000011,7.01392670157068,9457.0
L,301.6,310.8,1355,57.8,195,1,0,0,0,1,0,9.199999999999989,8.200942408376964,11271.0
H,301.6,310.7,1414,51.7,197,0,0,0,0,0,0,9.099999999999966,7.654848167539267,10184.900000000001
L,301.5,310.6,1522,36.6,202,0,0,0,0,0,0,9.100000000000023,5.833005235602094,7393.200000000001
L,301.5,310.6,1525,41.9,204,0,0,0,0,0,0,9.100000000000023,6.690837696335079,8547.6
L,301.5,310.6,1394,46.5,206,0,0,0,0,0,0,9.100000000000023,6.787539267015707,9579.0
L,301.5,310.6,1519,40.7,208,0,0,0,0,0,0,9.100000000000023,6.473643979057592,8465.6
L,301.4,310.6,1445,43.9,210,0,0,0,0,0,0,9.200000000000045,6.6424607329842935,9219.0
L,301.4,310.6,1555,43.3,212,0,0,0,0,0,0,9.200000000000045,7.050418848167539,9179.599999999999
L,301.4,310.5,1633,39.5,0,0,0,0,0,0,0,9.100000000000023,6.754293193717277,0.0
M,301.4,310.6,1630,30.3,2,0,0,0,0,0,0,9.200000000000045,5.171623036649215,60.6
M,301.4,310.7,1692,32.3,5,0,0,0,0,0,0,9.300000000000011,5.7226806282722515,161.5
H,301.5,310.7,1790,26.2,8,0,0,0,0,0,0,9.199999999999989,4.910785340314136,209.6
L,301.5,310.8,1350,58.5,13,0,0,0,0,0,0,9.300000000000011,8.269633507853403,760.5
L,301.5,310.9,2760,8.0,15,1,0,0,1,0,0,9.399999999999977,2.312041884816754,120.0
L,301.4,310.7,1584,32.2,17,0,0,0,0,0,0,9.300000000000011,5.340816753926702,547.4000000000001
L,301.4,310.7,1989,21.8,19,0,0,0,0,0,0,9.300000000000011,4.5403350785340315,414.2
L,301.4,310.8,1431,44.3,21,0,0,0,0,0,0,9.400000000000034,6.6380418848167535,930.3
L,301.4,310.7,1568,35.2,23,0,0,0,0,0,0,9.300000000000011,5.779434554973823,809.6
L,301.4,310.7,1376,50.6,25,0,0,0,0,0,0,9.300000000000011,7.290638743455498,1265.0
M,301.4,310.6,1459,46.9,27,0,0,0,0,0,0,9.200000000000045,7.165141361256544,1266.3
M,301.5,310.8,1385,47.5,30,0,0,0,0,0,0,9.300000000000011,6.888743455497382,1425.0
H,301.5,310.8,1591,29.6,33,0,0,0,0,0,0,9.300000000000011,4.931267015706807,976.8000000000001
L,301.5,310.7,1568,33.1,38,0,0,0,0,0,0,9.199999999999989,5.434638743455498,1257.8
M,301.4,310.7,1459,37.7,40,0,0,0,0,0,0,9.300000000000011,5.7596125654450265,1508.0
L,301.4,310.7,1590,36.3,43,0,0,0,0,0,0,9.300000000000011,6.043664921465968,1560.8999999999999
L,301.3,310.6,1376,47.6,45,0,0,0,0,0,0,9.300000000000011,6.858387434554974,2142.0
L,301.3,310.6,1510,38.5,47,0,0,0,0,0,0,9.300000000000011,6.087434554973822,1809.5
H,301.4,310.6,1674,33.6,49,0,0,0,0,0,0,9.200000000000045,5.889675392670157,1646.4
L,301.3,310.6,1426,40.7,54,0,0,0,0,0,0,9.300000000000011,6.077298429319372,2197.8
L,301.5,310.7,1466,43.6,56,0,0,0,0,0,0,9.199999999999989,6.692942408376963,2441.6
H,301.5,310.8,1474,38.7,58,0,0,0,0,0,0,9.300000000000011,5.97317277486911,2244.6000000000004
M,301.6,310.8,1290,65.3,63,0,0,0,0,0,0,9.199999999999989,8.820628272251309,4113.9
M,301.7,310.9,1435,48.0,66,0,0,0,0,0,0,9.199999999999989,7.212565445026178,3168.0
M,301.5,310.7,1416,53.2,69,0,0,0,0,0,0,9.199999999999989,7.888083769633508,3670.8
H,301.5,310.7,1599,40.4,72,0,0,0,0,0,0,9.199999999999989,6.764356020942408,2908.7999999999997
L,301.5,310.7,1466,47.3,77,0,0,0,0,0,0,9.199999999999989,7.260921465968587,3642.1
L,301.5,310.7,1408,47.3,79,0,0,0,0,0,0,9.199999999999989,6.97365445026178,3736.7
L,301.5,310.6,1490,48.1,81,0,0,0,0,0,0,9.100000000000023,7.504607329842932,3896.1
L,301.5,310.6,1405,42.3,83,0,0,0,0,0,0,9.100000000000023,6.2231937172774865,3510.8999999999996
L,301.4,310.5,1647,33.3,85,0,0,0,0,0,0,9.100000000000023,5.742942408376964,2830.4999999999995
M,301.4,310.6,1459,35.0,87,0,0,0,0,0,0,9.200000000000045,5.347120418848167,3045.0
L,301.4,310.6,1648,30.7,90,0,0,0,0,0,0,9.200000000000045,5.297759162303665,2763.0
L,301.4,310.7,1675,30.7,92,0,0,0,0,0,0,9.300000000000011,5.38455497382199,2824.4
L,301.4,310.7,1605,34.2,94,0,0,0,0,0,0,9.300000000000011,5.747748691099477,3214.8
H,301.4,310.7,1536,44.4,96,0,0,0,0,0,0,9.300000000000011,7.141193717277487,4262.4
M,301.4,310.7,1617,34.3,101,0,0,0,0,0,0,9.300000000000011,5.80765445026178,3464.2999999999997
L,301.4,310.6,1347,53.3,104,0,0,0,0,0,0,9.200000000000045,7.517811518324606,5543.2
L,301.3,310.5,1337,52.7,106,0,0,0,0,0,0,9.199999999999989,7.378000000000001,5586.200000000001
L,301.3,310.4,1695,30.9,108,0,0,0,0,0,0,9.099999999999966,5.48434554973822,3337.2
M,301.3,310.4,1635,32.5,110,0,0,0,0,0,0,9.099999999999966,5.56413612565445,3575.0
L,301.2,310.4,1470,44.0,113,0,0,0,0,0,0,9.199999999999989,6.772774869109948,4972.0
L,301.2,310.4,1381,49.8,115,0,0,0,0,0,0,9.199999999999989,7.2014450261780105,5727.0
M,301.2,310.4,1382,41.6,117,0,0,0,0,0,0,9.199999999999989,6.020020942408378,4867.2
M,301.2,310.4,1697,30.0,120,0,0,0,0,0,0,9.199999999999989,5.330890052356021,3600.0
L,301.2,310.3,1451,39.7,123,0,0,0,0,0,0,9.100000000000023,6.031905759162304,4883.1
L,301.3,310.3,1419,55.7,125,0,0,0,0,0,0,9.0,8.276261780104713,6962.5
L,301.3,310.3,1313,55.6,127,0,0,0,0,0,0,9.0,7.644272251308901,7061.2
L,301.3,310.3,1560,36.3,129,0,0,0,0,0,0,9.0,5.929633507853403,4682.7
L,301.3,310.3,1555,41.2,131,0,0,0,0,0,0,9.0,6.708481675392671,5397.200000000001
L,301.4,310.4,1579,36.9,133,0,0,0,0,0,0,9.0,6.101057591623037,4907.7
L,301.5,310.5,1435,44.6,135,0,0,0,0,0,0,9.0,6.701675392670157,6021.0
L,301.6,310.6,1621,33.7,137,0,0,0,0,0,0,9.0,5.720178010471205,4616.900000000001
H,301.6,310.6,1555,40.4,139,0,0,0,0,0,0,9.0,6.578219895287958,5615.599999999999
L,301.5,310.5,1611,33.8,144,0,0,0,0,0,0,9.0,5.701759162303665,4867.2
L,301.6,310.6,1834,23.5,146,0,0,0,0,0,0,9.0,4.512984293193718,3431.0
M,301.5,310.5,1612,29.8,148,0,0,0,0,0,0,9.0,5.030115183246073,4410.400000000001
L,301.5,310.4,1629,34.1,151,0,0,0,0,0,0,8.899999999999977,5.816638743455497,5149.1
L,301.4,310.4,1496,35.2,153,0,0,0,0,0,0,9.0,5.514052356020943,5385.6
L,301.5,310.5,1593,32.9,155,0,0,0,0,0,0,9.0,5.4879267015706805,5099.5
M,301.5,310.5,1623,33.5,157,0,0,0,0,0,0,9.0,5.693246073298429,5259.5
L,301.5,310.5,1380,48.7,160,0,0,0,0,0,0,9.0,7.037277486910995,7792.0
L,301.6,310.6,1562,34.4,162,0,0,0,0,0,0,9.0,5.626471204188481,5572.8
L,301.6,310.6,1391,49.4,164,0,0,0,0,0,0,9.0,7.195329842931937,8101.599999999999
H,301.5,310.5,1551,34.3,166,0,0,0,0,0,0,9.0,5.5706073298429315,5693.799999999999
H,301.6,310.6,1821,26.2,171,0,0,0,0,0,0,9.0,4.995832460732984,4480.2
L,301.6,310.7,1429,43.6,176,0,0,0,0,0,0,9.099999999999966,6.524020942408377,7673.6
M,301.6,310.7,2012,20.7,178,0,0,0,0,0,0,9.099999999999966,4.361089005235602,3684.6
M,301.6,310.6,1924,23.6,181,0,0,0,0,0,0,9.0,4.7545968586387435,4271.6
M,301.5,310.5,1412,44.1,184,0,0,0,0,0,0,9.0,6.520335078534032,8114.400000000001
L,301.5,310.5,1389,54.9,187,0,0,0,0,0,0,9.0,7.984931937172774,10266.3
L,301.5,310.5,1466,48.1,189,0,0,0,0,0,0,9.0,7.3837277486911,9090.9
L,301.5,310.5,2297,15.8,191,0,0,0,0,0,0,9.0,3.8002722513089005,3017.8
L,301.4,310.4,1471,37.5,193,0,0,0,0,0,0,9.0,5.776178010471204,7237.5
L,301.4,310.3,1492,41.4,195,0,0,0,0,0,0,8.900000000000034,6.467937172774868,8073.0
L,301.3,310.3,1460,41.5,197,0,0,0,0,0,0,9.0,6.344502617801047,8175.5
L,301.4,310.4,1559,39.4,199,0,0,0,0,0,0,9.0,6.431895287958115,7840.599999999999
M,301.4,310.5,1495,52.5,201,0,0,0,0,0,0,9.100000000000023,8.218586387434556,10552.5
L,301.5,310.5,1535,39.0,204,0,0,0,0,0,0,9.0,6.268586387434555,7956.0
L,301.5,310.6,1381,50.7,206,0,0,0,0,0,0,9.100000000000023,7.331591623036649,10444.2
M,301.6,310.6,1599,36.1,208,0,0,0,0,0,0,9.0,6.044387434554974,7508.8
H,301.6,310.6,1400,49.5,211,0,0,0,0,0,0,9.0,7.2565445026178015,10444.5
L,301.7,310.6,1624,34.5,216,0,0,0,0,0,0,8.900000000000034,5.866806282722513,7452.0
L,301.6,310.6,1478,36.6,218,0,0,0,0,0,0,9.0,5.664376963350786,7978.8
L,301.7,310.7,1605,33.3,220,0,0,0,0,0,0,9.0,5.596492146596858,7325.999999999999
L,301.6,310.6,1506,43.4,222,0,0,0,0,0,0,9.0,6.8440209424083776,9634.8
L,301.6,310.6,1455,43.9,0,0,0,0,0,0,0,9.0,6.6884293193717275,0.0
H,301.6,310.5,1602,32.3,2,0,0,0,0,0,1,8.899999999999977,5.418282722513089,64.6
L,301.5,310.4,1425,54.4,7,0,0,0,0,0,0,8.899999999999977,8.117277486910995,380.8
L,301.5,310.4,1918,21.8,9,0,0,0,0,0,0,8.899999999999977,4.378261780104713,196.20000000000002
H,301.4,310.3,1611,41.5,11,0,0,0,0,0,0,8.900000000000034,7.000680628272251,456.5
H,301.4,310.4,1610,38.6,16,0,0,0,0,0,0,9.0,6.507434554973822,617.6
M,301.5,310.4,2639,12.0,21,1,0,0,1,0,0,8.899999999999977,3.316020942408377,252.0
L,301.5,310.4,1329,46.6,24,0,0,0,0,0,0,8.899999999999977,6.484963350785341,1118.4
L,301.5,310.4,1270,54.2,26,0,0,0,0,0,0,8.899999999999977,7.207748691099477,1409.2
L,301.5,310.3,1415,41.6,28,0,0,0,0,0,0,8.800000000000011,6.163769633507854,1164.8
H,301.6,310.4,1330,49.5,30,0,0,0,0,0,0,8.799999999999955,6.893717277486911,1485.0
H,301.6,310.5,1786,27.1,35,0,0,0,0,0,0,8.899999999999977,5.068125654450262,948.5
L,301.6,310.5,1809,25.5,40,0,0,0,0,0,0,8.899999999999977,4.830314136125654,1020.0
L,301.7,310.6,1303,59.7,42,0,0,0,0,0,0,8.900000000000034,8.1454554973822,2507.4
M,301.8,310.7,1383,45.7,44,0,0,0,0,0,0,8.899999999999977,6.618125654450262,2010.8000000000002
L,301.7,310.6,1447,56.9,47,0,0,0,0,0,0,8.900000000000034,8.621392670157068,2674.2999999999997
L,301.8,310.7,1461,44.2,49,0,0,0,0,0,0,8.899999999999977,6.761905759162304,2165.8
L,301.8,310.7,2092,18.6,51,0,0,0,0,0,0,8.899999999999977,4.074471204188482,948.6
M,301.8,310.7,1429,47.9,53,0,0,0,0,0,0,8.899999999999977,7.16744502617801,2538.7
L,301.8,310.8,1736,26.5,56,0,0,0,0,0,0,9.0,4.8171727748691096,1484.0
L,301.8,310.7,1441,49.3,58,0,0,0,0,0,0,8.899999999999977,7.4388795811518325,2859.3999999999996
L,301.8,310.7,1523,43.3,60,0,0,0,0,0,0,8.899999999999977,6.905329842931937,2598.0
M,301.8,310.8,1691,33.4,62,0,0,0,0,0,0,9.0,5.914073298429319,2070.7999999999997
M,301.9,310.8,1557,35.3,65,0,0,0,0,0,0,8.900000000000034,5.7551937172774865,2294.5
L,301.8,310.7,1644,33.4,68,0,0,0,0,0,0,8.899999999999977,5.749696335078534,2271.2
L,301.8,310.6,1522,43.8,70,0,0,0,0,0,0,8.800000000000011,6.980481675392669,3066.0
L,301.8,310.7,1547,41.7,72,0,0,0,0,0,0,8.899999999999977,6.75496335078534,3002.4
L,301.8,310.7,1597,30.8,74,0,0,0,0,0,0,8.899999999999977,5.1505340314136125,2279.2000000000003
M,301.8,310.8,1619,31.0,76,0,0,0,0,0,0,9.0,5.255392670157068,2356.0
L,301.9,310.8,1400,58.2,79,0,0,0,0,0,0,8.900000000000034,8.53193717277487,4597.8
L,302.0,310.9,1663,31.5,81,0,0,0,0,0,0,8.899999999999977,5.485287958115183,2551.5
L,301.9,310.8,1540,37.6,83,0,0,0,0,0,0,8.900000000000034,6.063246073298429,3120.8
H,301.9,310.8,1455,42.7,85,0,0,0,0,0,0,8.900000000000034,6.505602094240839,3629.5000000000005
L,301.9,310.8,1519,39.0,90,0,0,0,0,0,0,8.900000000000034,6.20324607329843,3510.0
L,301.9,310.8,1427,47.7,92,0,0,0,0,0,0,8.900000000000034,7.12752879581152,4388.400000000001
L,301.9,310.8,1650,29.8,94,0,0,0,0,0,0,8.900000000000034,5.14869109947644,2801.2000000000003
M,301.8,310.8,1508,38.8,96,0,0,0,0,0,0,9.0,6.126743455497381,3724.7999999999997
L,301.9,310.9,1379,54.8,99,0,0,0,0,0,0,9.0,7.913005235602094,5425.2
L,301.9,310.9,1542,36.7,101,0,0,0,0,0,0,9.0,5.925801047120419,3706.7000000000003
M,301.9,310.9,1763,28.4,103,0,0,0,0,0,0,9.0,5.242848167539266,2925.2
H,301.9,310.9,1590,34.3,106,0,0,0,0,0,0,9.0,5.71068062827225,3635.7999999999997
H,301.9,311.0,1336,63.6,111,0,0,0,0,0,0,9.100000000000023,8.897340314136127,7059.6
M,301.9,311.0,1638,35.4,116,0,0,0,0,0,0,9.100000000000023,6.071748691099476,4106.4
L,301.9,311.0,1356,45.7,119,0,0,0,0,0,0,9.100000000000023,6.488921465968587,5438.3
M,301.9,311.0,1384,47.4,121,0,0,0,0,0,0,9.100000000000023,6.869277486910994,5735.4
L,301.9,310.9,1309,48.0,124,0,0,0,0,0,0,9.0,6.579267015706806,5952.0
L,301.9,311.0,1642,33.1,126,0,0,0,0,0,0,9.100000000000023,5.691120418848168,4170.6
L,301.9,311.0,1289,54.9,128,0,0,0,0,0,0,9.100000000000023,7.41006282722513,7027.2
L,301.9,311.0,1353,43.8,130,0,0,0,0,0,0,9.100000000000023,6.205382198952879,5694.0
H,301.9,311.0,1871,26.0,132,0,0,0,0,0,0,9.100000000000023,5.093821989528796,3432.0
H,301.9,311.0,1291,63.6,137,0,0,0,0,0,0,9.100000000000023,8.59765445026178,8713.2
M,301.8,310.9,1346,44.6,142,0,0,0,0,0,0,9.099999999999966,6.286031413612565,6333.2
L,301.7,310.8,1493,47.6,145,0,0,0,0,0,0,9.100000000000023,7.441549738219895,6902.0
M,301.7,310.8,1524,41.3,147,0,0,0,0,0,0,9.100000000000023,6.590701570680628,6071.099999999999
L,301.6,310.8,1726,26.7,150,0,0,0,0,0,0,9.199999999999989,4.825570680628272,4005.0
H,301.6,310.8,1435,47.2,152,0,0,0,0,0,0,9.199999999999989,7.092356020942408,7174.400000000001
M,301.7,310.8,1502,34.4,157,0,0,0,0,0,0,9.100000000000023,5.41034554973822,5400.8
L,301.7,310.9,1608,33.0,160,0,0,0,0,0,0,9.199999999999989,5.556439790575916,5280.0
L,301.8,311.0,1771,27.2,162,0,0,0,0,0,0,9.199999999999989,5.044104712041885,4406.4
L,301.7,311.0,1474,42.6,164,0,0,0,0,0,0,9.300000000000011,6.575120418848168,6986.400000000001
L,301.8,311.0,1322,53.0,166,0,0,0,0,0,0,9.199999999999989,7.3367539267015704,8798.0
M,301.8,311.0,1393,49.5,168,0,0,0,0,0,0,9.199999999999989,7.220261780104712,8316.0
M,301.9,311.1,1417,52.5,171,0,0,0,0,0,0,9.200000000000045,7.78979057591623,8977.5
H,301.9,311.0,1430,49.8,174,0,0,0,0,0,0,9.100000000000023,7.45696335078534,8665.199999999999
M,301.9,311.1,1605,40.0,179,0,0,0,0,0,0,9.200000000000045,6.722513089005235,7160.0
L,302.0,311.1,1402,47.8,182,0,0,0,0,0,0,9.100000000000023,7.017340314136125,8699.6
L,302.0,311.0,1550,35.2,184,0,0,0,0,0,0,9.0,5.713089005235603,6476.8
L,301.9,311.0,1376,44.9,186,0,0,0,0,0,0,9.100000000000023,6.469361256544503,8351.4
M,301.9,310.9,1569,32.5,188,0,0,0,0,0,0,9.0,5.3395287958115185,6110.0
L,301.9,311.0,1669,32.2,191,0,0,0,0,0,0,9.100000000000023,5.627413612565445,6150.200000000001
L,301.9,311.0,1541,38.9,193,0,0,0,0,0,0,9.100000000000023,6.276952879581152,7507.7
L,301.8,311.0,1651,32.5,195,0,0,0,0,0,0,9.199999999999989,5.618586387434555,6337.5
L,301.8,310.9,1521,39.3,197,0,0,0,0,0,0,9.099999999999966,6.259193717277486,7742.099999999999
M,301.8,310.8,1365,48.2,199,0,0,0,0,0,0,9.0,6.8893193717277486,9591.800000000001
L,301.8,310.9,1609,31.7,202,0,0,0,0,0,0,9.099999999999966,5.3408691099476435,6403.4
H,301.8,310.8,1470,37.6,204,0,0,0,0,0,0,9.0,5.7876439790575915,7670.400000000001
M,301.9,310.9,1573,38.9,209,0,0,0,0,0,0,9.0,6.407298429319371,8130.099999999999
L,302.0,310.9,1378,53.1,212,1,0,0,0,1,0,8.899999999999977,7.6619685863874345,11257.2
L,301.9,310.9,1567,39.0,214,1,1,0,0,0,0,9.0,6.399267015706807,8346.0
M,301.9,310.9,1441,43.7,0,0,0,0,0,0,0,9.0,6.593895287958116,0.0
M,301.9,310.9,1641,33.2,3,0,0,0,0,0,0,9.0,5.704837696335079,99.60000000000001
L,301.9,310.9,1486,40.3,6,0,0,0,0,0,0,9.0,6.270764397905759,241.79999999999998
L,302.0,311.0,1563,36.2,8,0,0,0,0,0,0,9.0,5.924670157068063,289.6
M,302.0,311.1,1769,26.0,10,0,0,0,0,0,0,9.100000000000023,4.8161256544502615,260.0
H,301.9,311.0,1672,29.9,13,0,0,0,0,0,0,9.100000000000023,5.234848167539266,388.7
L,302.0,311.0,1632,34.2,18,0,0,0,0,0,0,9.0,5.844439790575916,615.6
M,302.0,311.0,1980,21.5,20,0,0,0,0,0,0,9.0,4.457591623036649,430.0
L,302.0,311.1,1635,36.0,23,0,0,0,0,0,0,9.100000000000023,6.163350785340314,828.0
L,302.0,311.0,1686,32.5,25,0,0,0,0,0,0,9.0,5.737696335078534,812.5
L,301.9,310.9,1574,31.4,27,0,0,0,0,0,0,9.0,5.175246073298429,847.8
L,301.8,310.8,1546,43.4,29,0,0,0,0,0,0,9.0,7.025801047120418,1258.6
L,301.8,310.9,1899,24.7,31,0,0,0,0,0,0,9.099999999999966,4.911549738219895,765.6999999999999
L,301.8,310.9,1449,36.5,33,0,0,0,0,0,0,9.099999999999966,5.538062827225131,1204.5
M,301.9,310.9,1483,37.0,35,0,0,0,0,0,0,9.0,5.74565445026178,1295.0
L,301.8,310.8,1576,38.6,38,0,0,0,0,0,0,9.0,6.370010471204189,1466.8
M,301.9,310.9,1317,51.9,40,0,0,0,0,0,0,9.0,7.15730890052356,2076.0
M,301.9,311.0,1467,48.1,43,0,0,0,0,0,0,9.100000000000023,7.388764397905759,2068.3
L,301.9,310.9,1616,34.5,46,0,0,0,0,0,0,9.0,5.837905759162304,1587.0
M,301.8,310.9,1299,60.4,48,0,0,0,0,0,0,9.099999999999966,8.215664921465967,2899.2
M,301.9,311.0,1432,41.5,51,0,0,0,0,0,0,9.100000000000023,6.2228272251308905,2116.5
L,301.9,310.9,1799,24.2,54,0,0,0,0,0,0,9.0,4.558722513089005,1306.8
M,301.8,310.9,1358,52.3,56,0,0,0,0,0,0,9.099999999999966,7.4370052356020935,2928.7999999999997
M,301.8,310.8,1618,37.8,59,0,0,0,0,0,0,9.0,6.404230366492146,2230.2
L,301.9,310.8,1525,43.2,62,0,0,0,0,0,0,8.900000000000034,6.898429319371727,2678.4
L,301.8,310.7,1551,37.7,64,0,0,0,0,0,0,8.899999999999977,6.122795811518325,2412.8
L,301.9,310.8,1735,31.5,66,0,0,0,0,0,0,8.900000000000034,5.722774869109948,2079.0
M,301.8,310.7,1309,43.3,68,0,0,0,0,0,0,8.899999999999977,5.935047120418848,2944.3999999999996
L,301.7,310.6,1743,26.2,71,0,0,0,0,0,0,8.900000000000034,4.781842931937173,1860.2
M,301.7,310.7,1659,29.9,73,0,0,0,0,0,0,9.0,5.194146596858639,2182.7
L,301.8,310.7,1680,32.4,76,0,0,0,0,0,0,8.899999999999977,5.699685863874346,2462.4
L,301.7,310.6,1486,38.5,78,0,0,0,0,0,0,8.900000000000034,5.990680628272251,3003.0
L,301.7,310.6,1471,43.8,80,0,0,0,0,0,0,8.900000000000034,6.746575916230366,3504.0
M,301.8,310.7,1465,35.8,82,0,0,0,0,0,0,8.899999999999977,5.491832460732984,2935.6
M,301.7,310.6,1492,42.2,85,0,0,0,0,0,0,8.900000000000034,6.592921465968587,3587.0000000000005
M,301.8,310.7,1420,52.0,88,0,0,0,0,0,0,8.899999999999977,7.731937172774869,4576.0
L,301.8,310.6,1295,62.3,91,0,0,0,0,0,0,8.800000000000011,8.448010471204189,5669.3
L,301.8,310.5,1548,34.1,93,0,0,0,0,0,0,8.699999999999989,5.527413612565446,3171.3
L,301.8,310.6,1372,54.7,95,0,0,0,0,0,0,8.800000000000011,7.858471204188483,5196.5
M,301.8,310.6,1552,35.9,97,0,0,0,0,0,0,8.800000000000011,5.834219895287958,3482.2999999999997
H,301.8,310.6,1441,46.3,100,0,0,0,0,0,0,8.800000000000011,6.9862094240837695,4630.0
M,301.7,310.6,1691,27.7,105,0,0,0,0,0,0,8.900000000000034,4.9047853403141355,2908.5
L,301.8,310.6,1451,50.7,108,0,0,0,0,0,0,8.800000000000011,7.703214659685863,5475.6
L,301.8,310.6,1452,48.4,110,0,0,0,0,0,0,8.800000000000011,7.358827225130891,5324.0
L,301.7,310.6,1406,46.0,112,0,0,0,0,0,0,8.900000000000034,6.772356020942408,5152.0
L,301.7,310.5,1567,39.1,114,0,0,0,0,0,0,8.800000000000011,6.415675392670158,4457.400000000001
L,301.6,310.4,1599,41.7,116,0,0,0,0,0,0,8.799999999999955,6.9820209424083775,4837.200000000001
M,301.6,310.4,1455,39.0,118,0,0,0,0,0,0,8.799999999999955,5.941884816753927,4602.0
M,301.7,310.5,1625,35.9,121,0,0,0,0,0,0,8.800000000000011,6.108638743455497,4343.9
L,301.8,310.6,2672,11.8,124,1,0,0,1,0,0,8.800000000000011,3.3015287958115187,1463.2
L,301.8,310.6,1650,31.9,126,0,0,0,0,0,0,8.800000000000011,5.51151832460733,4019.3999999999996
M,301.8,310.6,1459,40.2,128,0,0,0,0,0,0,8.800000000000011,6.141549738219895,5145.6
L,301.8,310.6,1395,50.5,131,0,0,0,0,0,0,8.800000000000011,7.376701570680629,6615.5
L,301.8,310.7,1751,29.3,133,0,0,0,0,0,0,8.899999999999977,5.372178010471204,3896.9
L,301.8,310.6,1192,68.9,135,0,0,0,0,0,0,8.800000000000011,8.599874345549738,9301.5
L,301.9,310.7,1947,25.0,137,0,0,0,0,0,0,8.800000000000011,5.096858638743456,3425.0
L,301.8,310.5,1593,34.9,139,0,0,0,0,0,0,8.699999999999989,5.821539267015707,4851.099999999999
H,301.8,310.5,1478,38.6,141,0,0,0,0,0,0,8.699999999999989,5.973905759162304,5442.6
M,301.7,310.6,1505,44.5,146,0,0,0,0,0,0,8.900000000000034,7.01282722513089,6497.0
L,301.7,310.5,2465,13.7,149,0,0,0,0,0,0,8.800000000000011,3.5361780104712044,2041.3
L,301.8,310.6,1403,46.8,151,0,0,0,0,0,0,8.800000000000011,6.875434554973821,7066.799999999999
M,301.7,310.5,1458,41.4,153,0,0,0,0,0,0,8.800000000000011,6.320544502617801,6334.2
H,301.6,310.4,1369,45.4,156,0,0,0,0,0,0,8.799999999999955,6.508125654450262,7082.4
M,301.6,310.4,1377,44.9,161,0,0,0,0,0,0,8.799999999999955,6.47406282722513,7228.9
M,301.6,310.4,1452,45.7,164,0,0,0,0,0,0,8.799999999999955,6.9483141361256555,7494.8
L,301.6,310.4,1517,41.1,167,0,0,0,0,0,0,8.799999999999955,6.528659685863875,6863.7
L,301.7,310.5,1354,50.0,169,0,0,0,0,0,0,8.800000000000011,7.0890052356020945,8450.0
M,301.7,310.5,1724,33.0,171,0,0,0,0,0,0,8.800000000000011,5.957277486910995,5643.0
L,301.7,310.5,1399,53.2,174,0,0,0,0,0,0,8.800000000000011,7.79338219895288,9256.800000000001
H,301.7,310.5,1388,50.5,176,0,0,0,0,0,0,8.800000000000011,7.339685863874346,8888.0
L,301.7,310.5,1523,34.7,181,0,0,0,0,0,0,8.800000000000011,5.5338324607329845,6280.700000000001
L,301.7,310.5,1377,43.1,183,0,0,0,0,0,0,8.800000000000011,6.214523560209424,7887.3
M,301.7,310.6,1417,45.2,185,0,0,0,0,0,0,8.900000000000034,6.706638743455498,8362.0
L,301.7,310.7,1542,40.0,188,0,0,0,0,0,0,9.0,6.458638743455498,7520.0
L,301.8,310.8,1557,33.3,190,0,0,0,0,0,0,9.0,5.429120418848167,6326.999999999999
L,301.7,310.7,1641,31.9,192,0,0,0,0,0,0,9.0,5.481455497382198,6124.799999999999
L,301.7,310.7,1318,55.0,194,0,0,0,0,0,0,9.0,7.5905759162303665,10670.0
L,301.6,310.7,1638,33.8,196,0,0,0,0,0,0,9.099999999999966,5.797319371727748,6624.799999999999
M,301.7,310.8,1954,21.6,198,0,0,0,0,0,0,9.100000000000023,4.41951832460733,4276.8
M,301.7,310.9,1644,32.5,201,0,0,0,0,0,0,9.199999999999989,5.5947643979057595,6532.5
M,301.7,310.8,1594,32.4,204,0,0,0,0,0,0,9.100000000000023,5.407916230366492,6609.599999999999
L,301.7,310.9,1405,46.4,207,1,1,0,0,0,1,9.199999999999989,6.826387434554974,9604.8
L,301.7,310.8,1622,37.8,0,0,0,0,0,0,0,9.100000000000023,6.420062827225131,0.0
L,301.7,310.9,1557,39.4,2,0,0,0,0,0,0,9.199999999999989,6.423643979057591,78.8
L,301.8,311.0,1606,33.3,4,0,0,0,0,0,0,9.199999999999989,5.599979057591622,133.2
M,301.8,311.1,1647,31.6,6,0,0,0,0,0,0,9.300000000000011,5.449759162303665,189.60000000000002
M,301.8,311.1,1413,42.2,9,0,0,0,0,0,0,9.300000000000011,6.2438324607329845,379.8
L,301.8,311.0,1529,41.6,12,0,0,0,0,0,0,9.199999999999989,6.660356020942409,499.20000000000005
L,301.9,311.1,1448,46.3,14,0,0,0,0,0,0,9.200000000000045,7.0201465968586385,648.1999999999999
L,301.9,311.2,1435,44.2,16,0,0,0,0,0,0,9.300000000000011,6.641570680628273,707.2
H,301.9,311.2,1474,41.8,18,0,0,0,0,0,0,9.300000000000011,6.451643979057591,752.4
L,301.9,311.2,1657,29.1,23,0,0,0,0,0,0,9.300000000000011,5.049078534031414,669.3000000000001
L,302.0,311.3,1509,39.9,25,0,0,0,0,0,0,9.300000000000011,6.3046178010471206,997.5
M,302.0,311.3,1530,36.4,27,0,0,0,0,0,0,9.300000000000011,5.831623036649215,982.8
M,302.0,311.4,1587,35.9,30,0,0,0,0,0,0,9.399999999999977,5.9657905759162295,1077.0
M,302.1,311.4,1467,43.4,33,0,0,0,0,0,0,9.299999999999955,6.666785340314136,1432.2
M,302.2,311.5,1360,53.0,36,0,0,0,0,0,0,9.300000000000011,7.547643979057591,1908.0
L,302.2,311.5,1588,30.6,39,0,0,0,0,0,0,9.300000000000011,5.0882513089005235,1193.4
L,302.2,311.4,1609,32.1,41,0,0,0,0,0,0,9.199999999999989,5.408261780104712,1316.1000000000001
L,302.1,311.3,1415,44.1,43,0,0,0,0,0,0,9.199999999999989,6.534188481675392,1896.3
L,302.0,311.2,1845,27.3,45,0,0,0,0,0,0,9.199999999999989,5.274188481675393,1228.5
M,302.1,311.4,1419,36.2,47,0,0,0,0,0,0,9.299999999999955,5.37882722513089,1701.4
L,302.1,311.3,1634,30.6,50,0,0,0,0,0,0,9.199999999999989,5.235643979057592,1530.0
M,302.2,311.3,1521,40.6,52,0,0,0,0,0,0,9.100000000000023,6.4662408376963345,2111.2000000000003
L,302.2,311.4,1499,37.7,55,0,0,0,0,0,0,9.199999999999989,5.91751832460733,2073.5
M,302.1,311.2,1616,35.1,57,0,0,0,0,0,0,9.099999999999966,5.939434554973823,2000.7
L,302.2,311.4,1449,46.5,60,0,0,0,0,0,0,9.199999999999989,7.055340314136125,2790.0
M,302.2,311.4,1626,31.6,62,0,0,0,0,0,0,9.199999999999989,5.380272251308901,1959.2
M,302.3,311.5,1445,44.8,65,0,0,0,0,0,0,9.199999999999989,6.778638743455496,2912.0
L,302.4,311.6,1622,35.0,68,0,0,0,0,0,0,9.200000000000045,5.944502617801047,2380.0
H,302.4,311.6,1544,39.1,70,0,0,0,0,0,0,9.200000000000045,6.3215078534031415,2737.0
L,302.3,311.6,1488,41.8,75,0,0,0,0,0,0,9.300000000000011,6.512921465968586,3135.0
L,302.3,311.6,1309,57.6,77,0,0,0,0,0,0,9.300000000000011,7.895120418848168,4435.2
L,302.3,311.6,1784,26.4,79,0,0,0,0,0,0,9.300000000000011,4.931685863874345,2085.6
L,302.2,311.5,1548,32.4,81,0,0,0,0,0,0,9.300000000000011,5.251853403141361,2624.4
L,302.2,311.5,1413,43.5,83,0,0,0,0,0,0,9.300000000000011,6.436178010471204,3610.5
M,302.2,311.5,1863,25.7,85,0,0,0,0,0,0,9.300000000000011,5.01351832460733,2184.5
L,302.2,311.5,1427,43.8,88,0,0,0,0,0,0,9.300000000000011,6.544774869109948,3854.3999999999996
M,302.2,311.5,1443,47.0,90,0,0,0,0,0,0,9.300000000000011,7.101675392670157,4230.0
L,302.2,311.5,1481,40.4,93,0,0,0,0,0,0,9.300000000000011,6.26517277486911,3757.2
L,302.1,311.4,1446,39.7,95,0,0,0,0,0,0,9.299999999999955,6.011120418848168,3771.5000000000005
L,302.1,311.5,1444,44.9,97,0,0,0,0,0,0,9.399999999999977,6.789068062827225,4355.3
M,302.1,311.5,1341,50.8,99,0,0,0,0,0,0,9.399999999999977,7.133277486910995,5029.2
L,302.1,311.4,1518,37.4,102,0,0,0,0,0,0,9.299999999999955,5.944837696335078,3814.7999999999997
L,302.1,311.4,1603,35.9,104,0,0,0,0,0,0,9.299999999999955,6.025937172774869,3733.6
L,302.1,311.4,1686,30.9,106,0,0,0,0,0,0,9.299999999999955,5.455225130890052,3275.3999999999996
M,302.1,311.5,1383,53.6,108,0,0,0,0,0,0,9.399999999999977,7.762178010471205,5788.8
L,302.1,311.5,1477,45.4,111,0,0,0,0,0,0,9.399999999999977,7.021549738219895,5039.4
M,302.2,311.5,1449,44.5,113,0,0,0,0,0,0,9.300000000000011,6.751884816753926,5028.5
M,302.2,311.5,1734,25.0,116,0,0,0,0,0,0,9.300000000000011,4.539267015706806,2900.0
L,302.3,311.6,1398,49.1,119,0,0,0,0,0,0,9.300000000000011,7.187623036649215,5842.900000000001
M,302.3,311.7,1639,36.6,121,0,0,0,0,0,0,9.399999999999977,6.281403141361257,4428.6
M,302.3,311.7,1517,37.6,124,0,0,0,0,0,0,9.399999999999977,5.972691099476441,4662.400000000001
M,302.3,311.7,1442,41.7,127,0,0,0,0,0,0,9.399999999999977,6.296481675392671,5295.900000000001
M,302.3,311.7,1685,30.8,130,0,0,0,0,0,0,9.399999999999977,5.43434554973822,4004.0
M,302.4,311.8,1358,50.6,133,0,0,0,0,0,0,9.400000000000034,7.195267015706807,6729.8
M,302.3,311.6,1608,39.9,136,0,0,0,0,0,0,9.300000000000011,6.718240837696335,5426.4
L,302.3,311.6,1665,34.3,139,0,0,0,0,0,0,9.300000000000011,5.980052356020941,4767.7
L,302.3,311.7,1510,38.7,141,0,0,0,0,0,0,9.399999999999977,6.119057591623037,5456.700000000001
L,302.4,311.8,1465,40.2,143,0,0,0,0,0,0,9.400000000000034,6.166806282722514,5748.6
L,302.3,311.7,1701,27.5,145,0,0,0,0,0,0,9.399999999999977,4.898167539267016,3987.5
M,302.3,311.7,1486,39.6,147,0,0,0,0,0,0,9.399999999999977,6.161842931937173,5821.2
L,302.3,311.6,1658,32.3,150,0,0,0,0,0,0,9.300000000000011,5.6076858638743445,4845.0
H,302.3,311.7,1449,44.5,152,0,0,0,0,0,0,9.399999999999977,6.751884816753926,6764.0
L,302.2,311.5,1346,52.4,157,0,0,0,0,0,0,9.300000000000011,7.385382198952879,8226.8
M,302.1,311.5,1866,23.1,159,0,0,0,0,0,0,9.399999999999977,4.5135706806282725,3672.9
M,302.2,311.5,1562,38.0,162,0,0,0,0,0,0,9.300000000000011,6.215287958115184,6156.0
M,302.3,311.7,1368,53.6,165,0,0,0,0,0,0,9.399999999999977,7.677989528795812,8844.0
L,302.2,311.5,1567,33.1,168,0,0,0,0,0,0,9.300000000000011,5.43117277486911,5560.8
L,302.2,311.5,1725,34.0,170,0,0,0,0,0,0,9.300000000000011,6.141361256544503,5780.0
L,302.2,311.5,1744,31.2,172,0,0,0,0,0,0,9.300000000000011,5.697675392670156,5366.4
M,302.1,311.3,1453,45.1,174,0,0,0,0,0,0,9.199999999999989,6.861811518324608,7847.400000000001
L,302.1,311.2,1550,34.8,177,0,0,0,0,0,0,9.099999999999966,5.648167539267015,6159.599999999999
M,302.0,311.2,1558,39.1,179,0,0,0,0,0,0,9.199999999999989,6.37882722513089,6998.900000000001
L,302.0,311.2,1270,65.3,182,1,0,0,0,1,0,9.199999999999989,8.683874345549738,11884.6
M,301.9,311.1,1380,51.6,184,0,0,0,0,0,0,9.200000000000045,7.456335078534031,9494.4
L,302.0,311.1,1406,50.5,187,0,0,0,0,0,0,9.100000000000023,7.434869109947644,9443.5
M,302.0,311.2,1625,30.7,189,0,0,0,0,0,0,9.199999999999989,5.223821989528796,5802.3
L,302.0,311.2,1420,45.8,192,0,0,0,0,0,0,9.199999999999989,6.810052356020941,8793.599999999999
L,302.1,311.4,1889,22.7,194,0,0,0,0,0,0,9.299999999999955,4.490083769633507,4403.8
L,302.1,311.3,1477,43.6,196,0,0,0,0,0,0,9.199999999999989,6.7431623036649215,8545.6
L,302.1,311.2,1460,46.9,198,0,0,0,0,0,0,9.099999999999966,7.170052356020943,9286.199999999999
L,302.1,311.3,1758,24.4,200,0,0,0,0,0,0,9.199999999999989,4.491643979057591,4880.0
L,302.1,311.3,1521,31.5,202,0,0,0,0,0,0,9.199999999999989,5.016910994764398,6363.0
M,302.1,311.3,1511,45.0,204,0,0,0,0,0,0,9.199999999999989,7.119895287958115,9180.0
L,302.2,311.3,1530,37.3,207,1,1,0,0,0,0,9.100000000000023,5.9758115183246066,7721.099999999999
L,302.1,311.2,1454,46.8,0,0,0,0,0,0,0,9.099999999999966,7.125361256544502,0.0
L,302.2,311.2,1928,23.1,2,0,0,0,0,0,0,9.0,4.663539267015707,46.2
H,302.2,311.3,1758,26.4,4,0,0,0,0,0,0,9.100000000000023,4.859811518324607,105.6
L,302.2,311.2,1649,33.2,9,0,0,0,0,0,0,9.0,5.732649214659686,298.8
L,302.1,311.2,1447,50.3,11,0,0,0,0,0,0,9.099999999999966,7.6213717277486905,553.3
L,302.1,311.2,1417,48.0,13,0,0,0,0,0,0,9.099999999999966,7.122094240837696,624.0
L,302.0,311.2,1434,44.9,15,0,0,0,0,0,0,9.199999999999989,6.742052356020943,673.5
M,302.0,311.2,1418,49.5,17,0,0,0,0,0,0,9.199999999999989,7.3498429319371725,841.5
M,302.0,311.2,1400,49.5,20,0,0,0,0,0,0,9.199999999999989,7.2565445026178015,990.0
M,302.0,311.3,1725,27.7,23,0,0,0,0,0,0,9.300000000000011,5.0034031413612565,637.1
L,302.0,311.3,1567,41.1,26,0,0,0,0,0,0,9.300000000000011,6.7438429319371735,1068.6000000000001
M,302.1,311.3,1497,38.4,28,0,0,0,0,0,0,9.199999999999989,6.019350785340314,1075.2
L,302.1,311.4,1549,44.6,31,0,0,0,0,0,0,9.299999999999955,7.23407329842932,1382.6000000000001
L,302.2,311.4,1754,26.9,33,0,0,0,0,0,0,9.199999999999989,4.940586387434555,887.6999999999999
L,302.2,311.5,1489,38.3,35,0,0,0,0,0,0,9.300000000000011,5.971591623036649,1340.5
L,302.2,311.5,1543,38.5,37,0,0,0,0,0,0,9.300000000000011,6.220471204188482,1424.5
L,302.3,311.5,1543,33.1,39,0,0,0,0,0,0,9.199999999999989,5.347989528795812,1290.9
L,302.3,311.5,1565,35.6,41,0,0,0,0,0,0,9.199999999999989,5.833926701570681,1459.6000000000001
M,302.3,311.4,1855,23.9,43,0,0,0,0,0,0,9.099999999999966,4.642356020942408,1027.7
M,302.4,311.4,1475,45.2,46,0,0,0,0,0,0,9.0,6.981151832460733,2079.2000000000003
L,302.3,311.4,1609,32.3,49,0,0,0,0,0,0,9.099999999999966,5.441958115183246,1582.6999999999998
H,302.3,311.4,1443,44.1,51,0,0,0,0,0,0,9.099999999999966,6.663486910994765,2249.1
L,302.4,311.4,1450,44.1,56,0,0,0,0,0,0,9.0,6.695811518324607,2469.6
L,302.4,311.5,1590,39.9,58,0,0,0,0,0,0,9.100000000000023,6.643036649214659,2314.2
M,302.4,311.4,1508,41.2,60,0,0,0,0,0,0,9.0,6.505717277486911,2472.0
M,302.2,311.2,1544,43.6,63,0,0,0,0,0,0,9.0,7.049047120418849,2746.8
L,302.2,311.2,1451,41.8,66,0,0,0,0,0,0,9.0,6.350973821989529,2758.7999999999997
L,302.3,311.2,1758,24.4,68,0,0,0,0,0,0,8.899999999999977,4.491643979057591,1659.1999999999998
M,302.3,311.2,1507,47.7,70,0,0,0,0,0,0,8.899999999999977,7.52710994764398,3339.0
H,302.3,311.1,1543,37.5,73,0,0,0,0,0,0,8.800000000000011,6.05890052356021,2737.5
M,302.3,311.2,1505,36.7,78,0,0,0,0,0,0,8.899999999999977,5.7836125654450266,2862.6000000000004
L,302.3,311.2,1786,24.3,81,0,0,0,0,0,0,8.899999999999977,4.544481675392671,1968.3
L,302.3,311.3,1457,44.5,83,0,0,0,0,0,0,9.0,6.789162303664922,3693.5
M,302.4,311.3,1312,61.5,85,0,0,0,0,0,0,8.900000000000034,8.449005235602094,5227.5
M,302.3,311.2,1405,47.7,88,0,0,0,0,0,0,8.899999999999977,7.017643979057592,4197.6
M,302.2,311.2,1377,43.0,91,0,0,0,0,0,0,9.0,6.200104712041885,3913.0
M,302.2,311.2,1347,49.8,94,0,0,0,0,0,0,9.0,7.024146596858638,4681.2
L,302.2,311.1,1470,39.6,97,0,0,0,0,0,0,8.900000000000034,6.095497382198953,3841.2000000000003
M,302.2,311.2,1873,24.0,99,0,0,0,0,0,0,9.0,4.707015706806283,2376.0
M,302.2,311.1,1434,58.6,102,0,0,0,0,0,0,8.900000000000034,8.799204188481676,5977.2
H,302.2,311.1,1628,30.6,105,0,0,0,0,0,0,8.900000000000034,5.21641884816754,3213.0
L,302.2,311.1,1351,48.6,110,0,0,0,0,0,0,8.900000000000034,6.87524607329843,5346.0
M,302.3,311.2,1454,43.8,112,0,0,0,0,0,0,8.899999999999977,6.668607329842931,4905.599999999999
M,302.2,311.2,1663,29.6,115,0,0,0,0,0,0,9.0,5.154429319371728,3404.0
L,302.3,311.2,1401,49.7,118,0,0,0,0,0,0,8.899999999999977,7.291068062827224,5864.6
L,302.4,311.3,1503,38.2,120,0,0,0,0,0,0,8.900000000000034,6.0120000000000005,4584.0
L,302.4,311.4,1564,35.0,122,0,0,0,0,0,0,9.0,5.731937172774869,4270.0
L,302.5,311.4,1759,24.6,124,0,0,0,0,0,0,8.899999999999977,4.53103664921466,3050.4
L,302.5,311.4,1409,53.1,126,0,0,0,0,0,0,8.899999999999977,7.834335078534032,6690.6
L,302.6,311.4,1738,25.8,128,0,0,0,0,0,0,8.799999999999955,4.695329842931938,3302.4
H,302.5,311.3,1393,47.5,130,0,0,0,0,0,0,8.800000000000011,6.928534031413612,6175.0
L,302.5,311.1,1499,38.8,135,0,0,0,0,0,0,8.600000000000023,6.090178010471204,5238.0
L,302.5,311.1,1493,39.0,137,0,0,0,0,0,0,8.600000000000023,6.097068062827225,5343.0
L,302.4,311.1,1652,33.9,139,0,0,0,0,0,0,8.700000000000045,5.864167539267015,4712.099999999999
L,302.3,311.1,1589,29.9,141,0,0,0,0,0,0,8.800000000000011,4.974984293193717,4215.9
L,302.4,311.1,1520,42.2,143,0,0,0,0,0,0,8.700000000000045,6.716649214659687,6034.6
H,302.3,311.1,1455,40.3,145,0,0,0,0,0,0,8.800000000000011,6.139947643979057,5843.5
L,302.2,311.0,1463,46.8,150,0,0,0,0,0,0,8.800000000000011,7.169465968586387,7020.0
L,302.3,311.0,1442,43.7,152,0,0,0,0,0,0,8.699999999999989,6.598471204188482,6642.400000000001
L,302.3,311.0,1329,51.5,154,0,0,0,0,0,0,8.699999999999989,7.166858638743456,7931.0
L,302.3,311.1,1546,33.1,156,0,0,0,0,0,0,8.800000000000011,5.358387434554975,5163.6
M,302.2,311.1,1516,33.7,158,0,0,0,0,0,0,8.900000000000034,5.349654450261781,5324.6
M,302.2,311.0,1476,47.4,161,0,0,0,0,0,0,8.800000000000011,7.325905759162303,7631.4
L,302.3,311.0,1412,47.0,164,0,0,0,0,0,0,8.699999999999989,6.949109947643979,7708.0
L,302.3,310.9,1377,46.8,166,1,0,1,0,0,0,8.599999999999966,6.748020942408377,7768.799999999999
M,302.4,311.0,1490,37.1,168,0,0,0,0,0,0,8.600000000000023,5.788376963350785,6232.8
M,302.3,311.0,1526,37.7,171,0,0,0,0,0,0,8.699999999999989,6.024104712041885,6446.700000000001
L,302.3,311.0,1428,47.9,174,0,0,0,0,0,0,8.699999999999989,7.162429319371728,8334.6
L,302.4,311.0,1329,54.6,176,0,0,0,0,0,0,8.600000000000023,7.598261780104713,9609.6
M,302.4,311.1,1443,51.8,178,0,0,0,0,0,0,8.700000000000045,7.826952879581151,9220.4
L,302.3,311.1,1373,53.0,181,0,0,0,0,0,0,8.800000000000011,7.61979057591623,9593.0
L,302.3,311.1,1630,35.6,183,0,0,0,0,0,0,8.800000000000011,6.076230366492147,6514.8
L,302.2,311.0,1555,34.2,185,0,0,0,0,0,0,8.800000000000011,5.568691099476441,6327.000000000001
M,302.2,311.0,1436,47.0,187,0,0,0,0,0,0,8.800000000000011,7.067225130890052,8789.0
L,302.3,311.0,1609,31.0,190,0,0,0,0,0,0,8.699999999999989,5.222931937172775,5890.0
M,302.3,311.0,1384,49.7,192,0,0,0,0,0,0,8.699999999999989,7.202596858638744,9542.400000000001
L,302.4,311.1,1448,44.8,195,0,0,0,0,0,0,8.700000000000045,6.792712041884816,8736.0
M,302.4,311.1,1887,22.4,197,0,0,0,0,0,0,8.700000000000045,4.426052356020942,4412.799999999999
M,302.4,311.1,1480,45.7,200,0,0,0,0,0,0,8.700000000000045,7.082303664921466,9140.0
H,302.5,311.1,1850,23.3,203,0,0,0,0,0,0,8.600000000000023,4.513612565445026,4729.900000000001
L,302.5,311.1,1538,36.8,208,0,0,0,0,0,0,8.600000000000023,5.926534031413612,7654.4
M,302.4,311.1,1721,30.1,210,0,0,0,0,0,0,8.700000000000045,5.424303664921466,6321.0
M,302.4,311.1,1366,54.4,0,0,0,0,0,0,0,8.700000000000045,7.781193717277486,0.0
L,302.3,311.0,1657,31.1,3,0,0,0,0,0,0,8.699999999999989,5.396094240837697,93.30000000000001
L,302.4,311.1,1446,42.9,5,0,0,0,0,0,0,8.700000000000045,6.495643979057592,214.5
L,302.3,310.8,1465,43.8,7,0,0,0,0,0,0,8.5,6.719057591623036,306.59999999999997
L,302.2,310.8,1827,23.8,9,0,0,0,0,0,0,8.600000000000023,4.553151832460733,214.20000000000002
H,302.2,310.8,1397,47.6,11,0,0,0,0,0,0,8.600000000000023,6.963057591623036,523.6
L,302.2,310.8,1744,29.7,16,0,0,0,0,0,0,8.600000000000023,5.423748691099476,475.2
L,302.3,310.9,1545,36.7,18,0,0,0,0,0,0,8.599999999999966,5.937329842931938,660.6
L,302.3,310.9,1587,36.6,20,0,0,0,0,0,0,8.599999999999966,6.082115183246073,732.0
L,302.3,310.8,1377,47.3,22,1,0,1,0,0,0,8.5,6.820115183246073,1040.6
L,302.3,310.8,1511,48.1,24,0,0,0,0,0,0,8.5,7.610376963350786,1154.4
L,302.3,310.8,1650,32.4,26,0,0,0,0,0,0,8.5,5.597905759162304,842.4
L,302.3,310.9,1412,48.9,28,0,0,0,0,0,0,8.599999999999966,7.230031413612566,1369.2
L,302.3,311.0,1528,43.1,30,0,0,0,0,0,0,8.699999999999989,6.896,1293.0
L,302.3,310.9,1459,35.0,32,0,0,0,0,0,0,8.599999999999966,5.347120418848167,1120.0
L,302.3,310.9,1379,49.3,34,1,0,1,0,0,0,8.599999999999966,7.118816753926701,1676.1999999999998
M,302.2,310.8,1356,48.3,36,0,0,0,0,0,0,8.600000000000023,6.858094240837696,1738.8
M,302.1,310.8,1409,41.3,39,0,0,0,0,0,0,8.699999999999989,6.093371727748691,1610.6999999999998
M,302.1,310.8,1504,37.5,42,0,0,0,0,0,0,8.699999999999989,5.9057591623036645,1575.0
L,302.1,310.8,1622,36.8,45,0,0,0,0,0,0,8.699999999999989,6.250219895287958,1655.9999999999998
L,302.1,310.8,1786,25.7,47,0,0,0,0,0,0,8.699999999999989,4.806303664921466,1207.8999999999999
L,302.2,310.9,1506,34.0,49,0,0,0,0,0,0,8.699999999999989,5.361675392670157,1666.0
M,302.1,310.9,1916,23.1,51,0,0,0,0,0,0,8.799999999999955,4.634513089005236,1178.1000000000001
M,302.2,310.9,1771,27.6,54,0,0,0,0,0,0,8.699999999999989,5.11828272251309,1490.4
M,302.2,310.9,1488,44.2,57,0,0,0,0,0,0,8.699999999999989,6.886869109947645,2519.4
L,302.2,310.9,1531,37.5,60,0,0,0,0,0,0,8.699999999999989,6.011780104712042,2250.0
L,302.3,310.9,1529,33.4,62,0,0,0,0,0,0,8.599999999999966,5.347497382198953,2070.7999999999997
M,302.4,311.0,1580,36.5,64,0,0,0,0,0,0,8.600000000000023,6.038743455497382,2336.0
M,302.3,310.9,1360,44.0,67,1,0,1,0,0,0,8.599999999999966,6.265968586387435,2948.0
M,302.3,311.0,1546,35.5,70,0,0,0,0,0,0,8.699999999999989,5.746910994764398,2485.0
M,302.3,310.9,1762,24.5,73,0,0,0,0,0,0,8.599999999999966,4.520314136125655,1788.5
L,302.2,310.8,1350,56.6,76,0,0,0,0,0,0,8.600000000000023,8.001047120418848,4301.6
M,302.2,310.8,1562,38.1,78,0,0,0,0,0,0,8.600000000000023,6.231643979057592,2971.8
M,302.1,310.7,1608,30.3,81,0,0,0,0,0,0,8.599999999999966,5.101821989528796,2454.3
L,302.0,310.6,1392,50.0,84,0,0,0,0,0,0,8.600000000000023,7.287958115183246,4200.0
L,302.0,310.6,1467,44.9,86,0,0,0,0,0,0,8.600000000000023,6.897204188481676,3861.4
M,302.1,310.6,1326,59.1,88,1,0,1,0,0,0,8.5,8.20592670157068,5200.8
L,302.2,310.7,1769,24.9,91,0,0,0,0,0,0,8.5,4.612366492146597,2265.9
L,302.1,310.6,1459,47.6,93,0,0,0,0,0,0,8.5,7.272083769633508,4426.8
M,302.1,310.6,1421,52.0,95,0,0,0,0,0,0,8.5,7.737382198952879,4940.0
L,302.1,310.7,1491,42.8,98,0,0,0,0,0,0,8.599999999999966,6.682178010471204,4194.4
L,302.2,310.7,1567,36.4,100,0,0,0,0,0,0,8.5,5.972649214659685,3640.0
L,302.3,310.8,1421,41.4,102,0,0,0,0,0,0,8.5,6.160146596858639,4222.8
L,302.3,310.9,1596,33.5,104,0,0,0,0,0,0,8.599999999999966,5.598534031413613,3484.0
M,302.4,311.0,1464,44.2,106,0,0,0,0,0,0,8.600000000000023,6.775790575916231,4685.200000000001
M,302.3,310.9,1581,36.1,109,0,0,0,0,0,0,8.599999999999966,5.9763455497382205,3934.9
L,302.3,310.9,1620,30.3,112,0,0,0,0,0,0,8.599999999999966,5.139895287958115,3393.6
H,302.2,310.7,1413,48.9,114,0,0,0,0,0,0,8.5,7.2351518324607325,5574.599999999999
H,302.3,310.8,1438,43.8,119,0,0,0,0,0,0,8.5,6.595225130890052,5212.2
M,302.4,310.9,1469,41.6,124,0,0,0,0,0,0,8.5,6.398994764397906,5158.400000000001
M,302.3,310.8,1762,27.8,127,0,0,0,0,0,0,8.5,5.12917277486911,3530.6
H,302.3,310.9,1366,48.4,130,1,0,1,0,0,0,8.599999999999966,6.922973821989528,6292.0
L,302.3,310.9,1891,22.7,135,0,0,0,0,0,0,8.599999999999966,4.494837696335078,3064.5
M,302.3,310.9,1742,29.7,137,0,0,0,0,0,0,8.599999999999966,5.417528795811519,4068.9
M,302.2,310.9,1465,43.5,140,0,0,0,0,0,0,8.699999999999989,6.6730366492146596,6090.0
M,302.3,311.0,1541,36.6,143,0,0,0,0,0,0,8.699999999999989,5.905821989528796,5233.8
M,302.3,311.1,1295,57.1,146,0,0,0,0,0,0,8.800000000000011,7.742879581151833,8336.6
M,302.3,311.1,1435,43.1,149,0,0,0,0,0,0,8.800000000000011,6.476282722513089,6421.900000000001
L,302.4,311.2,1466,43.9,152,0,0,0,0,0,0,8.800000000000011,6.738994764397906,6672.8
L,302.4,311.2,1450,47.9,154,0,0,0,0,0,0,8.800000000000011,7.272774869109948,7376.599999999999
L,302.4,311.1,1880,24.5,156,0,0,0,0,0,0,8.700000000000045,4.82303664921466,3822.0
M,302.3,311.0,1578,33.5,158,0,0,0,0,0,0,8.699999999999989,5.535392670157068,5293.0
L,302.4,311.0,1610,33.1,161,0,0,0,0,0,0,8.600000000000023,5.58020942408377,5329.1
L,302.4,311.1,1565,42.8,163,0,0,0,0,0,0,8.700000000000045,7.013821989528796,6976.4
L,302.5,311.2,1545,40.1,165,0,0,0,0,0,0,8.699999999999989,6.487382198952879,6616.5
L,302.5,311.2,1227,60.1,167,0,0,0,0,0,0,8.699999999999989,7.721748691099476,10036.7
L,302.4,311.1,1484,45.9,169,0,0,0,0,0,0,8.700000000000045,7.132523560209423,7757.099999999999
L,302.3,311.0,1591,32.7,171,0,0,0,0,0,0,8.699999999999989,5.447717277486912,5591.700000000001
L,302.3,310.9,1403,47.2,173,0,0,0,0,0,0,8.599999999999966,6.934198952879582,8165.6
M,302.3,311.0,1450,45.7,175,0,0,0,0,0,0,8.699999999999989,6.938743455497383,7997.500000000001
L,302.3,310.9,1720,28.1,178,0,0,0,0,0,0,8.599999999999966,5.060942408376963,5001.8
L,302.3,311.0,1561,37.2,180,0,0,0,0,0,0,8.699999999999989,6.080544502617801,6696.000000000001
M,302.3,311.0,1421,41.3,182,0,0,0,0,0,0,8.699999999999989,6.145267015706806,7516.599999999999
H,302.2,310.9,1415,48.4,185,0,0,0,0,0,0,8.699999999999989,7.17130890052356,8954.0
L,302.3,310.9,2034,19.7,190,0,0,0,0,0,0,8.599999999999966,4.19579057591623,3743.0
L,302.4,311.0,1486,40.4,192,0,0,0,0,0,0,8.600000000000023,6.286324607329843,7756.799999999999
L,302.4,311.0,1338,67.6,194,1,0,0,1,1,0,8.600000000000023,9.471078534031413,13114.4
H,302.4,311.1,1578,32.3,196,0,0,0,0,0,0,8.700000000000045,5.337109947643978,6330.799999999999
M,302.4,311.2,1330,58.6,201,0,0,0,0,0,0,8.800000000000011,8.161047120418848,11778.6
H,302.4,311.2,1506,40.8,204,0,0,0,0,0,0,8.800000000000011,6.434010471204188,8323.199999999999
L,302.5,311.4,1559,37.6,209,0,0,0,0,0,0,8.899999999999977,6.138052356020943,7858.400000000001
L,302.6,311.5,1599,37.0,211,0,0,0,0,0,0,8.899999999999977,6.195078534031413,7807.0
L,302.6,311.5,1427,38.9,213,0,0,0,0,0,0,8.899999999999977,5.812596858638743,8285.699999999999
M,302.5,311.5,1481,41.1,215,0,0,0,0,0,0,9.0,6.373727748691099,8836.5
H,302.5,311.5,1496,43.8,218,0,0,0,0,0,0,9.0,6.86123560209424,9548.4
L,302.5,311.4,1674,27.0,223,0,0,0,0,0,0,8.899999999999977,4.732774869109948,6021.0
M,302.5,311.4,1629,31.7,225,0,0,0,0,0,0,8.899999999999977,5.4072565445026175,7132.5
H,302.6,311.5,1629,34.4,228,1,1,0,0,0,0,8.899999999999977,5.867811518324607,7843.2
L,302.6,311.6,1311,53.2,0,0,0,0,0,0,0,9.0,7.303162303664921,0.0
M,302.7,311.6,2709,9.7,2,1,0,0,1,0,0,8.900000000000034,2.7515497382198952,19.4
M,302.7,311.7,1759,29.9,5,0,0,0,0,0,0,9.0,5.507235602094241,149.5
L,302.7,311.7,1480,45.2,8,0,0,0,0,0,0,9.0,7.0048167539267014,361.6
L,302.7,311.8,1461,46.1,10,0,0,0,0,0,0,9.100000000000023,7.052575916230367,461.0
M,302.7,311.8,1728,30.0,12,0,0,0,0,0,0,9.100000000000023,5.428272251308901,360.0
L,302.7,311.9,1389,46.5,15,0,0,0,0,0,0,9.199999999999989,6.7631937172774865,697.5
L,302.6,311.8,1638,35.1,17,0,0,0,0,0,0,9.199999999999989,6.0202931937172774,596.7
L,302.6,311.7,1254,54.1,19,0,0,0,0,0,0,9.099999999999966,7.103811518324608,1027.9
L,302.6,311.8,1427,50.1,21,0,0,0,0,0,0,9.199999999999989,7.486146596858639,1052.1000000000001
L,302.6,311.8,1627,31.8,23,0,0,0,0,0,0,9.199999999999989,5.41765445026178,731.4
H,302.6,311.7,1471,48.3,25,0,0,0,0,0,0,9.099999999999966,7.439717277486912,1207.5
L,302.6,311.7,1773,27.1,30,0,0,0,0,0,0,9.099999999999966,5.031235602094241,813.0
M,302.6,311.7,1430,51.7,32,0,0,0,0,0,0,9.099999999999966,7.741465968586388,1654.4
L,302.5,311.6,1595,29.5,35,0,0,0,0,0,0,9.100000000000023,4.92696335078534,1032.5
L,302.5,311.5,1521,44.1,37,0,0,0,0,0,0,9.0,7.023675392670158,1631.7
L,302.5,311.6,1419,43.7,39,0,0,0,0,0,0,9.100000000000023,6.493225130890052,1704.3000000000002
M,302.4,311.4,1534,40.1,41,0,0,0,0,0,0,9.0,6.441193717277487,1644.1000000000001
H,302.5,311.5,1626,36.0,44,0,0,0,0,0,0,9.0,6.129424083769633,1584.0
L,302.5,311.5,1677,29.2,49,0,0,0,0,0,0,9.0,5.1275811518324605,1430.8
L,302.4,311.3,1392,50.5,51,0,0,0,0,0,0,8.900000000000034,7.360837696335079,2575.5
L,302.4,311.2,1448,50.5,53,0,0,0,0,0,0,8.800000000000011,7.6569633507853405,2676.5
L,302.3,311.2,1903,22.9,55,0,0,0,0,0,0,8.899999999999977,4.563214659685864,1259.5
L,302.4,311.2,1404,52.0,57,0,0,0,0,0,0,8.800000000000011,7.644816753926702,2964.0
L,302.3,311.2,1386,53.5,59,0,0,0,0,0,0,8.899999999999977,7.764502617801047,3156.5
L,302.2,311.1,1418,47.0,61,0,0,0,0,0,0,8.900000000000034,6.978638743455497,2867.0
M,302.3,311.1,1338,53.3,63,0,0,0,0,0,0,8.800000000000011,7.46758115183246,3357.8999999999996
L,302.3,311.2,1549,40.6,66,0,0,0,0,0,0,8.899999999999977,6.585277486910995,2679.6
M,302.3,311.2,1432,42.7,68,0,0,0,0,0,0,8.899999999999977,6.402764397905759,2903.6000000000004
M,302.3,311.2,1546,40.0,71,0,0,0,0,0,0,8.899999999999977,6.475392670157068,2840.0
M,302.2,311.2,1627,33.2,74,0,0,0,0,0,0,9.0,5.656167539267016,2456.8
M,302.2,311.1,1640,32.8,77,0,0,0,0,0,0,8.900000000000034,5.632670157068062,2525.6
M,302.1,311.1,1423,36.8,80,0,0,0,0,0,0,9.0,5.483392670157068,2944.0
M,302.1,311.0,1711,28.7,83,0,0,0,0,0,0,8.899999999999977,5.141958115183246,2382.1
M,302.1,311.1,1450,51.6,86,0,0,0,0,0,0,9.0,7.83455497382199,4437.6
H,302.2,311.1,1553,34.1,89,0,0,0,0,0,0,8.900000000000034,5.5452670157068065,3034.9
L,302.2,311.1,1630,34.6,94,0,0,0,0,0,0,8.900000000000034,5.905549738219896,3252.4
H,302.2,311.1,1476,39.6,96,0,0,0,0,0,0,8.900000000000034,6.120376963350785,3801.6000000000004
H,302.2,311.1,1426,50.6,101,0,0,0,0,0,0,8.900000000000034,7.555560209424084,5110.6
M,302.2,311.2,1561,34.9,106,0,0,0,0,0,0,9.0,5.704596858638743,3699.3999999999996
L,302.3,311.2,1297,62.5,109,0,0,0,0,0,0,8.899999999999977,8.488219895287958,6812.5
M,302.3,311.2,1842,23.9,111,0,0,0,0,0,0,8.899999999999977,4.609821989528795,2652.8999999999996
L,302.3,311.2,1633,36.4,114,0,0,0,0,0,0,8.899999999999977,6.224209424083769,4149.599999999999
H,302.3,311.3,1744,30.3,116,0,0,0,0,0,0,9.0,5.53331937172775,3514.8
L,302.4,311.4,1831,26.9,121,0,0,0,0,0,0,9.0,5.1574764397905755,3254.8999999999996
M,302.3,311.3,1339,50.8,123,0,0,0,0,0,0,9.0,7.122638743455497,6248.4
L,302.4,311.4,1475,40.4,126,0,0,0,0,0,0,9.0,6.23979057591623,5090.4
M,302.4,311.4,1675,29.6,128,0,0,0,0,0,0,9.0,5.191623036649215,3788.8
L,302.5,311.5,1493,35.1,131,0,0,0,0,0,0,9.0,5.487361256544503,4598.1
L,302.5,311.5,1700,29.5,133,0,0,0,0,0,0,9.0,5.2513089005235605,3923.5
L,302.6,311.6,1453,37.0,135,0,0,0,0,0,0,9.0,5.629424083769633,4995.0
L,302.6,311.7,1542,34.1,137,0,0,0,0,0,0,9.099999999999966,5.505989528795812,4671.7
M,302.5,311.5,1358,52.7,139,0,0,0,0,0,0,9.0,7.493884816753927,7325.3
H,302.5,311.5,1655,32.3,142,0,0,0,0,0,0,9.0,5.597539267015706,4586.599999999999
L,302.6,311.5,1885,27.5,147,0,0,0,0,0,0,8.899999999999977,5.428010471204188,4042.5
L,302.7,311.5,1494,41.4,149,0,0,0,0,0,0,8.800000000000011,6.476607329842932,6168.599999999999
M,302.6,311.4,1757,29.5,151,0,0,0,0,0,0,8.799999999999955,5.42738219895288,4454.5
M,302.6,311.4,1718,31.2,154,0,0,0,0,0,0,8.799999999999955,5.612732984293194,4804.8
M,302.5,311.4,1636,35.0,157,0,0,0,0,0,0,8.899999999999977,5.995811518324607,5495.0
L,302.6,311.6,1638,29.6,160,0,0,0,0,0,0,9.0,5.076942408376964,4736.0
L,302.6,311.5,1609,36.0,162,0,0,0,0,0,0,8.899999999999977,6.065340314136126,5832.0
H,302.7,311.5,1556,35.0,164,0,0,0,0,0,0,8.800000000000011,5.70261780104712,5740.0
L,302.6,311.5,1442,59.8,169,1,0,0,1,0,0,8.899999999999977,9.029486910994763,10106.199999999999
M,302.7,311.6,1501,38.8,171,0,0,0,0,0,0,8.900000000000034,6.098303664921466,6634.799999999999
M,302.6,311.6,2041,19.2,174,0,0,0,0,0,0,9.0,4.103371727748691,3340.7999999999997
M,302.7,311.7,1784,25.1,177,0,0,0,0,0,0,9.0,4.688837696335079,4442.7
L,302.6,311.6,1953,22.4,180,0,0,0,0,0,0,9.0,4.580858638743456,4031.9999999999995
L,302.6,311.6,1576,34.7,182,0,0,0,0,0,0,9.0,5.726408376963351,6315.400000000001
M,302.6,311.6,1518,39.0,184,0,0,0,0,0,0,9.0,6.199162303664921,7176.0
M,302.6,311.6,1227,68.2,187,1,0,0,0,1,0,9.0,8.762450261780106,12753.4
L,302.5,311.5,1985,18.8,190,0,0,0,0,0,0,9.0,3.9076439790575916,3572.0
L,302.5,311.5,1802,26.4,192,0,0,0,0,0,0,9.0,4.98144502617801,5068.799999999999
L,302.5,311.5,1603,32.4,194,0,0,0,0,0,0,9.0,5.438450261780105,6285.599999999999
L,302.5,311.6,1400,54.0,196,0,0,0,0,0,0,9.100000000000023,7.9162303664921465,10584.0
L,302.3,311.5,1395,54.2,198,0,0,0,0,0,0,9.199999999999989,7.91717277486911,10731.6
L,302.2,311.4,1987,19.9,200,0,0,0,0,0,0,9.199999999999989,4.140450261780105,3979.9999999999995
M,302.2,311.4,1398,47.2,202,0,0,0,0,0,0,9.199999999999989,6.909486910994765,9534.400000000001
L,302.3,311.4,1333,66.7,205,1,0,0,1,1,0,9.099999999999966,9.310062827225131,13673.5
L,302.2,311.2,1381,49.4,207,0,0,0,0,0,0,9.0,7.143602094240837,10225.8
L,302.2,311.3,1570,36.1,0,0,0,0,0,0,0,9.100000000000023,5.934764397905759,0.0
M,302.2,311.3,1658,31.0,2,0,0,0,0,0,0,9.100000000000023,5.3819895287958115,62.0
H,302.2,311.3,1749,29.2,5,0,0,0,0,0,0,9.100000000000023,5.347727748691099,146.0
M,302.2,311.3,1510,37.1,10,0,0,0,0,0,0,9.100000000000023,5.86607329842932,371.0
L,302.3,311.5,1384,50.8,13,0,0,0,0,0,0,9.199999999999989,7.362010471204188,660.4
L,302.3,311.4,1570,37.2,15,0,0,0,0,0,0,9.099999999999966,6.115602094240838,558.0
M,302.3,311.4,1571,32.7,17,0,0,0,0,0,0,9.099999999999966,5.379235602094242,555.9000000000001
L,302.3,311.4,1476,37.3,20,0,0,0,0,0,0,9.099999999999966,5.764900523560209,746.0
M,302.3,311.4,1484,39.5,22,0,0,0,0,0,0,9.099999999999966,6.138010471204188,869.0
M,302.3,311.4,1909,23.2,25,0,0,0,0,0,0,9.099999999999966,4.637570680628272,580.0
L,302.3,311.5,1448,49.6,28,0,0,0,0,0,0,9.199999999999989,7.520502617801047,1388.8
M,302.3,311.4,1500,40.2,30,0,0,0,0,0,0,9.099999999999966,6.314136125654451,1206.0
L,302.2,311.4,1510,44.9,33,0,0,0,0,0,0,9.199999999999989,7.099371727748691,1481.7
L,302.2,311.3,1378,55.5,35,0,0,0,0,0,0,9.100000000000023,8.0082722513089,1942.5
M,302.2,311.4,1538,37.4,37,0,0,0,0,0,0,9.199999999999989,6.023162303664921,1383.8
L,302.2,311.4,1390,48.1,40,0,0,0,0,0,0,9.199999999999989,7.000942408376964,1924.0
M,302.2,311.4,1642,32.1,42,0,0,0,0,0,0,9.199999999999989,5.519183246073299,1348.2
L,302.4,311.5,1785,24.8,45,0,0,0,0,0,0,9.100000000000023,4.635392670157068,1116.0
H,302.3,311.5,1526,38.2,47,0,0,0,0,0,0,9.199999999999989,6.104,1795.4
M,302.3,311.6,1668,33.2,52,0,0,0,0,0,0,9.300000000000011,5.798701570680629,1726.4
L,302.3,311.5,1507,37.5,55,0,0,0,0,0,0,9.199999999999989,5.917539267015707,2062.5
L,302.3,311.5,1530,37.8,57,0,0,0,0,0,0,9.199999999999989,6.055916230366491,2154.6
M,302.3,311.4,1479,45.6,59,0,0,0,0,0,0,9.099999999999966,7.062031413612567,2690.4
M,302.3,311.4,1418,41.3,62,0,0,0,0,0,0,9.099999999999966,6.132293193717277,2560.6
L,302.3,311.4,1504,38.7,65,0,0,0,0,0,0,9.099999999999966,6.094743455497382,2515.5
M,302.3,311.4,1345,47.6,67,0,0,0,0,0,0,9.099999999999966,6.703874345549738,3189.2000000000003
H,302.2,311.4,1625,35.4,70,0,0,0,0,0,0,9.199999999999989,6.023560209424084,2478.0
L,302.3,311.4,1511,34.7,75,0,0,0,0,0,0,9.099999999999966,5.490230366492147,2602.5
L,302.3,311.4,1535,41.8,77,0,0,0,0,0,0,9.099999999999966,6.718638743455497,3218.6
L,302.4,311.5,1505,37.9,79,0,0,0,0,0,0,9.100000000000023,5.972722513089005,2994.1
H,302.4,311.5,1540,43.7,81,0,0,0,0,0,0,9.100000000000023,7.0469109947643975,3539.7000000000003
H,302.3,311.4,1372,46.0,86,0,0,0,0,0,0,9.099999999999966,6.608586387434555,3956.0
M,302.2,311.3,1510,36.6,91,0,0,0,0,0,0,9.100000000000023,5.787015706806283,3330.6
L,302.2,311.3,1382,46.4,94,0,0,0,0,0,0,9.100000000000023,6.714638743455497,4361.599999999999
L,302.3,311.3,1439,41.8,96,0,0,0,0,0,0,9.0,6.298450261780104,4012.7999999999997
M,302.2,311.3,1375,47.0,98,0,0,0,0,0,0,9.100000000000023,6.767015706806283,4606.0
M,302.2,311.3,1931,21.9,101,0,0,0,0,0,0,9.100000000000023,4.428157068062827,2211.8999999999996
L,302.2,311.3,1475,48.6,104,0,0,0,0,0,0,9.100000000000023,7.506282722513089,5054.400000000001
L,302.2,311.3,1389,46.9,106,0,0,0,0,0,0,9.100000000000023,6.821371727748691,4971.4
L,302.3,311.3,1652,32.8,108,0,0,0,0,0,0,9.0,5.673884816753927,3542.3999999999996
L,302.3,311.2,1386,50.3,110,0,0,0,0,0,0,8.899999999999977,7.300083769633508,5533.0
M,302.2,311.3,1577,29.8,112,0,0,0,0,0,0,9.100000000000023,4.920900523560209,3337.6
M,302.3,311.3,1444,43.1,115,0,0,0,0,0,0,9.0,6.51690052356021,4956.5
L,302.2,311.3,1554,40.2,118,0,0,0,0,0,0,9.100000000000023,6.54144502617801,4743.6
L,302.2,311.3,1602,32.8,120,0,0,0,0,0,0,9.100000000000023,5.502157068062827,3935.9999999999995
H,302.2,311.2,1692,28.2,122,0,0,0,0,0,0,9.0,4.996272251308901,3440.4
L,302.3,311.3,1682,34.4,127,0,0,0,0,0,0,9.0,6.058722513089005,4368.8
L,302.3,311.3,1614,34.1,129,0,0,0,0,0,0,9.0,5.763078534031414,4398.900000000001
L,302.3,311.3,1324,47.8,131,0,0,0,0,0,0,9.0,6.626931937172775,6261.799999999999
L,302.3,311.4,1434,40.3,133,0,0,0,0,0,0,9.099999999999966,6.051329842931937,5359.9
L,302.3,311.3,1621,31.6,135,0,0,0,0,0,0,9.0,5.3637277486911,4266.0
M,302.3,311.3,1625,33.1,137,0,0,0,0,0,0,9.0,5.632198952879581,4534.7
L,302.2,311.1,1394,53.7,140,0,0,0,0,0,0,8.900000000000034,7.838513089005236,7518.0
L,302.1,311.0,1586,35.1,142,0,0,0,0,0,0,8.899999999999977,5.829172774869111,4984.2
L,302.0,311.0,1420,45.9,144,0,0,0,0,0,0,9.0,6.824921465968586,6609.599999999999
L,302.1,311.2,1422,50.3,146,0,0,0,0,0,0,9.099999999999966,7.489696335078533,7343.799999999999
H,302.1,311.2,1598,37.9,148,0,0,0,0,0,0,9.099999999999966,6.341801047120419,5609.2
L,302.1,311.2,1454,59.2,153,1,0,0,1,0,0,9.099999999999966,9.013277486910996,9057.6
L,302.1,311.2,1519,39.3,155,0,0,0,0,0,0,9.099999999999966,6.25096335078534,6091.5
L,302.0,311.1,1373,55.7,157,0,0,0,0,0,0,9.100000000000023,8.007968586387435,8744.9
M,302.0,311.1,1406,48.8,159,0,0,0,0,0,0,9.100000000000023,7.184586387434555,7759.2
L,302.1,311.2,1492,45.0,162,0,0,0,0,0,0,9.099999999999966,7.030366492146597,7290.0
L,302.1,311.2,1369,50.8,164,0,0,0,0,0,0,9.099999999999966,7.282219895287958,8331.199999999999
M,302.2,311.2,1471,41.9,166,0,0,0,0,0,0,9.0,6.4539162303664925,6955.4
L,302.2,311.2,1630,36.0,169,0,0,0,0,0,0,9.0,6.144502617801047,6084.0
M,302.1,311.1,1605,37.6,171,0,0,0,0,0,0,9.0,6.319162303664921,6429.6
L,302.2,311.1,1447,52.1,174,0,0,0,0,0,0,8.900000000000034,7.894104712041885,9065.4
M,302.2,311.2,1360,52.8,176,0,0,0,0,0,0,9.0,7.519162303664921,9292.8
M,302.2,311.1,1728,34.0,179,0,0,0,0,0,0,8.900000000000034,6.152041884816754,6086.0
L,302.1,311.0,1740,30.8,182,0,0,0,0,0,0,8.899999999999977,5.6117277486910995,5605.6
L,302.1,310.9,1477,41.4,184,0,0,0,0,0,0,8.799999999999955,6.402910994764397,7617.599999999999
L,302.1,310.9,1658,30.3,186,0,0,0,0,0,0,8.799999999999955,5.260460732984293,5635.8
L,302.0,310.8,1902,23.4,188,0,0,0,0,0,0,8.800000000000011,4.660397905759162,4399.2
M,302.0,310.8,1783,23.1,190,0,0,0,0,0,0,8.800000000000011,4.312806282722513,4389.0
M,302.0,310.9,1558,45.3,193,0,0,0,0,0,0,8.899999999999977,7.390303664921466,8742.9
L,302.1,311.0,1351,49.5,196,0,0,0,0,0,0,8.899999999999977,7.002565445026178,9702.0
H,302.1,310.9,1452,42.5,198,0,0,0,0,0,0,8.799999999999955,6.461780104712042,8415.0
L,302.1,310.9,1666,30.7,203,0,0,0,0,0,0,8.799999999999955,5.355623036649215,6232.099999999999
L,302.1,311.0,1364,50.0,205,0,0,0,0,0,0,8.899999999999977,7.141361256544503,10250.0
M,302.1,311.0,1351,60.3,207,1,0,0,0,1,0,8.899999999999977,8.530397905759163,12482.099999999999
H,302.1,311.0,1729,26.1,210,0,0,0,0,0,0,8.899999999999977,4.725329842931937,5481.0
M,302.1,311.0,1574,34.1,215,0,0,0,0,0,0,8.899999999999977,5.6202513089005235,7331.5
L,302.0,311.0,1566,37.8,218,0,0,0,0,0,0,9.0,6.19840837696335,8240.4
L,302.0,310.9,1455,43.2,220,0,0,0,0,0,0,8.899999999999977,6.581780104712043,9504.0
H,302.0,310.9,1679,29.0,222,0,0,0,0,0,0,8.899999999999977,5.098534031413613,6438.0
L,302.0,310.8,2143,17.3,227,0,0,0,0,0,0,8.800000000000011,3.882083769633508,3927.1000000000004
L,302.0,310.8,1447,42.7,229,0,0,0,0,0,0,8.800000000000011,6.4698324607329845,9778.300000000001
L,302.0,310.8,1383,50.3,231,1,0,0,0,1,0,8.800000000000011,7.284282722513089,11619.3
L,302.1,310.8,1772,27.1,233,0,0,0,0,0,0,8.699999999999989,5.028397905759163,6314.3
L,302.0,310.8,1615,29.0,235,1,1,0,0,0,0,8.800000000000011,4.9041884816753925,6815.0
L,302.0,310.8,1454,36.6,0,0,0,0,0,0,0,8.800000000000011,5.572397905759162,0.0
L,302.0,310.8,1445,49.1,2,0,0,0,0,0,0,8.800000000000011,7.429267015706806,98.2
M,302.0,310.8,1609,35.2,4,0,0,0,0,0,0,8.800000000000011,5.93055497382199,140.8
L,302.0,310.9,1546,34.4,7,0,0,0,0,0,0,8.899999999999977,5.568837696335078,240.79999999999998
L,301.9,310.8,1567,39.3,9,0,0,0,0,0,0,8.900000000000034,6.448492146596858,353.7
L,302.0,310.8,1767,27.4,11,0,0,0,0,0,0,8.800000000000011,5.069717277486911,301.4
L,302.0,310.9,1539,34.2,13,0,0,0,0,0,0,8.899999999999977,5.511392670157068,444.6
L,302.0,310.9,1564,39.0,15,0,0,0,0,0,0,8.899999999999977,6.387015706806283,585.0
M,302.0,310.8,1445,46.3,17,0,0,0,0,0,0,8.800000000000011,7.005602094240838,787.0999999999999
M,301.9,310.9,1419,47.7,20,1,0,0,0,0,0,9.0,7.087570680628272,954.0
M,301.8,310.9,1881,20.9,23,0,0,0,0,0,0,9.099999999999966,4.116534031413612,480.7
M,301.9,310.9,1421,46.2,26,0,0,0,0,0,0,9.0,6.874366492146597,1201.2
L,301.9,311.0,1455,46.0,29,0,0,0,0,0,0,9.100000000000023,7.008376963350785,1334.0
L,301.9,311.0,2691,12.1,31,1,0,0,1,0,0,9.100000000000023,3.4095392670157065,375.09999999999997
L,301.8,310.8,1505,41.2,33,0,0,0,0,0,0,9.0,6.492774869109948,1359.6000000000001
L,301.8,310.8,1456,46.6,35,0,0,0,0,0,0,9.0,7.104670157068063,1631.0
L,301.8,310.8,1383,46.4,37,0,0,0,0,0,0,9.0,6.719497382198953,1716.8
M,301.9,310.8,1563,39.2,39,0,0,0,0,0,0,8.900000000000034,6.415664921465969,1528.8000000000002
M,301.9,310.9,2305,16.1,42,0,0,0,0,0,0,9.0,3.885916230366492,676.2
M,301.9,310.9,1456,43.6,45,0,0,0,0,0,0,9.0,6.647287958115183,1962.0
L,302.0,311.0,1865,22.7,48,0,0,0,0,0,0,9.0,4.433036649214659,1089.6
L,301.9,310.9,1597,36.9,50,0,0,0,0,0,0,9.0,6.170607329842931,1845.0
L,302.0,310.9,1495,38.6,52,0,0,0,0,0,0,8.899999999999977,6.04261780104712,2007.2
M,302.0,310.9,1456,47.2,54,0,0,0,0,0,0,8.899999999999977,7.196146596858639,2548.8
L,301.9,310.8,1465,44.3,57,0,0,0,0,0,0,8.900000000000034,6.795759162303664,2525.1
M,302.0,310.9,1352,55.5,59,0,0,0,0,0,0,8.899999999999977,7.85717277486911,3274.5
L,301.9,310.8,1906,21.7,62,0,0,0,0,0,0,8.900000000000034,4.330910994764397,1345.3999999999999
L,302.0,310.9,1446,44.0,64,0,0,0,0,0,0,8.899999999999977,6.6621989528795815,2816.0
L,302.0,310.8,1948,19.7,66,0,0,0,0,0,0,8.800000000000011,4.018387434554974,1300.2
L,301.9,310.7,1480,47.1,68,0,0,0,0,0,0,8.800000000000011,7.299267015706806,3202.8
M,301.9,310.7,1511,37.6,70,0,0,0,0,0,0,8.800000000000011,5.949068062827225,2632.0
M,301.9,310.7,1472,47.0,73,0,0,0,0,0,0,8.800000000000011,7.244397905759162,3431.0
L,301.9,310.7,1429,51.0,76,0,0,0,0,0,0,8.800000000000011,7.63130890052356,3876.0
L,301.9,310.7,1405,48.8,78,0,0,0,0,0,0,8.800000000000011,7.179476439790576,3806.3999999999996
M,301.9,310.7,1405,47.9,80,0,0,0,0,0,0,8.800000000000011,7.0470680628272255,3832.0
L,302.0,310.7,1348,58.1,83,0,0,0,0,0,0,8.699999999999989,8.200921465968587,4822.3
L,301.9,310.6,1331,68.6,85,1,0,0,1,0,0,8.700000000000045,9.560900523560209,5830.999999999999
L,301.9,310.6,1610,33.4,87,0,0,0,0,0,0,8.700000000000045,5.630785340314136,2905.7999999999997
M,301.9,310.6,1412,46.5,89,0,0,0,0,0,0,8.700000000000045,6.8751832460732984,4138.5
L,302.0,310.7,1453,42.7,92,0,0,0,0,0,0,8.699999999999989,6.496659685863875,3928.4
L,302.0,310.6,1583,38.9,94,0,0,0,0,0,0,8.600000000000023,6.448031413612565,3656.6
M,302.0,310.6,1539,37.4,96,0,0,0,0,0,0,8.600000000000023,6.027078534031413,3590.3999999999996
L,302.0,310.5,1635,39.8,99,0,0,0,0,0,0,8.5,6.81392670157068,3940.2
H,302.1,310.7,1294,62.4,101,1,0,1,0,0,0,8.599999999999966,8.455036649214659,6302.4
L,302.0,310.5,1978,22.0,106,0,0,0,0,0,0,8.5,4.556649214659686,2332.0
L,302.0,310.4,1357,58.0,108,1,0,1,0,0,0,8.399999999999977,8.241465968586388,6264.0
L,302.0,310.4,1336,58.2,110,1,0,1,0,0,0,8.399999999999977,8.141905759162304,6402.0
L,302.0,310.4,1568,39.2,112,0,0,0,0,0,0,8.399999999999977,6.436188481675393,4390.400000000001
M,302.0,310.4,1567,36.4,114,0,0,0,0,0,0,8.399999999999977,5.972649214659685,4149.599999999999
L,302.0,310.4,1611,35.6,117,0,0,0,0,0,0,8.399999999999977,6.005403141361257,4165.2
H,302.0,310.5,1841,23.6,119,0,0,0,0,0,0,8.5,4.549486910994765,2808.4
L,302.0,310.5,1567,36.1,124,0,0,0,0,0,0,8.5,5.923424083769634,4476.400000000001
L,301.9,310.4,1376,54.9,126,1,0,1,0,0,0,8.5,7.910198952879581,6917.4
L,301.9,310.5,1477,42.4,128,0,0,0,0,0,0,8.600000000000023,6.557570680628272,5427.2
M,301.9,310.5,1590,40.3,130,0,0,0,0,0,0,8.600000000000023,6.709633507853402,5239.0
L,302.0,310.5,2197,15.8,133,0,0,0,0,0,0,8.5,3.63482722513089,2101.4
M,302.0,310.4,1595,32.9,135,0,0,0,0,0,0,8.399999999999977,5.494816753926702,4441.5
H,302.0,310.5,1812,24.4,138,0,0,0,0,0,0,8.5,4.629612565445026,3367.2
M,302.0,310.5,1573,32.1,143,0,0,0,0,0,0,8.5,5.287256544502618,4590.3
L,302.0,310.5,1651,30.9,146,0,0,0,0,0,0,8.5,5.341979057591622,4511.4
H,302.0,310.5,1459,43.2,148,0,0,0,0,0,0,8.5,6.599874345549739,6393.6
L,301.9,310.4,1370,51.7,153,1,0,1,0,0,0,8.5,7.416649214659686,7910.1
L,301.9,310.4,1518,34.1,155,0,0,0,0,0,0,8.5,5.420293193717278,5285.5
L,302.0,310.3,1648,29.6,157,0,0,0,0,0,0,8.300000000000011,5.10793717277487,4647.2
L,302.0,310.4,1464,47.2,159,0,0,0,0,0,0,8.399999999999977,7.2356858638743455,7504.8
L,302.0,310.4,1895,23.2,161,0,0,0,0,0,0,8.399999999999977,4.603560209424084,3735.2
L,301.9,310.4,1884,23.4,163,0,0,0,0,0,0,8.5,4.6162931937172775,3814.2
L,302.0,310.4,1450,46.6,165,0,0,0,0,0,0,8.399999999999977,7.075392670157068,7689.0
L,302.0,310.4,1448,43.4,167,0,0,0,0,0,0,8.399999999999977,6.580439790575916,7247.8
L,302.1,310.5,1389,49.6,169,0,0,0,0,0,0,8.399999999999977,7.21407329842932,8382.4
L,302.0,310.6,1583,35.2,171,0,0,0,0,0,0,8.600000000000023,5.834722513089006,6019.200000000001
L,301.9,310.5,1425,51.1,173,0,0,0,0,0,0,8.600000000000023,7.624869109947644,8840.300000000001
L,302.0,310.5,1809,27.1,175,0,0,0,0,0,0,8.5,5.133392670157068,4742.5
L,301.9,310.5,1892,21.8,177,0,0,0,0,0,0,8.600000000000023,4.318910994764398,3858.6
M,301.9,310.6,1475,47.8,179,0,0,0,0,0,0,8.700000000000045,7.382722513089005,8556.199999999999
L,302.0,310.6,1361,46.7,182,0,0,0,0,0,0,8.600000000000023,6.655361256544503,8499.4
M,302.0,310.6,1563,41.0,184,0,0,0,0,0,0,8.600000000000023,6.710261780104712,7544.0
H,301.9,310.5,1472,39.7,187,0,0,0,0,0,0,8.600000000000023,6.1192041884816755,7423.900000000001
L,302.0,310.6,1325,55.3,192,0,0,0,0,0,0,8.600000000000023,7.6725130890052355,10617.599999999999
L,302.0,310.6,1358,53.1,194,0,0,0,0,0,0,8.600000000000023,7.550764397905759,10301.4
H,302.0,310.6,1346,54.7,196,0,0,0,0,0,0,8.600000000000023,7.709549738219895,10721.2
M,302.0,310.5,1381,58.4,201,0,0,0,0,0,0,8.5,8.445068062827225,11738.4
L,301.9,310.5,1340,55.7,204,1,0,0,0,1,0,8.600000000000023,7.815497382198953,11362.800000000001
L,302.0,310.6,1366,47.7,206,0,0,0,0,0,0,8.600000000000023,6.822848167539267,9826.2
L,302.1,310.7,1325,45.1,208,1,0,1,0,0,0,8.599999999999966,6.257329842931937,9380.800000000001
M,302.1,310.7,1376,46.3,210,1,0,1,0,0,0,8.599999999999966,6.671078534031413,9723.0
M,302.1,310.7,1364,47.8,213,1,0,1,0,0,0,8.599999999999966,6.827141361256544,10181.4
L,302.2,310.6,1462,43.6,0,0,0,0,0,0,0,8.400000000000034,6.6746806282722515,0.0
M,302.1,310.6,1517,38.9,2,0,0,0,0,0,0,8.5,6.179193717277487,77.8
L,302.1,310.6,1385,53.6,5,0,0,0,0,0,0,8.5,7.773403141361257,268.0
L,302.1,310.6,1439,40.0,7,0,0,0,0,0,0,8.5,6.027225130890052,280.0
M,302.0,310.6,1623,34.3,9,0,0,0,0,0,0,8.600000000000023,5.8292041884816745,308.7
H,302.0,310.6,1438,43.2,12,0,0,0,0,0,0,8.600000000000023,6.504879581151833,518.4000000000001
L,301.9,310.4,1708,24.8,17,0,0,0,0,0,0,8.5,4.435434554973822,421.6
M,301.8,310.3,1666,32.7,19,0,0,0,0,0,0,8.5,5.704523560209425,621.3000000000001
L,301.9,310.4,1286,62.8,22,1,0,1,0,0,0,8.5,8.45662827225131,1381.6
L,301.9,310.3,1485,46.3,24,0,0,0,0,0,0,8.400000000000034,7.199528795811518,1111.1999999999998
M,301.8,310.3,1409,52.5,26,0,0,0,0,0,0,8.5,7.745811518324607,1365.0
L,301.8,310.3,1765,27.3,29,0,0,0,0,0,0,8.5,5.045497382198953,791.7
L,301.8,310.3,1688,28.8,31,0,0,0,0,0,0,8.5,5.090513089005236,892.8000000000001
M,301.7,310.3,1787,26.7,33,0,0,0,0,0,0,8.600000000000023,4.996115183246073,881.1
L,301.7,310.1,1487,48.0,36,0,0,0,0,0,0,8.400000000000034,7.47392670157068,1728.0
L,301.7,310.1,1384,50.5,38,0,0,0,0,0,0,8.400000000000034,7.318534031413613,1919.0
L,301.7,310.2,1311,57.4,40,1,0,1,0,0,0,8.5,7.879727748691099,2296.0
H,301.7,310.2,1620,30.8,42,0,0,0,0,0,0,8.5,5.224712041884817,1293.6000000000001
L,301.7,310.2,1331,61.2,47,1,0,1,0,0,0,8.5,8.529549738219895,2876.4
H,301.7,310.1,1462,38.3,49,0,0,0,0,0,0,8.400000000000034,5.86330890052356,1876.6999999999998
L,301.7,310.1,1424,50.2,54,0,0,0,0,0,0,8.400000000000034,7.485319371727749,2710.8
L,301.7,310.1,1500,39.6,56,0,0,0,0,0,0,8.400000000000034,6.219895287958115,2217.6
L,301.8,310.1,1738,28.0,58,0,0,0,0,0,0,8.300000000000011,5.095706806282722,1624.0
M,301.8,310.3,1465,46.5,60,0,0,0,0,0,0,8.5,7.133246073298429,2790.0
L,301.8,310.3,1482,41.4,63,0,0,0,0,0,0,8.5,6.424586387434554,2608.2
L,301.9,310.3,1398,44.0,65,0,0,0,0,0,0,8.400000000000034,6.441047120418848,2860.0
L,301.9,310.3,1972,21.3,67,0,0,0,0,0,0,8.400000000000034,4.3982827225130885,1427.1000000000001
L,301.9,310.4,1603,37.6,69,0,0,0,0,0,0,8.5,6.311287958115184,2594.4
L,301.9,310.4,1610,34.8,71,0,0,0,0,0,0,8.5,5.8668062827225125,2470.7999999999997
M,301.9,310.4,1373,48.0,73,1,0,1,0,0,0,8.5,6.900942408376963,3504.0
M,302.0,310.5,1425,44.7,76,0,0,0,0,0,0,8.5,6.669895287958116,3397.2000000000003
M,302.0,310.4,1212,55.6,79,1,0,1,0,0,0,8.399999999999977,7.056251308900523,4392.400000000001
M,302.0,310.4,1828,26.3,82,0,0,0,0,0,0,8.399999999999977,5.034178010471204,2156.6
L,302.0,310.5,1370,44.4,85,1,0,1,0,0,0,8.5,6.369424083769633,3774.0
M,302.0,310.5,1823,25.1,87,0,0,0,0,0,0,8.5,4.791340314136126,2183.7000000000003
L,302.0,310.5,1263,60.6,90,1,0,1,0,0,0,8.5,8.014429319371729,5454.0
L,301.9,310.4,1889,21.5,92,0,0,0,0,0,0,8.5,4.252722513089005,1978.0
M,302.0,310.5,1639,32.9,94,0,0,0,0,0,0,8.5,5.646397905759162,3092.6
M,302.0,310.4,1608,33.1,97,0,0,0,0,0,0,8.399999999999977,5.573277486910995,3210.7000000000003
H,301.9,310.3,1653,32.4,100,0,0,0,0,0,0,8.400000000000034,5.608083769633508,3240.0
L,302.0,310.4,1591,29.8,105,0,0,0,0,0,0,8.399999999999977,4.964586387434555,3129.0
L,302.1,310.5,1696,30.9,107,0,0,0,0,0,0,8.399999999999977,5.48758115183246,3306.2999999999997
L,302.2,310.6,1346,47.5,109,1,0,1,0,0,0,8.400000000000034,6.694764397905759,5177.5
M,302.2,310.5,1507,40.4,111,0,0,0,0,0,0,8.300000000000011,6.375162303664921,4484.4
H,302.3,310.6,1525,48.7,114,0,0,0,0,0,0,8.300000000000011,7.776701570680628,5551.8
M,302.3,310.7,1559,33.9,119,0,0,0,0,0,0,8.399999999999977,5.534041884816753,4034.1
L,302.2,310.6,1632,30.5,122,0,0,0,0,0,0,8.400000000000034,5.212146596858639,3721.0
L,302.1,310.5,1559,36.0,124,0,0,0,0,0,0,8.399999999999977,5.876858638743456,4464.0
M,302.2,310.6,1355,51.5,126,1,0,1,0,0,0,8.400000000000034,7.307068062827225,6489.0
M,302.2,310.5,1832,23.7,129,0,0,0,0,0,0,8.300000000000011,4.546429319371728,3057.2999999999997
L,302.2,310.6,1386,50.0,132,0,0,0,0,0,0,8.400000000000034,7.2565445026178015,6600.0
M,302.2,310.6,1346,49.2,134,1,0,1,0,0,0,8.400000000000034,6.934366492146596,6592.8
L,302.3,310.7,1499,37.8,137,0,0,0,0,0,0,8.399999999999977,5.933214659685864,5178.599999999999
L,302.3,310.7,1612,33.4,139,0,0,0,0,0,0,8.399999999999977,5.637780104712041,4642.599999999999
M,302.3,310.7,1544,39.7,141,0,0,0,0,0,0,8.399999999999977,6.418513089005236,5597.700000000001
L,302.5,310.9,1477,39.2,144,0,0,0,0,0,0,8.399999999999977,6.062659685863874,5644.8
L,302.5,310.9,1624,34.4,146,0,0,0,0,0,0,8.399999999999977,5.849801047120419,5022.4
L,302.4,310.9,1349,46.1,148,1,0,1,0,0,0,8.5,6.5119267015706805,6822.8
L,302.4,310.8,1686,28.8,150,0,0,0,0,0,0,8.400000000000034,5.08448167539267,4320.0
M,302.4,310.7,1521,40.4,152,0,0,0,0,0,0,8.300000000000011,6.434387434554974,6140.8
L,302.4,310.7,1362,54.8,155,1,0,1,0,0,0,8.300000000000011,7.815455497382198,8494.0
L,302.3,310.7,1402,50.9,157,0,0,0,0,0,0,8.399999999999977,7.472439790575916,7991.3
L,302.2,310.6,1334,53.2,159,1,0,1,0,0,0,8.400000000000034,7.431287958115184,8458.800000000001
L,302.2,310.6,1348,48.4,161,1,0,1,0,0,0,8.400000000000034,6.8317486910994765,7792.4
M,302.2,310.6,1570,34.6,163,0,0,0,0,0,0,8.400000000000034,5.688167539267016,5639.8
M,302.2,310.7,1601,33.0,166,0,0,0,0,0,0,8.5,5.532251308900523,5478.0
M,302.3,310.8,1611,31.8,169,0,0,0,0,0,0,8.5,5.364376963350786,5374.2
L,302.4,310.9,1560,31.8,172,0,0,0,0,0,0,8.5,5.194554973821989,5469.6
H,302.4,310.9,1444,40.7,174,0,0,0,0,0,0,8.5,6.154010471204189,7081.8
L,302.4,311.0,1317,59.4,179,0,0,0,0,0,0,8.600000000000023,8.191602094240839,10632.6
M,302.5,311.0,1463,43.1,181,0,0,0,0,0,0,8.5,6.602649214659686,7801.1
L,302.4,311.1,1634,34.2,184,0,0,0,0,0,0,8.700000000000045,5.851602094240838,6292.8
L,302.4,311.0,1423,46.2,186,0,0,0,0,0,0,8.600000000000023,6.884041884816755,8593.2
L,302.5,311.0,1548,38.4,188,0,0,0,0,0,0,8.5,6.224418848167539,7219.2
M,302.5,311.0,1563,35.6,190,0,0,0,0,0,0,8.5,5.826471204188482,6764.0
L,302.4,311.0,1573,36.5,193,0,0,0,0,0,0,8.600000000000023,6.011989528795811,7044.5
M,302.4,311.1,1432,44.5,195,0,0,0,0,0,0,8.700000000000045,6.672670157068063,8677.5
M,302.5,311.1,1638,32.0,198,0,0,0,0,0,0,8.600000000000023,5.488586387434555,6336.0
L,302.5,311.1,1571,34.2,201,0,0,0,0,0,0,8.600000000000023,5.625989528795812,6874.200000000001
L,302.4,311.0,2211,15.4,203,0,0,0,0,0,0,8.600000000000023,3.5653821989528796,3126.2000000000003
L,302.4,311.0,1555,40.6,205,0,0,0,0,0,0,8.600000000000023,6.610785340314136,8323.0
M,302.3,310.9,1558,31.9,207,0,0,0,0,0,0,8.599999999999966,5.2042094240837695,6603.299999999999
M,302.3,310.9,1523,43.2,210,0,0,0,0,0,0,8.599999999999966,6.88938219895288,9072.0
L,302.3,310.8,1723,26.3,213,0,0,0,0,0,0,8.5,4.745015706806283,5601.900000000001
M,302.3,310.8,1721,28.4,215,0,0,0,0,0,0,8.5,5.117947643979057,6106.0
M,302.3,310.9,1710,30.4,218,1,1,0,0,0,0,8.599999999999966,5.443350785340314,6627.2
M,302.3,310.9,1627,32.3,0,0,0,0,0,0,0,8.599999999999966,5.502837696335078,0.0
M,302.2,310.8,1422,47.0,3,0,0,0,0,0,0,8.600000000000023,6.998324607329843,141.0
L,302.1,310.8,1565,35.3,6,0,0,0,0,0,0,8.699999999999989,5.784764397905758,211.79999999999998
L,302.1,310.7,1314,52.8,8,1,0,1,0,0,0,8.599999999999966,7.2648376963350785,422.4
M,302.0,310.6,1392,60.5,10,0,0,0,0,0,0,8.600000000000023,8.818429319371727,605.0
L,302.1,310.7,1465,40.7,13,0,0,0,0,0,0,8.599999999999966,6.243507853403142,529.1
L,301.9,310.6,1573,36.6,15,0,0,0,0,0,0,8.700000000000045,6.028460732984294,549.0
M,302.0,310.7,2157,17.8,17,0,0,0,0,0,0,8.699999999999989,4.0203769633507855,302.6
L,301.9,310.7,1370,50.3,20,0,0,0,0,0,0,8.800000000000011,7.215811518324608,1006.0
L,301.9,310.6,1462,38.8,22,0,0,0,0,0,0,8.700000000000045,5.9398534031413615,853.5999999999999
M,302.0,310.6,1479,40.5,24,0,0,0,0,0,0,8.600000000000023,6.272198952879581,972.0
L,301.9,310.7,1717,26.8,27,0,0,0,0,0,0,8.800000000000011,4.818387434554974,723.6
M,301.9,310.6,1260,65.9,29,0,0,0,0,0,0,8.700000000000045,8.694659685863874,1911.1000000000001
L,301.9,310.6,1467,39.3,32,0,0,0,0,0,0,8.700000000000045,6.036973821989529,1257.6
M,302.0,310.6,1535,38.6,34,0,0,0,0,0,0,8.600000000000023,6.204293193717278,1312.4
L,302.0,310.7,1657,31.9,37,0,0,0,0,0,0,8.699999999999989,5.534900523560209,1180.3
L,302.0,310.7,1698,28.1,39,0,0,0,0,0,0,8.699999999999989,4.99620942408377,1095.9
L,302.1,310.7,1359,49.3,41,1,0,1,0,0,0,8.599999999999966,7.015570680628272,2021.3
L,302.1,310.8,1596,37.1,43,0,0,0,0,0,0,8.699999999999989,6.200167539267016,1595.3
L,302.2,310.8,1383,46.9,45,0,0,0,0,0,0,8.600000000000023,6.7919057591623035,2110.5
L,302.2,310.8,2203,16.6,47,0,0,0,0,0,0,8.600000000000023,3.829298429319372,780.2
M,302.2,310.8,1408,46.8,49,0,0,0,0,0,0,8.600000000000023,6.899937172774869,2293.2
L,302.2,310.8,1673,32.9,52,0,0,0,0,0,0,8.600000000000023,5.763528795811518,1710.8
L,302.2,310.8,1340,47.8,54,0,0,0,0,0,0,8.600000000000023,6.707015706806282,2581.2
L,302.2,310.9,1452,42.3,56,0,0,0,0,0,0,8.699999999999989,6.431371727748691,2368.7999999999997
M,302.2,310.9,1302,53.4,58,0,0,0,0,0,0,8.699999999999989,7.280293193717278,3097.2
H,302.2,310.9,1522,35.9,61,0,0,0,0,0,0,8.699999999999989,5.72144502617801,2189.9
L,302.2,310.8,1438,41.4,66,0,0,0,0,0,0,8.600000000000023,6.233842931937173,2732.4
L,302.2,310.9,1604,40.5,68,0,0,0,0,0,0,8.699999999999989,6.802303664921466,2754.0
L,302.2,311.0,1832,23.2,70,0,0,0,0,0,0,8.800000000000011,4.450513089005236,1624.0
M,302.3,311.0,1521,34.8,72,0,0,0,0,0,0,8.699999999999989,5.542492146596858,2505.6
L,302.3,311.0,1446,37.6,75,0,0,0,0,0,0,8.699999999999989,5.693151832460733,2820.0
L,302.4,311.1,1905,20.9,77,0,0,0,0,0,0,8.700000000000045,4.169057591623036,1609.3
L,302.4,311.0,1475,47.9,79,0,0,0,0,0,0,8.600000000000023,7.398167539267016,3784.1
L,302.4,311.0,1462,48.5,81,0,0,0,0,0,0,8.600000000000023,7.424816753926701,3928.5
M,302.4,310.9,1435,42.3,83,0,0,0,0,0,0,8.5,6.356073298429319,3510.8999999999996
L,302.4,310.9,1469,39.6,86,0,0,0,0,0,0,8.5,6.091350785340314,3405.6
M,302.6,311.1,1520,43.0,88,0,0,0,0,0,0,8.5,6.843979057591623,3784.0
L,302.6,311.0,1537,35.5,91,0,0,0,0,0,0,8.399999999999977,5.713455497382199,3230.5
L,302.6,311.0,1369,60.0,93,1,0,1,0,0,0,8.399999999999977,8.601047120418848,5580.0
L,302.6,311.0,1506,37.2,95,0,0,0,0,0,0,8.399999999999977,5.866303664921467,3534.0000000000005
L,302.5,310.9,1330,56.9,97,1,0,1,0,0,0,8.399999999999977,7.924293193717277,5519.3
L,302.6,311.0,1660,38.0,99,0,0,0,0,0,0,8.399999999999977,6.605235602094241,3762.0
H,302.5,310.9,1356,55.5,101,1,0,1,0,0,0,8.399999999999977,7.8804188481675395,5605.5
H,302.6,311.0,1438,51.0,106,0,0,0,0,0,0,8.399999999999977,7.679371727748691,5406.0
M,302.6,311.0,1329,48.6,111,1,0,1,0,0,0,8.399999999999977,6.763287958115184,5394.6
L,302.6,311.0,1284,68.0,114,1,0,1,1,0,0,8.399999999999977,9.14261780104712,7752.0
M,302.5,311.0,1387,52.1,116,0,0,0,0,0,0,8.5,7.566774869109947,6043.6
M,302.6,311.0,1591,33.9,119,0,0,0,0,0,0,8.399999999999977,5.647633507853403,4034.1
M,302.6,311.0,1589,39.0,122,0,0,0,0,0,0,8.399999999999977,6.489109947643979,4758.0
M,302.7,311.1,1297,60.7,125,1,0,1,0,0,0,8.400000000000034,8.243759162303666,7587.5
L,302.7,311.2,1545,35.1,128,0,0,0,0,0,0,8.5,5.67848167539267,4492.8
H,302.7,311.1,1418,43.4,130,0,0,0,0,0,0,8.400000000000034,6.444104712041884,5642.0
L,302.7,311.1,1730,28.1,135,0,0,0,0,0,0,8.400000000000034,5.090366492146597,3793.5
L,302.6,311.0,2001,20.7,137,0,0,0,0,0,0,8.399999999999977,4.337246073298429,2835.9
L,302.6,311.0,1620,36.2,139,0,0,0,0,0,0,8.399999999999977,6.140732984293194,5031.8
M,302.6,311.0,1542,39.7,141,0,0,0,0,0,0,8.399999999999977,6.410198952879582,5597.700000000001
L,302.6,311.0,1424,38.0,144,0,0,0,0,0,0,8.399999999999977,5.666178010471204,5472.0
L,302.7,311.1,1440,39.5,146,0,0,0,0,0,0,8.400000000000034,5.956020942408377,5767.0
L,302.6,311.0,1520,42.8,148,0,0,0,0,0,0,8.399999999999977,6.812146596858638,6334.4
L,302.7,311.0,1694,29.8,150,0,0,0,0,0,0,8.300000000000011,5.285989528795812,4470.0
L,302.6,311.0,1610,39.2,152,0,0,0,0,0,0,8.399999999999977,6.608586387434555,5958.400000000001
L,302.6,310.9,1331,52.0,154,1,0,1,0,0,0,8.299999999999955,7.247329842931937,8008.0
L,302.6,310.8,1470,41.2,156,0,0,0,0,0,0,8.199999999999989,6.341780104712043,6427.200000000001
L,302.5,310.8,1577,36.9,158,0,0,0,0,0,0,8.300000000000011,6.0933298429319365,5830.2
L,302.6,310.8,1486,36.4,160,0,0,0,0,0,0,8.199999999999989,5.6639162303664925,5824.0
L,302.4,310.6,1445,40.3,162,0,0,0,0,0,0,8.200000000000045,6.097748691099476,6528.599999999999
M,302.4,310.5,1500,36.7,164,0,0,0,0,0,0,8.100000000000023,5.764397905759163,6018.8
M,302.2,310.4,1456,47.5,167,0,0,0,0,0,0,8.199999999999989,7.2418848167539265,7932.5
L,302.2,310.4,1743,28.1,170,0,0,0,0,0,0,8.199999999999989,5.12861780104712,4777.0
L,302.0,310.1,1409,50.4,172,0,0,0,0,0,0,8.100000000000023,7.435979057591622,8668.8
L,302.0,310.1,1361,45.4,174,1,0,1,0,0,0,8.100000000000023,6.470094240837697,7899.599999999999
L,302.1,310.1,1753,28.9,176,0,0,0,0,0,0,8.0,5.30489005235602,5086.4
L,302.0,310.0,1832,22.9,178,0,0,0,0,0,0,8.0,4.39296335078534,4076.2
L,301.9,309.9,1374,48.5,180,1,0,1,0,0,0,8.0,6.9779057591623035,8730.0
M,301.8,309.9,1334,61.0,182,1,0,1,0,0,0,8.099999999999966,8.520837696335079,11102.0
L,301.8,310.0,1493,40.3,185,0,0,0,0,0,0,8.199999999999989,6.300303664921465,7455.499999999999
L,301.7,309.9,1317,49.0,187,1,0,1,0,0,0,8.199999999999989,6.75738219895288,9163.0
M,301.7,309.9,1434,47.9,189,0,0,0,0,0,0,8.199999999999989,7.192523560209423,9053.1
M,301.7,309.9,1457,39.2,192,0,0,0,0,0,0,8.199999999999989,5.980565445026178,7526.400000000001
M,301.7,310.0,1391,50.6,195,0,0,0,0,0,0,8.300000000000011,7.370115183246074,9867.0
M,301.8,310.0,1781,23.9,198,0,0,0,0,0,0,8.199999999999989,4.457162303664921,4732.2
L,301.8,310.0,1642,32.6,201,0,0,0,0,0,0,8.199999999999989,5.6051518324607335,6552.6
L,301.8,310.0,2032,19.0,203,0,0,0,0,0,0,8.199999999999989,4.042722513089005,3857.0
M,301.8,310.1,2372,13.9,205,1,0,0,1,0,0,8.300000000000011,3.4524397905759163,2849.5
L,301.8,310.0,1393,44.9,208,0,0,0,0,0,0,8.199999999999989,6.549287958115183,9339.199999999999
M,301.7,310.1,1743,27.3,210,0,0,0,0,0,0,8.400000000000034,4.982607329842932,5733.0
L,301.8,310.2,1457,40.4,213,0,0,0,0,0,0,8.399999999999977,6.163643979057591,8605.199999999999
L,301.8,310.2,2825,5.8,215,1,0,0,1,0,0,8.399999999999977,1.7157068062827225,1247.0
M,301.8,310.2,1609,34.2,217,0,0,0,0,0,0,8.399999999999977,5.7620732984293195,7421.400000000001
M,301.8,310.2,1437,42.3,0,0,0,0,0,0,0,8.399999999999977,6.364931937172774,0.0
L,301.7,310.1,1402,50.1,3,0,0,0,0,0,0,8.400000000000034,7.3549947643979054,150.3
M,301.7,310.1,1644,34.6,5,0,0,0,0,0,0,8.400000000000034,5.956272251308901,173.0
L,301.7,310.2,1471,51.1,8,0,0,0,0,0,0,8.5,7.8710052356020945,408.8
L,301.7,310.1,2695,12.6,10,0,0,0,0,0,0,8.400000000000034,3.5557068062827226,126.0
L,301.7,310.2,1435,48.1,12,0,0,0,0,0,0,8.5,7.227591623036649,577.2
L,301.6,310.1,1694,26.3,14,0,0,0,0,0,0,8.5,4.665151832460733,368.2
L,301.6,310.1,1687,26.6,16,0,0,0,0,0,0,8.5,4.698869109947644,425.6
L,301.6,310.0,1869,22.9,18,0,0,0,0,0,0,8.399999999999977,4.481685863874345,412.2
L,301.4,309.9,1259,63.9,20,1,0,1,0,0,0,8.5,8.424094240837695,1278.0
H,301.4,309.9,1460,47.2,22,0,0,0,0,0,0,8.5,7.215916230366492,1038.4
M,301.3,309.9,1501,39.5,27,0,0,0,0,0,0,8.599999999999966,6.208324607329843,1066.5
L,301.4,310.0,1776,25.6,30,0,0,0,0,0,0,8.600000000000023,4.760795811518325,768.0
M,301.5,310.1,1468,40.8,32,0,0,0,0,0,0,8.600000000000023,6.271664921465968,1305.6
L,301.5,310.1,1430,46.5,35,0,0,0,0,0,0,8.600000000000023,6.96282722513089,1627.5
L,301.4,310.1,1502,46.6,37,0,0,0,0,0,0,8.700000000000045,7.3291308900523555,1724.2
H,301.4,310.1,1623,32.3,39,0,0,0,0,0,0,8.700000000000045,5.48930890052356,1259.6999999999998
M,301.4,310.0,1651,29.8,44,0,0,0,0,0,0,8.600000000000023,5.151811518324608,1311.2
L,301.5,310.1,1639,33.4,47,0,0,0,0,0,0,8.600000000000023,5.732209424083769,1569.8
M,301.5,310.0,1417,44.6,49,0,0,0,0,0,0,8.5,6.617612565445027,2185.4
L,301.5,310.1,1541,42.2,52,0,0,0,0,0,0,8.600000000000023,6.809445026178011,2194.4
M,301.6,310.2,1411,45.1,54,0,0,0,0,0,0,8.599999999999966,6.6634659685863875,2435.4
L,301.7,310.3,1397,44.6,57,0,0,0,0,0,0,8.600000000000023,6.52420942408377,2542.2000000000003
L,301.7,310.2,1686,28.9,59,0,0,0,0,0,0,8.5,5.102136125654449,1705.1
M,301.7,310.1,1431,44.0,61,0,0,0,0,0,0,8.400000000000034,6.593089005235602,2684.0
L,301.8,310.3,1341,50.5,64,1,0,1,0,0,0,8.5,7.091151832460733,3232.0
L,301.7,310.2,1486,43.0,66,0,0,0,0,0,0,8.5,6.690890052356021,2838.0
L,301.6,310.2,1384,57.1,68,0,0,0,0,0,0,8.599999999999966,8.275015706806284,3882.8
L,301.6,310.1,1362,55.8,70,1,0,1,0,0,0,8.5,7.958073298429318,3906.0
H,301.7,310.1,1660,29.3,72,0,0,0,0,0,0,8.400000000000034,5.092984293193718,2109.6
L,301.6,310.1,1326,48.2,77,1,0,1,0,0,0,8.5,6.692481675392671,3711.4
L,301.6,310.0,1566,30.3,79,0,0,0,0,0,0,8.399999999999977,4.9685654450261785,2393.7000000000003
L,301.5,309.8,1549,38.5,81,0,0,0,0,0,0,8.300000000000011,6.2446596858638745,3118.5
M,301.6,309.9,1746,31.1,83,0,0,0,0,0,0,8.299999999999955,5.685926701570681,2581.3
M,301.7,309.9,1452,41.5,86,0,0,0,0,0,0,8.199999999999989,6.309738219895288,3569.0
L,301.6,309.8,1588,33.9,89,0,0,0,0,0,0,8.199999999999989,5.636984293193717,3017.1
L,301.6,309.8,1472,42.5,91,0,0,0,0,0,0,8.199999999999989,6.550785340314136,3867.5
L,301.7,309.9,1607,37.7,93,0,0,0,0,0,0,8.199999999999989,6.3438638743455495,3506.1000000000004
H,301.6,309.9,1423,53.6,95,0,0,0,0,0,0,8.299999999999955,7.986680628272252,5092.0
L,301.6,309.9,1440,43.4,100,0,0,0,0,0,0,8.299999999999955,6.544083769633508,4340.0
L,301.6,309.9,1397,43.7,102,0,0,0,0,0,0,8.299999999999955,6.39255497382199,4457.400000000001
L,301.7,309.9,1524,46.6,104,0,0,0,0,0,0,8.199999999999989,7.436481675392671,4846.400000000001
M,301.7,309.9,1533,40.9,106,0,0,0,0,0,0,8.199999999999989,6.565413612565445,4335.4
L,301.7,309.8,1398,46.0,109,0,0,0,0,0,0,8.100000000000023,6.733821989528796,5014.0
M,301.7,309.8,1284,68.2,111,1,0,1,1,0,0,8.100000000000023,9.169507853403141,7570.200000000001
L,301.7,309.8,1491,39.3,114,0,0,0,0,0,0,8.100000000000023,6.135738219895288,4480.2
H,301.8,309.9,1418,51.3,116,0,0,0,0,0,0,8.099999999999966,7.6171099476439785,5950.799999999999
M,301.8,309.8,1546,39.8,121,0,0,0,0,0,0,8.0,6.443015706806282,4815.799999999999
L,301.8,309.7,1598,30.4,124,0,0,0,0,0,0,7.899999999999977,5.0868272251308895,3769.6
H,301.9,309.8,1724,27.5,126,0,0,0,0,0,0,7.900000000000034,4.964397905759163,3465.0
L,301.9,309.8,1507,44.7,131,0,0,0,0,0,0,7.900000000000034,7.053706806282723,5855.700000000001
L,301.9,309.7,1595,31.4,133,0,0,0,0,0,0,7.800000000000011,5.244293193717278,4176.2
M,301.9,309.7,1568,37.5,135,0,0,0,0,0,0,7.800000000000011,6.157068062827225,5062.5
L,301.8,309.6,1432,43.7,138,0,0,0,0,0,0,7.800000000000011,6.552712041884817,6030.6
L,301.9,309.7,1424,42.8,140,0,0,0,0,0,0,7.800000000000011,6.381905759162303,5992.0
M,302.0,309.7,1386,62.7,142,1,0,0,1,0,0,7.699999999999989,9.099706806282722,8903.4
L,302.0,309.8,1456,58.1,145,0,0,0,0,0,0,7.800000000000011,8.857968586387436,8424.5
H,302.0,309.8,1280,57.3,147,1,0,1,0,0,0,7.800000000000011,7.68,8423.1
L,302.0,309.8,1649,31.0,152,0,0,0,0,0,0,7.800000000000011,5.352774869109948,4712.0
L,302.0,309.9,1407,52.8,154,0,0,0,0,0,0,7.899999999999977,7.779015706806282,8131.2
H,302.0,309.9,1606,34.5,156,0,0,0,0,0,0,7.899999999999977,5.801780104712042,5382.0
M,302.1,310.0,1531,38.0,161,0,0,0,0,0,0,7.899999999999977,6.091937172774869,6118.0
L,302.1,310.1,1543,35.8,164,0,0,0,0,0,0,8.0,5.784230366492146,5871.2
M,302.1,310.1,1379,48.2,166,1,0,1,0,0,0,8.0,6.959979057591624,8001.200000000001
L,302.1,310.1,1447,46.6,169,0,0,0,0,0,0,8.0,7.060753926701571,7875.400000000001
H,302.1,310.1,1844,24.6,171,0,0,0,0,0,0,8.0,4.749989528795812,4206.6
H,302.1,310.1,1615,29.9,176,0,0,0,0,0,0,8.0,5.056387434554974,5262.4
L,302.0,310.0,1449,48.8,181,0,0,0,0,0,0,8.0,7.404314136125654,8832.8
L,302.0,309.9,1388,51.4,183,0,0,0,0,0,0,7.899999999999977,7.470492146596858,9406.199999999999
H,302.0,309.9,1447,42.8,185,0,0,0,0,0,0,7.899999999999977,6.484984293193717,7917.999999999999
L,302.0,310.0,1664,28.6,190,0,0,0,0,0,0,8.0,4.983287958115183,5434.0
H,302.0,309.9,1735,27.2,192,0,0,0,0,0,0,7.899999999999977,4.941570680628272,5222.4
L,302.0,309.9,1308,57.6,197,1,0,1,0,1,0,7.899999999999977,7.889089005235602,11347.2
L,302.0,309.8,1480,40.0,199,0,0,0,0,0,0,7.800000000000011,6.198952879581152,7960.0
M,301.9,309.6,1439,41.7,201,0,0,0,0,0,0,7.7000000000000455,6.2833821989528795,8381.7
M,301.9,309.7,1533,35.9,204,0,0,0,0,0,0,7.800000000000011,5.762795811518324,7323.599999999999
L,302.0,309.7,1551,34.8,207,0,0,0,0,0,0,7.699999999999989,5.651811518324607,7203.599999999999
L,302.0,309.7,1414,36.3,209,0,0,0,0,0,0,7.699999999999989,5.374680628272251,7586.7
M,301.9,309.6,1551,34.6,211,0,0,0,0,0,0,7.7000000000000455,5.619329842931938,7300.6
M,301.8,309.6,1436,49.0,214,0,0,0,0,0,0,7.800000000000011,7.367958115183246,10486.0
M,301.9,309.6,1385,45.8,217,0,0,0,0,0,0,7.7000000000000455,6.64219895287958,9938.599999999999
M,301.8,309.5,1732,30.1,220,0,0,0,0,0,0,7.699999999999989,5.458973821989529,6622.0
L,301.9,309.6,1410,49.0,223,0,0,0,0,0,0,7.7000000000000455,7.234554973821989,10927.0
L,301.9,309.6,1446,43.2,225,0,0,0,0,0,0,7.7000000000000455,6.541068062827225,9720.0
L,301.8,309.5,1525,39.6,227,0,0,0,0,0,0,7.699999999999989,6.323560209424084,8989.2
L,301.7,309.5,1298,65.5,229,1,0,1,0,1,0,7.800000000000011,8.902513089005236,14999.5
L,301.8,309.6,1443,42.7,231,0,0,0,0,0,0,7.800000000000011,6.451947643979058,9863.7
L,301.8,309.7,1442,45.3,233,1,1,0,0,0,0,7.899999999999977,6.840062827225131,10554.9
L,301.9,309.7,1719,31.9,0,0,0,0,0,0,0,7.800000000000011,5.742,0.0
L,302.0,309.8,1532,39.4,2,0,0,0,0,0,0,7.800000000000011,6.320502617801047,78.8
L,302.0,309.8,1701,27.2,4,0,0,0,0,0,0,7.800000000000011,4.844732984293193,108.8
M,302.1,310.0,1355,45.1,6,1,0,1,0,0,0,7.899999999999977,6.399005235602094,270.6
M,302.2,310.1,1421,45.4,9,0,0,0,0,0,0,7.900000000000034,6.755329842931937,408.59999999999997
M,302.2,310.1,1368,51.6,12,1,0,1,0,0,0,7.900000000000034,7.391497382198954,619.2
L,302.2,310.1,1458,45.1,15,0,0,0,0,0,0,7.900000000000034,6.885424083769633,676.5
M,302.2,310.1,1572,34.6,17,0,0,0,0,0,0,7.900000000000034,5.695413612565446,588.2
L,302.2,310.0,1483,48.7,20,0,0,0,0,0,0,7.800000000000011,7.562523560209424,974.0
L,302.3,310.1,1513,40.4,22,0,0,0,0,0,0,7.800000000000011,6.400544502617801,888.8
H,302.3,310.1,1383,42.9,24,0,0,0,0,0,0,7.800000000000011,6.212638743455497,1029.6
L,302.4,310.2,1539,37.7,29,0,0,0,0,0,0,7.800000000000011,6.075424083769634,1093.3000000000002
M,302.3,310.1,1563,37.8,31,0,0,0,0,0,0,7.800000000000011,6.186534031413612,1171.8
L,302.3,310.1,1653,29.7,34,0,0,0,0,0,0,7.800000000000011,5.140743455497382,1009.8
L,302.3,310.1,1353,50.9,36,1,0,1,0,0,0,7.800000000000011,7.211277486910994,1832.3999999999999
H,302.2,310.0,1468,43.6,38,0,0,0,0,0,0,7.800000000000011,6.70207329842932,1656.8
H,302.3,310.2,1506,33.8,43,0,0,0,0,0,0,7.899999999999977,5.33013612565445,1453.3999999999999
L,302.3,310.1,1388,49.9,48,0,0,0,0,0,0,7.800000000000011,7.25248167539267,2395.2
M,302.4,310.2,1485,45.9,50,0,0,0,0,0,0,7.800000000000011,7.137329842931937,2295.0
L,302.4,310.2,1331,45.5,53,1,0,1,0,0,0,7.800000000000011,6.341413612565445,2411.5
L,302.5,310.3,1326,58.5,55,1,0,1,0,0,0,7.800000000000011,8.12261780104712,3217.5
L,302.3,310.2,1394,55.4,57,0,0,0,0,0,0,7.899999999999977,8.086659685863873,3157.7999999999997
L,302.4,310.1,2009,18.9,59,0,0,0,0,0,0,7.7000000000000455,3.9759267015706805,1115.1
M,302.4,310.1,1358,54.6,61,1,0,1,0,0,0,7.7000000000000455,7.764062827225131,3330.6
L,302.5,310.2,1586,32.2,64,0,0,0,0,0,0,7.699999999999989,5.347560209424084,2060.8
L,302.5,310.3,1688,31.6,66,0,0,0,0,0,0,7.800000000000011,5.585424083769634,2085.6
L,302.6,310.5,1450,43.2,68,0,0,0,0,0,0,7.899999999999977,6.559162303664922,2937.6000000000004
M,302.7,310.5,1398,47.3,70,0,0,0,0,0,0,7.800000000000011,6.924125654450261,3311.0
L,302.7,310.5,1520,39.3,73,0,0,0,0,0,0,7.800000000000011,6.255078534031413,2868.8999999999996
L,302.6,310.4,1514,42.7,75,0,0,0,0,0,0,7.7999999999999545,6.7694031413612565,3202.5
M,302.6,310.4,1532,36.1,77,0,0,0,0,0,0,7.7999999999999545,5.791120418848168,2779.7000000000003
L,302.6,310.4,1365,66.8,80,1,0,1,1,0,0,7.7999999999999545,9.547853403141362,5344.0
L,302.6,310.3,1642,33.2,82,0,0,0,0,0,0,7.699999999999989,5.708314136125654,2722.4
M,302.6,310.2,2676,10.8,84,1,0,0,1,0,0,7.599999999999966,3.0262617801047123,907.2
H,302.6,310.2,1873,21.3,87,0,0,0,0,0,0,7.599999999999966,4.177476439790576,1853.1000000000001
L,302.6,310.2,1325,62.4,92,1,0,1,0,0,0,7.599999999999966,8.65759162303665,5740.8
M,302.6,310.2,2157,17.2,94,0,0,0,0,0,0,7.599999999999966,3.884858638743456,1616.8
M,302.6,310.2,1563,39.0,97,0,0,0,0,0,0,7.599999999999966,6.382931937172775,3783.0
M,302.6,310.2,1631,31.0,100,0,0,0,0,0,0,7.599999999999966,5.29434554973822,3100.0
L,302.5,310.2,1547,36.9,103,0,0,0,0,0,0,7.699999999999989,5.977413612565445,3800.7
L,302.6,310.3,1479,40.4,105,0,0,0,0,0,0,7.699999999999989,6.256712041884817,4242.0
M,302.4,310.1,1379,48.9,107,1,0,1,0,0,0,7.7000000000000455,7.061057591623036,5232.3
L,302.4,310.1,1906,21.2,110,0,0,0,0,0,0,7.7000000000000455,4.2311204188481675,2332.0
M,302.3,310.1,1731,33.4,112,0,0,0,0,0,0,7.800000000000011,6.053968586387434,3740.7999999999997
H,302.3,310.1,1688,30.4,115,0,0,0,0,0,0,7.800000000000011,5.3733193717277485,3496.0
H,302.3,310.2,1443,54.6,120,0,0,0,0,0,0,7.899999999999977,8.250031413612566,6552.0
L,302.4,310.2,1445,46.4,125,0,0,0,0,0,0,7.800000000000011,7.020732984293193,5800.0
H,302.4,310.2,1435,44.9,127,0,0,0,0,0,0,7.800000000000011,6.746753926701571,5702.3
L,302.4,310.1,1556,32.9,132,0,0,0,0,0,0,7.7000000000000455,5.360460732984293,4342.8
L,302.3,310.1,1321,52.7,134,1,0,1,0,0,0,7.800000000000011,7.289706806282722,7061.8
M,302.4,310.1,1577,35.8,136,0,0,0,0,0,0,7.7000000000000455,5.911685863874346,4868.799999999999
L,302.4,310.2,1578,31.2,139,0,0,0,0,0,0,7.800000000000011,5.155350785340314,4336.8
L,302.4,310.1,1418,52.3,141,0,0,0,0,0,0,7.7000000000000455,7.765591623036649,7374.299999999999
M,302.4,310.2,1392,55.8,143,0,0,0,0,0,0,7.800000000000011,8.133361256544502,7979.4
L,302.5,310.3,1446,44.0,146,0,0,0,0,0,0,7.800000000000011,6.6621989528795815,6424.0
L,302.5,310.2,1329,50.6,148,1,0,1,0,0,0,7.699999999999989,7.0416125654450274,7488.8
L,302.5,310.2,1563,34.8,150,0,0,0,0,0,0,7.699999999999989,5.695539267015707,5220.0
L,302.5,310.3,1405,57.4,152,0,0,0,0,0,0,7.800000000000011,8.444712041884817,8724.8
L,302.4,310.2,2224,16.0,154,0,0,0,0,0,0,7.800000000000011,3.7260732984293194,2464.0
L,302.5,310.2,1716,29.9,156,0,0,0,0,0,0,7.699999999999989,5.372607329842931,4664.4
L,302.5,310.3,1584,35.5,158,0,0,0,0,0,0,7.800000000000011,5.888167539267016,5609.0
M,302.5,310.3,1488,41.8,160,0,0,0,0,0,0,7.800000000000011,6.512921465968586,6688.0
L,302.4,310.3,1374,51.2,163,1,0,1,0,0,0,7.900000000000034,7.3663664921465974,8345.6
M,302.4,310.3,1378,54.3,165,1,0,1,0,0,0,7.900000000000034,7.835120418848167,8959.5
L,302.5,310.3,1551,37.3,168,0,0,0,0,0,0,7.800000000000011,6.057832460732984,6266.4
L,302.5,310.3,1549,40.9,170,0,0,0,0,0,0,7.800000000000011,6.633937172774869,6953.0
M,302.5,310.3,1447,39.2,172,0,0,0,0,0,0,7.800000000000011,5.93951832460733,6742.400000000001
L,302.4,310.2,1400,53.7,175,0,0,0,0,0,0,7.800000000000011,7.872251308900523,9397.5
L,302.4,310.1,1401,48.8,177,0,0,0,0,0,0,7.7000000000000455,7.15903664921466,8637.6
H,302.4,310.1,1597,28.9,179,0,0,0,0,0,0,7.7000000000000455,4.832806282722513,5173.099999999999
L,302.3,310.1,1487,46.0,184,0,0,0,0,0,0,7.800000000000011,7.162513089005236,8464.0
M,302.5,310.3,1710,27.3,186,0,0,0,0,0,0,7.800000000000011,4.8882722513089005,5077.8
L,302.6,310.4,1478,47.7,189,0,0,0,0,0,0,7.7999999999999545,7.382261780104713,9015.300000000001
L,302.6,310.4,1743,26.3,191,0,0,0,0,0,0,7.7999999999999545,4.800094240837696,5023.3
L,302.6,310.5,1596,32.8,193,0,0,0,0,0,0,7.899999999999977,5.481549738219895,6330.4
L,302.7,310.5,1642,30.8,195,0,0,0,0,0,0,7.800000000000011,5.295664921465969,6006.0
L,302.7,310.5,1263,67.8,197,1,0,1,0,1,0,7.800000000000011,8.966638743455496,13356.599999999999
L,302.8,310.6,2016,19.9,199,0,0,0,0,0,0,7.800000000000011,4.200879581151832,3960.1
L,302.8,310.6,1671,30.5,201,0,0,0,0,0,0,7.800000000000011,5.336701570680629,6130.5
L,302.8,310.6,1404,43.2,203,0,0,0,0,0,0,7.800000000000011,6.351078534031414,8769.6
L,302.8,310.6,1470,41.1,205,0,0,0,0,0,0,7.800000000000011,6.326387434554974,8425.5
L,302.8,310.6,1617,37.9,207,0,0,0,0,0,0,7.800000000000011,6.417204188481675,7845.299999999999
L,302.7,310.5,1725,29.0,209,0,0,0,0,0,0,7.800000000000011,5.238219895287958,6061.0
L,302.7,310.5,1446,40.9,211,1,1,0,0,0,0,7.800000000000011,6.192816753926702,8629.9
L,302.7,310.6,1564,34.3,0,0,0,0,0,0,0,7.900000000000034,5.617298429319371,0.0
L,302.8,310.6,1670,29.1,2,0,0,0,0,0,0,7.800000000000011,5.088691099476439,58.2
L,302.7,310.6,1501,48.7,4,0,0,0,0,0,0,7.900000000000034,7.654314136125654,194.8
L,302.7,310.5,1551,35.9,6,0,0,0,0,0,0,7.800000000000011,5.830460732984292,215.39999999999998
L,302.7,310.5,1563,35.0,8,0,0,0,0,0,0,7.800000000000011,5.7282722513089,280.0
L,302.7,310.5,1351,41.8,10,1,0,1,0,0,0,7.800000000000011,5.913277486910994,418.0
L,302.6,310.4,1415,52.1,12,0,0,0,0,0,0,7.7999999999999545,7.719528795811518,625.2
L,302.6,310.3,1647,34.2,14,0,0,0,0,0,0,7.699999999999989,5.898157068062828,478.80000000000007
L,302.5,310.2,1477,41.6,16,0,0,0,0,0,0,7.699999999999989,6.433842931937173,665.6
L,302.6,310.2,1923,21.5,18,0,0,0,0,0,0,7.599999999999966,4.329267015706806,387.0
H,302.7,310.4,1305,55.2,20,1,0,1,0,0,0,7.699999999999989,7.54303664921466,1104.0
M,302.6,310.4,1544,35.1,25,0,0,0,0,0,0,7.7999999999999545,5.674806282722513,877.5
H,302.7,310.5,1568,36.9,28,0,0,0,0,0,0,7.800000000000011,6.058554973821989,1033.2
L,302.7,310.4,1489,42.7,33,0,0,0,0,0,0,7.699999999999989,6.657623036649215,1409.1000000000001
M,302.6,310.4,1451,43.1,35,0,0,0,0,0,0,7.7999999999999545,6.548492146596859,1508.5
L,302.7,310.4,1542,35.7,38,0,0,0,0,0,0,7.699999999999989,5.764335078534032,1356.6000000000001
M,302.6,310.5,1965,20.2,40,0,0,0,0,0,0,7.899999999999977,4.156335078534031,808.0
L,302.5,310.5,1436,36.5,43,0,0,0,0,0,0,8.0,5.4883769633507855,1569.5
M,302.5,310.4,1509,37.6,45,0,0,0,0,0,0,7.899999999999977,5.941193717277487,1692.0
L,302.5,310.4,1487,40.2,48,0,0,0,0,0,0,7.899999999999977,6.259413612565445,1929.6000000000001
L,302.5,310.4,1967,20.3,50,0,0,0,0,0,0,7.899999999999977,4.181162303664921,1015.0
H,302.6,310.4,1409,53.3,52,0,0,0,0,0,0,7.7999999999999545,7.863842931937173,2771.6
M,302.6,310.5,1420,56.4,57,0,0,0,0,0,0,7.899999999999977,8.386178010471204,3214.7999999999997
L,302.7,310.5,1511,37.7,60,0,0,0,0,0,0,7.800000000000011,5.964890052356021,2262.0
H,302.6,310.4,1649,30.1,62,0,0,0,0,0,0,7.7999999999999545,5.197371727748691,1866.2
L,302.6,310.4,1359,57.2,67,1,0,1,0,0,0,7.7999999999999545,8.139769633507854,3832.4
M,302.5,310.4,1605,36.0,69,0,0,0,0,0,0,7.899999999999977,6.050261780104712,2484.0
L,302.5,310.3,1523,36.0,72,0,0,0,0,0,0,7.800000000000011,5.741151832460733,2592.0
H,302.6,310.4,1614,36.0,74,0,0,0,0,0,0,7.7999999999999545,6.084188481675393,2664.0
H,302.6,310.3,1721,27.4,79,0,0,0,0,0,0,7.699999999999989,4.937738219895287,2164.6
L,302.6,310.4,1638,36.2,84,0,0,0,0,0,0,7.7999999999999545,6.208963350785341,3040.8
L,302.5,310.2,1307,54.0,86,1,0,1,0,0,0,7.699999999999989,7.390366492146597,4644.0
L,302.4,310.2,1642,28.3,88,0,0,0,0,0,0,7.800000000000011,4.865821989528795,2490.4
M,302.5,310.2,1751,30.5,90,0,0,0,0,0,0,7.699999999999989,5.592198952879581,2745.0
L,302.4,310.1,1645,31.6,93,0,0,0,0,0,0,7.7000000000000455,5.4431413612565445,2938.8
L,302.4,310.1,1426,46.8,95,0,0,0,0,0,0,7.7000000000000455,6.988146596858639,4446.0
M,302.4,310.1,1520,36.6,97,0,0,0,0,0,0,7.7000000000000455,5.825340314136126,3550.2000000000003
L,302.4,310.1,1709,31.8,100,0,0,0,0,0,0,7.7000000000000455,5.690701570680629,3180.0
L,302.4,310.0,1426,46.6,102,0,0,0,0,0,0,7.600000000000023,6.95828272251309,4753.2
L,302.4,310.1,1429,43.7,104,0,0,0,0,0,0,7.7000000000000455,6.538984293193717,4544.8
L,302.4,310.2,1346,62.4,106,1,0,1,0,0,0,7.800000000000011,8.794806282722513,6614.4
L,302.5,310.2,1454,43.0,108,0,0,0,0,0,0,7.699999999999989,6.546806282722513,4644.0
M,302.5,310.3,1411,49.5,110,0,0,0,0,0,0,7.800000000000011,7.313560209424084,5445.0
L,302.4,310.3,1900,24.4,113,0,0,0,0,0,0,7.900000000000034,4.854450261780105,2757.2
L,302.4,310.3,1479,36.2,115,0,0,0,0,0,0,7.900000000000034,5.606261780104712,4163.0
L,302.5,310.4,1415,48.2,117,0,0,0,0,0,0,7.899999999999977,7.141675392670157,5639.400000000001
L,302.5,310.3,1539,39.0,119,0,0,0,0,0,0,7.800000000000011,6.284921465968586,4641.0
L,302.4,310.3,1520,31.6,121,0,0,0,0,0,0,7.900000000000034,5.029528795811518,3823.6000000000004
L,302.4,310.3,1480,45.8,123,0,0,0,0,0,0,7.900000000000034,7.097801047120419,5633.4
L,302.4,310.4,1666,29.7,125,0,0,0,0,0,0,8.0,5.181172774869109,3712.5
L,302.4,310.4,1456,47.6,127,0,0,0,0,0,0,8.0,7.257130890052356,6045.2
L,302.4,310.4,1865,23.9,129,0,0,0,0,0,0,8.0,4.66738219895288,3083.1
M,302.5,310.5,1918,21.6,131,0,0,0,0,0,0,8.0,4.338094240837696,2829.6000000000004
L,302.5,310.4,1488,48.4,134,0,0,0,0,0,0,7.899999999999977,7.541277486910994,6485.599999999999
M,302.5,310.5,1527,38.8,136,0,0,0,0,0,0,8.0,6.203937172774869,5276.799999999999
M,302.4,310.4,1463,42.2,139,0,0,0,0,0,0,8.0,6.464774869109949,5865.8
L,302.4,310.4,1521,38.5,142,0,0,0,0,0,0,8.0,6.131780104712042,5467.0
M,302.4,310.5,1372,45.7,144,1,0,1,0,0,0,8.100000000000023,6.565486910994765,6580.8
L,302.5,310.5,1507,39.5,147,0,0,0,0,0,0,8.0,6.2331413612565445,5806.5
M,302.4,310.4,1586,34.3,149,0,0,0,0,0,0,8.0,5.696314136125654,5110.7
L,302.5,310.4,1487,42.0,152,0,0,0,0,0,0,7.899999999999977,6.539685863874346,6384.0
L,302.5,310.5,1520,41.2,154,0,0,0,0,0,0,8.0,6.557486910994765,6344.8
H,302.5,310.4,1422,41.9,156,0,0,0,0,0,0,7.899999999999977,6.238931937172774,6536.4
M,302.4,310.3,1375,52.5,161,1,0,1,0,0,0,7.900000000000034,7.55890052356021,8452.5
L,302.4,310.2,1633,28.0,164,0,0,0,0,0,0,7.800000000000011,4.787853403141361,4592.0
L,302.4,310.2,1503,36.2,166,0,0,0,0,0,0,7.800000000000011,5.697235602094241,6009.200000000001
L,302.4,310.2,1351,45.1,168,1,0,1,0,0,0,7.800000000000011,6.380115183246073,7576.8
L,302.3,310.2,1548,35.3,170,0,0,0,0,0,0,7.899999999999977,5.72192670157068,6000.999999999999
L,302.4,310.3,1923,23.3,172,0,0,0,0,0,0,7.900000000000034,4.691717277486911,4007.6
L,302.5,310.3,1592,32.6,174,0,0,0,0,0,0,7.800000000000011,5.434471204188482,5672.400000000001
M,302.5,310.4,1580,35.6,176,0,0,0,0,0,0,7.899999999999977,5.889842931937173,6265.6
L,302.5,310.4,1427,46.8,179,0,0,0,0,0,0,7.899999999999977,6.993047120418847,8377.199999999999
M,302.5,310.4,1581,32.7,181,0,0,0,0,0,0,7.899999999999977,5.413476439790577,5918.700000000001
M,302.6,310.5,1542,39.9,184,0,0,0,0,0,0,7.899999999999977,6.442492146596858,7341.599999999999
L,302.5,310.4,1349,55.1,187,1,0,1,0,0,0,7.899999999999977,7.7832356020942415,10303.7
L,302.5,310.5,1463,43.0,189,0,0,0,0,0,0,8.0,6.587329842931937,8127.0
M,302.5,310.4,1429,43.2,191,0,0,0,0,0,0,7.899999999999977,6.464167539267016,8251.2
M,302.5,310.4,1451,53.6,194,0,0,0,0,0,0,7.899999999999977,8.143832460732986,10398.4
L,302.6,310.5,1511,37.2,197,0,0,0,0,0,0,7.899999999999977,5.885780104712042,7328.400000000001
L,302.6,310.6,1549,37.5,199,0,0,0,0,0,0,8.0,6.082460732984293,7462.5
M,302.5,310.5,1507,40.2,201,0,0,0,0,0,0,8.0,6.343602094240838,8080.200000000001
M,302.6,310.5,1524,33.7,204,0,0,0,0,0,0,7.899999999999977,5.377884816753927,6874.8
M,302.7,310.5,1880,22.7,207,0,0,0,0,0,0,7.800000000000011,4.46869109947644,4698.9
L,302.6,310.5,1461,45.4,0,0,0,0,0,0,0,7.899999999999977,6.945486910994764,0.0
L,302.6,310.5,1748,28.2,2,0,0,0,0,0,0,7.899999999999977,5.161633507853403,56.4
L,302.7,310.6,1690,26.7,4,0,0,0,0,0,0,7.900000000000034,4.7249214659685865,106.8
M,302.7,310.6,1349,51.2,6,1,0,1,0,0,0,7.900000000000034,7.232335078534032,307.20000000000005
L,302.7,310.6,1686,26.3,9,0,0,0,0,0,0,7.900000000000034,4.643120418848168,236.70000000000002
L,302.7,310.7,1369,47.5,11,1,0,1,0,0,0,8.0,6.809162303664921,522.5
L,302.7,310.7,1433,43.7,13,0,0,0,0,0,0,8.0,6.557287958115184,568.1
L,302.7,310.7,1597,41.9,15,0,0,0,0,0,0,8.0,7.006732984293194,628.5
L,302.9,310.8,1610,32.2,17,0,0,0,0,0,0,7.900000000000034,5.428481675392671,547.4000000000001
L,302.7,310.7,1398,57.7,19,0,0,0,0,0,0,8.0,8.446554973821991,1096.3
L,302.7,310.7,1977,20.0,21,0,0,0,0,0,0,8.0,4.140314136125655,420.0
L,302.8,310.8,1516,39.5,23,0,0,0,0,0,0,8.0,6.2703664921465965,908.5
H,302.7,310.8,1275,55.0,25,1,0,1,0,0,0,8.100000000000023,7.342931937172775,1375.0
L,302.8,310.8,1402,50.5,30,0,0,0,0,0,0,8.0,7.413717277486911,1515.0
M,302.8,310.8,1451,44.7,32,0,0,0,0,0,0,8.0,6.791591623036649,1430.4
M,302.7,310.8,1555,36.1,35,0,0,0,0,0,0,8.100000000000023,5.878062827225131,1263.5
L,302.8,310.9,1636,35.0,38,0,0,0,0,0,0,8.099999999999966,5.995811518324607,1330.0
L,302.8,310.9,1312,52.2,40,1,0,1,0,0,0,8.099999999999966,7.171350785340315,2088.0
L,302.8,310.9,1708,29.8,42,0,0,0,0,0,0,8.099999999999966,5.329675392670158,1251.6000000000001
M,302.9,311.0,1556,36.5,44,0,0,0,0,0,0,8.100000000000023,5.947015706806282,1606.0
H,302.8,311.0,1436,43.5,47,0,0,0,0,0,0,8.199999999999989,6.540942408376964,2044.5
M,302.9,311.0,1402,40.7,52,0,0,0,0,0,0,8.100000000000023,5.975015706806283,2116.4
M,302.9,311.0,1437,49.9,55,0,0,0,0,0,0,8.100000000000023,7.508513089005236,2744.5
M,302.9,311.1,1926,21.8,58,0,0,0,0,0,0,8.200000000000045,4.396523560209425,1264.4
L,303.0,311.2,1800,23.7,61,0,0,0,0,0,0,8.199999999999989,4.467015706806283,1445.7
L,303.0,311.2,1641,32.6,63,0,0,0,0,0,0,8.199999999999989,5.601738219895289,2053.8
L,303.0,311.2,1374,48.2,65,1,0,1,0,0,0,8.199999999999989,6.934743455497382,3133.0
L,303.0,311.2,1494,37.0,67,0,0,0,0,0,0,8.199999999999989,5.788272251308901,2479.0
L,303.0,311.2,1601,32.9,69,0,0,0,0,0,0,8.199999999999989,5.515486910994764,2270.1
L,302.9,311.2,1634,36.9,71,0,0,0,0,0,0,8.300000000000011,6.313570680628272,2619.9
M,302.9,311.2,1467,37.7,73,0,0,0,0,0,0,8.300000000000011,5.791193717277487,2752.1000000000004
L,302.8,311.1,1550,32.3,76,0,0,0,0,0,0,8.300000000000011,5.24240837696335,2454.7999999999997
L,302.8,311.1,1563,32.2,78,0,0,0,0,0,0,8.300000000000011,5.2700104712041895,2511.6000000000004
L,302.7,310.9,1395,48.3,80,0,0,0,0,0,0,8.199999999999989,7.055340314136125,3864.0
M,302.8,311.0,1507,33.4,82,0,0,0,0,0,0,8.199999999999989,5.270554973821989,2738.7999999999997
L,302.8,311.0,1564,38.5,85,0,0,0,0,0,0,8.199999999999989,6.305130890052356,3272.5
L,302.8,311.1,1721,30.0,87,0,0,0,0,0,0,8.300000000000011,5.406282722513089,2610.0
L,302.8,311.1,1456,36.1,89,0,0,0,0,0,0,8.300000000000011,5.503832460732984,3212.9
H,302.9,311.2,2102,17.8,91,0,0,0,0,0,0,8.300000000000011,3.9178638743455494,1619.8
L,302.9,311.1,1555,33.9,96,0,0,0,0,0,0,8.200000000000045,5.5198429319371725,3254.3999999999996
L,303.0,311.2,1409,41.9,98,0,0,0,0,0,0,8.199999999999989,6.181895287958115,4106.2
M,303.0,311.2,1387,41.4,100,0,0,0,0,0,0,8.199999999999989,6.012753926701571,4140.0
M,303.0,311.2,1460,43.9,103,0,0,0,0,0,0,8.199999999999989,6.711413612565445,4521.7
L,303.0,311.2,1361,47.6,106,1,0,1,0,0,0,8.199999999999989,6.783623036649215,5045.6
M,303.0,311.1,1490,43.0,108,0,0,0,0,0,0,8.100000000000023,6.708900523560209,4644.0
L,303.1,311.2,1399,49.2,111,0,0,0,0,0,0,8.099999999999966,7.207413612565445,5461.200000000001
L,303.1,311.1,1420,55.8,113,0,0,0,0,0,0,8.0,8.29696335078534,6305.4
L,303.0,311.0,1359,44.2,115,1,0,1,0,0,0,8.0,6.289821989528796,5083.0
M,303.0,311.1,1372,54.3,117,1,0,1,0,0,0,8.100000000000023,7.801005235602093,6353.099999999999
M,303.0,311.0,1409,41.7,120,0,0,0,0,0,0,8.0,6.152387434554974,5004.0
H,302.9,311.0,1452,58.3,123,0,0,0,0,0,0,8.100000000000023,8.864041884816753,7170.9
L,302.9,311.0,1820,24.6,128,0,0,0,0,0,0,8.100000000000023,4.688167539267016,3148.8
H,302.9,311.0,1469,48.7,130,0,0,0,0,0,0,8.100000000000023,7.491130890052356,6331.0
L,302.9,311.1,1556,45.3,135,0,0,0,0,0,0,8.200000000000045,7.3808167539267,6115.5
L,303.0,311.1,1980,20.2,137,0,0,0,0,0,0,8.100000000000023,4.188062827225131,2767.4
M,303.0,311.2,1519,38.0,139,0,0,0,0,0,0,8.199999999999989,6.044188481675393,5282.0
L,303.0,311.2,1456,44.0,142,0,0,0,0,0,0,8.199999999999989,6.708272251308901,6248.0
L,303.1,311.2,1394,45.3,144,0,0,0,0,0,0,8.099999999999966,6.612376963350785,6523.2
L,303.0,311.3,1365,56.2,146,1,0,1,0,0,0,8.300000000000011,8.032774869109948,8205.2
L,303.0,311.3,2194,16.5,148,0,0,0,0,0,0,8.300000000000011,3.790680628272251,2442.0
L,303.1,311.3,1403,55.6,150,0,0,0,0,0,0,8.199999999999989,8.168251308900524,8340.0
H,303.0,311.2,1503,37.0,152,0,0,0,0,0,0,8.199999999999989,5.823141361256544,5624.0
L,303.0,311.3,1793,29.3,157,0,0,0,0,0,0,8.300000000000011,5.50103664921466,4600.1
L,303.1,311.4,1829,24.5,159,0,0,0,0,0,0,8.299999999999955,4.692198952879581,3895.5
M,303.1,311.4,1831,23.3,161,0,0,0,0,0,0,8.299999999999955,4.467256544502618,3751.3
M,303.0,311.3,1335,53.6,164,1,0,1,0,0,0,8.300000000000011,7.492774869109947,8790.4
H,303.1,311.3,2056,19.7,167,0,0,0,0,0,0,8.199999999999989,4.24117277486911,3289.9
L,303.1,311.3,1336,52.6,172,1,0,1,0,0,0,8.199999999999989,7.358492146596859,9047.2
L,303.0,311.2,1341,51.0,174,1,0,1,0,0,0,8.199999999999989,7.161361256544502,8874.0
M,303.0,311.1,1526,37.3,176,0,0,0,0,0,0,8.100000000000023,5.9601884816753925,6564.799999999999
L,303.0,311.1,1525,40.7,179,0,0,0,0,0,0,8.100000000000023,6.499214659685864,7285.3
M,303.0,311.1,1428,39.8,181,0,0,0,0,0,0,8.100000000000023,5.951246073298429,7203.799999999999
L,303.0,311.2,1511,45.7,184,0,0,0,0,0,0,8.199999999999989,7.230649214659685,8408.800000000001
L,303.0,311.2,1664,29.8,186,0,0,0,0,0,0,8.199999999999989,5.192376963350786,5542.8
M,303.0,311.2,1592,38.9,188,0,0,0,0,0,0,8.199999999999989,6.484691099476439,7313.2
M,303.0,311.1,1597,36.7,191,0,0,0,0,0,0,8.100000000000023,6.137162303664922,7009.700000000001
L,303.0,311.2,1735,26.1,194,0,0,0,0,0,0,8.199999999999989,4.741727748691099,5063.400000000001
L,302.9,311.2,1751,23.8,196,0,0,0,0,0,0,8.300000000000011,4.3637486910994765,4664.8
L,303.0,311.2,1383,44.6,198,0,0,0,0,0,0,8.199999999999989,6.45882722513089,8830.800000000001
M,302.9,311.2,1330,53.7,200,1,0,1,0,0,0,8.300000000000011,7.478638743455497,10740.0
L,303.0,311.2,1382,50.5,203,0,0,0,0,0,0,8.199999999999989,7.307958115183246,10251.5
L,303.0,311.2,1755,30.4,205,0,0,0,0,0,0,8.199999999999989,5.586596858638743,6232.0
M,303.0,311.2,1614,35.7,207,0,0,0,0,0,0,8.199999999999989,6.033486910994765,7389.900000000001
L,303.0,311.3,1466,43.0,210,0,0,0,0,0,0,8.300000000000011,6.600837696335079,9030.0
M,303.1,311.3,1847,24.7,212,0,0,0,0,0,0,8.199999999999989,4.777057591623037,5236.4
L,303.1,311.3,1474,34.8,215,0,0,0,0,0,0,8.199999999999989,5.3712251308900525,7481.999999999999
L,303.1,311.3,1657,31.8,217,0,0,0,0,0,0,8.199999999999989,5.517549738219895,6900.6
L,303.1,311.2,1435,40.1,219,0,0,0,0,0,0,8.099999999999966,6.025497382198953,8781.9
H,303.1,311.3,1494,42.7,221,0,0,0,0,0,0,8.199999999999989,6.679979057591623,9436.7
L,303.2,311.4,1238,54.6,226,1,0,1,0,1,0,8.199999999999989,7.077989528795812,12339.6
L,303.2,311.4,1324,54.2,228,1,0,1,0,1,0,8.199999999999989,7.514219895287958,12357.6
L,303.2,311.4,1514,41.2,230,0,0,0,0,0,0,8.199999999999989,6.531602094240838,9476.0
L,303.3,311.4,1732,25.6,232,0,0,0,0,0,0,8.099999999999966,4.642848167539268,5939.200000000001
L,303.3,311.4,1497,46.0,234,1,1,0,0,0,0,8.099999999999966,7.210680628272251,10764.0
L,303.3,311.4,1958,21.5,0,0,0,0,0,0,0,8.099999999999966,4.408062827225131,0.0
L,303.3,311.4,1630,32.5,2,0,0,0,0,0,0,8.099999999999966,5.547120418848167,65.0
M,303.3,311.4,1395,59.1,4,0,0,0,0,0,0,8.099999999999966,8.632931937172774,236.4
L,303.3,311.4,1658,30.5,7,0,0,0,0,0,0,8.099999999999966,5.295183246073298,213.5
L,303.2,311.4,1349,51.1,9,1,0,1,0,0,0,8.199999999999989,7.218209424083771,459.90000000000003
L,303.1,311.2,1452,52.9,11,0,0,0,0,0,0,8.099999999999966,8.043015706806283,581.9
M,303.1,311.1,1594,35.5,13,0,0,0,0,0,0,8.0,5.925340314136125,461.5
M,303.1,311.0,1510,47.6,16,0,0,0,0,0,0,7.899999999999977,7.526282722513089,761.6
L,303.1,311.1,1854,22.6,19,0,0,0,0,0,0,8.0,4.387476439790576,429.40000000000003
L,303.1,311.2,1626,32.3,21,0,0,0,0,0,0,8.099999999999966,5.499455497382199,678.3
L,303.1,311.2,1628,35.2,23,0,0,0,0,0,0,8.099999999999966,6.000586387434556,809.6
L,303.1,311.2,1679,34.8,25,0,0,0,0,0,0,8.099999999999966,6.118240837696335,869.9999999999999
M,303.1,311.2,1489,44.5,27,0,0,0,0,0,0,8.099999999999966,6.9382722513089,1201.5
L,303.2,311.2,1439,43.9,30,0,0,0,0,0,0,8.0,6.614879581151833,1317.0
L,303.3,311.3,1350,48.1,32,1,0,1,0,0,0,8.0,6.799476439790576,1539.2
H,303.3,311.2,1607,31.7,34,0,0,0,0,0,0,7.899999999999977,5.334230366492147,1077.8
L,303.3,311.3,1389,53.9,39,0,0,0,0,0,0,8.0,7.839486910994763,2102.1
M,303.3,311.3,1566,46.1,41,0,0,0,0,0,0,8.0,7.559434554973823,1890.1000000000001
M,303.4,311.4,1307,54.0,44,1,0,1,0,0,0,8.0,7.390366492146597,2376.0
M,303.3,311.5,1569,36.6,47,0,0,0,0,0,0,8.199999999999989,6.013130890052357,1720.2
H,303.3,311.4,1651,30.6,50,0,0,0,0,0,0,8.099999999999966,5.2901151832460735,1530.0
H,303.3,311.4,1692,27.9,55,0,0,0,0,0,0,8.099999999999966,4.943120418848167,1534.5
M,303.3,311.5,1373,47.3,60,1,0,1,0,0,0,8.199999999999989,6.800303664921465,2838.0
L,303.2,311.4,1610,35.5,63,0,0,0,0,0,0,8.199999999999989,5.984816753926702,2236.5
L,303.3,311.4,1511,43.4,65,0,0,0,0,0,0,8.099999999999966,6.866743455497382,2821.0
L,303.3,311.5,1412,55.6,67,0,0,0,0,0,0,8.199999999999989,8.220649214659685,3725.2000000000003
L,303.4,311.5,1501,36.2,69,0,0,0,0,0,0,8.100000000000023,5.689654450261781,2497.8
L,303.4,311.5,1414,44.8,71,0,0,0,0,0,0,8.100000000000023,6.633214659685864,3180.7999999999997
H,303.5,311.5,1629,33.5,73,0,0,0,0,0,0,8.0,5.714293193717277,2445.5
L,303.4,311.5,1879,21.3,78,0,0,0,0,0,0,8.100000000000023,4.190858638743456,1661.4
H,303.5,311.6,1466,47.0,80,0,0,0,0,0,0,8.100000000000023,7.214869109947644,3760.0
H,303.6,311.7,1476,40.1,85,0,0,0,0,0,0,8.099999999999966,6.19765445026178,3408.5
L,303.6,311.8,1695,30.7,90,0,0,0,0,0,0,8.199999999999989,5.448848167539267,2763.0
L,303.6,311.7,1491,39.8,92,0,0,0,0,0,0,8.099999999999966,6.213801047120419,3661.6
M,303.6,311.8,1659,34.7,94,0,0,0,0,0,0,8.199999999999989,6.027989528795811,3261.8
L,303.6,311.8,1567,31.7,97,0,0,0,0,0,0,8.199999999999989,5.201455497382199,3074.9
L,303.6,311.8,1736,32.9,99,0,0,0,0,0,0,8.199999999999989,5.980565445026177,3257.1
M,303.6,311.8,1421,44.8,101,1,0,0,0,0,0,8.199999999999989,6.666052356020942,4524.799999999999
M,303.6,311.8,1627,30.8,104,0,0,0,0,0,0,8.199999999999989,5.247287958115183,3203.2000000000003
M,303.5,311.6,1562,34.2,107,0,0,0,0,0,0,8.100000000000023,5.593759162303665,3659.4
L,303.5,311.6,2183,17.0,110,0,0,0,0,0,0,8.100000000000023,3.8859685863874347,1870.0
L,303.5,311.6,1577,38.1,112,0,0,0,0,0,0,8.100000000000023,6.291486910994765,4267.2
M,303.4,311.5,1560,36.4,114,0,0,0,0,0,0,8.100000000000023,5.945968586387434,4149.599999999999
M,303.4,311.5,1483,43.0,117,0,0,0,0,0,0,8.100000000000023,6.67738219895288,5031.0
L,303.5,311.5,1535,33.3,120,0,0,0,0,0,0,8.0,5.35240837696335,3995.9999999999995
M,303.4,311.4,1606,29.6,122,0,0,0,0,0,0,8.0,4.977759162303665,3611.2000000000003
M,303.4,311.5,1817,24.7,125,0,0,0,0,0,0,8.100000000000023,4.699465968586388,3087.5
L,303.4,311.5,1424,50.8,128,0,0,0,0,0,0,8.100000000000023,7.574785340314135,6502.4
L,303.3,311.6,1514,34.7,130,0,0,0,0,0,0,8.300000000000011,5.501130890052356,4511.0
L,303.4,311.6,1449,41.7,132,0,0,0,0,0,0,8.200000000000045,6.3270471204188485,5504.400000000001
M,303.5,311.6,1573,34.0,134,0,0,0,0,0,0,8.100000000000023,5.600209424083769,4556.0
L,303.4,311.6,1564,41.9,137,0,0,0,0,0,0,8.200000000000045,6.861947643979057,5740.3
L,303.5,311.6,1428,46.2,139,0,0,0,0,0,0,8.100000000000023,6.908230366492147,6421.8
L,303.5,311.7,1620,31.0,141,0,0,0,0,0,0,8.199999999999989,5.2586387434554975,4371.0
H,303.5,311.7,1584,32.7,143,0,0,0,0,0,0,8.199999999999989,5.423748691099477,4676.1
L,303.6,311.8,1222,66.8,148,1,0,1,0,0,0,8.199999999999989,8.547602094240837,9886.4
M,303.6,311.8,1432,42.5,150,0,0,0,0,0,0,8.199999999999989,6.372774869109947,6375.0
L,303.7,311.9,1561,33.3,153,0,0,0,0,0,0,8.199999999999989,5.4430680628272246,5094.9
L,303.6,311.8,1614,33.2,155,0,0,0,0,0,0,8.199999999999989,5.610973821989529,5146.0
L,303.5,311.7,1959,22.3,157,0,0,0,0,0,0,8.199999999999989,4.574418848167539,3501.1
L,303.5,311.8,1944,23.5,159,0,0,0,0,0,0,8.300000000000011,4.783664921465968,3736.5
L,303.4,311.7,1793,25.8,161,0,0,0,0,0,0,8.300000000000011,4.843916230366492,4153.8
M,303.4,311.6,1446,50.0,163,0,0,0,0,0,0,8.200000000000045,7.570680628272251,8150.0
L,303.4,311.7,1673,32.2,166,0,0,0,0,0,0,8.300000000000011,5.64090052356021,5345.200000000001
M,303.4,311.7,1515,44.2,168,0,0,0,0,0,0,8.300000000000011,7.011832460732984,7425.6
L,303.4,311.8,1564,35.9,171,0,0,0,0,0,0,8.400000000000034,5.879329842931937,6138.9
L,303.5,311.8,1451,45.2,173,0,0,0,0,0,0,8.300000000000011,6.8675602094240835,7819.6
H,303.4,311.8,1693,28.3,175,0,0,0,0,0,0,8.400000000000034,5.016952879581152,4952.5
L,303.4,311.7,1476,42.3,180,0,0,0,0,0,0,8.300000000000011,6.537675392670157,7613.999999999999
L,303.4,311.6,1712,30.1,182,0,0,0,0,0,0,8.200000000000045,5.39593717277487,5478.2
M,303.4,311.6,1425,45.4,184,0,0,0,0,0,0,8.200000000000045,6.77434554973822,8353.6
L,303.3,311.6,1337,56.8,187,1,0,1,0,0,0,8.300000000000011,7.951999999999999,10621.6
M,303.4,311.7,1690,34.9,189,0,0,0,0,0,0,8.300000000000011,6.176020942408377,6596.099999999999
M,303.4,311.7,1353,44.1,192,1,0,1,0,0,0,8.300000000000011,6.247884816753927,8467.2
L,303.5,311.8,1927,21.9,195,0,0,0,0,0,0,8.300000000000011,4.418984293193716,4270.5
M,303.4,311.8,1391,42.7,197,0,0,0,0,0,0,8.400000000000034,6.219445026178011,8411.900000000001
L,303.4,311.8,1366,50.9,200,1,0,1,0,0,0,8.400000000000034,7.280565445026177,10180.0
L,303.4,311.9,1771,31.6,202,0,0,0,0,0,0,8.5,5.860062827225131,6383.200000000001
M,303.4,311.8,1515,42.6,204,0,0,0,0,0,0,8.400000000000034,6.758010471204188,8690.4
M,303.4,311.8,2133,18.3,207,0,0,0,0,0,0,8.400000000000034,4.087319371727749,3788.1000000000004
M,303.4,311.8,1341,47.0,210,1,0,1,0,0,0,8.400000000000034,6.599685863874345,9870.0
L,303.4,311.7,1406,47.1,213,0,0,0,0,0,0,8.300000000000011,6.934303664921466,10032.300000000001
L,303.4,311.8,1306,61.0,215,1,0,1,0,1,0,8.400000000000034,8.341989528795812,13115.0
L,303.3,311.7,1508,35.5,217,0,0,0,0,0,0,8.399999999999977,5.60565445026178,7703.5
L,303.3,311.6,1301,45.1,219,1,0,1,0,0,0,8.300000000000011,6.143989528795811,9876.9
L,303.3,311.7,1539,38.5,221,0,0,0,0,0,0,8.399999999999977,6.20434554973822,8508.5
L,303.3,311.6,1484,44.6,223,0,0,0,0,0,0,8.300000000000011,6.930513089005236,9945.800000000001
L,303.2,311.5,1507,39.2,225,0,0,0,0,0,0,8.300000000000011,6.185801047120419,8820.0
L,303.2,311.5,1544,42.5,227,0,0,0,0,0,0,8.300000000000011,6.871204188481675,9647.5
L,303.2,311.5,1513,37.9,0,0,0,0,0,0,0,8.300000000000011,6.004471204188482,0.0
M,303.2,311.5,1336,58.2,2,1,0,1,0,0,0,8.300000000000011,8.141905759162304,116.4
M,303.2,311.4,2102,19.0,5,0,0,0,0,0,0,8.199999999999989,4.181989528795811,95.0
L,303.2,311.4,1351,53.8,8,1,0,1,0,0,0,8.199999999999989,7.610869109947644,430.4
L,303.3,311.5,1601,35.2,10,0,0,0,0,0,0,8.199999999999989,5.901068062827226,352.0
L,303.2,311.3,1393,52.9,12,0,0,0,0,0,0,8.100000000000023,7.716198952879581,634.8
L,303.3,311.3,1592,33.7,14,0,0,0,0,0,0,8.0,5.617842931937173,471.80000000000007
L,303.3,311.3,1409,51.8,16,0,0,0,0,0,0,8.0,7.6425340314136125,828.8
L,303.3,311.3,1393,47.4,18,0,0,0,0,0,0,8.0,6.913947643979057,853.1999999999999
H,303.2,311.2,1475,43.1,20,0,0,0,0,0,0,8.0,6.656806282722513,862.0
L,303.2,311.2,1427,45.6,25,0,0,0,0,0,0,8.0,6.8137382198952885,1140.0
L,303.3,311.2,1763,27.3,27,0,0,0,0,0,0,7.899999999999977,5.039780104712042,737.1
L,303.2,311.2,1363,46.7,29,1,0,1,0,0,0,8.0,6.665141361256545,1354.3000000000002
L,303.2,311.2,1404,50.9,31,0,0,0,0,0,0,8.0,7.48309947643979,1577.8999999999999
M,303.2,311.2,1688,31.9,33,0,0,0,0,0,0,8.0,5.638450261780104,1052.7
L,303.3,311.4,1510,37.3,36,0,0,0,0,0,0,8.099999999999966,5.897696335078534,1342.8
H,303.3,311.3,1502,39.5,38,0,0,0,0,0,0,8.0,6.212460732984293,1501.0
H,303.2,311.4,1607,36.6,43,0,0,0,0,0,0,8.199999999999989,6.15876439790576,1573.8
M,303.3,311.5,1384,54.8,48,0,0,0,0,0,0,8.199999999999989,7.941696335078534,2630.3999999999996
L,303.4,311.7,1295,51.3,51,1,0,1,0,0,0,8.300000000000011,6.956387434554974,2616.2999999999997
H,303.4,311.7,1991,19.0,53,0,0,0,0,0,0,8.300000000000011,3.961151832460733,1007.0
L,303.4,311.6,1497,42.8,58,0,0,0,0,0,0,8.200000000000045,6.709068062827225,2482.3999999999996
L,303.5,311.6,1465,48.7,60,0,0,0,0,0,0,8.100000000000023,7.4707329842931935,2922.0
L,303.5,311.6,1361,46.5,62,1,0,1,0,0,0,8.100000000000023,6.626858638743456,2883.0
L,303.6,311.7,1546,38.5,64,0,0,0,0,0,0,8.099999999999966,6.232565445026178,2464.0
H,303.7,311.9,1332,52.7,66,1,0,1,0,0,0,8.199999999999989,7.350408376963352,3478.2000000000003
M,303.7,312.0,2663,11.4,71,1,0,0,1,0,0,8.300000000000011,3.178869109947644,809.4
L,303.7,312.1,1443,45.9,74,0,0,0,0,0,0,8.400000000000034,6.935465968586387,3396.6
M,303.7,312.0,1402,48.6,76,0,0,0,0,0,0,8.300000000000011,7.134785340314136,3693.6
L,303.7,312.0,1892,22.5,79,0,0,0,0,0,0,8.300000000000011,4.457591623036649,1777.5
M,303.6,312.0,1645,35.7,81,0,0,0,0,0,0,8.399999999999977,6.149371727748692,2891.7000000000003
L,303.6,311.9,1473,50.1,84,0,0,0,0,0,0,8.299999999999955,7.727465968586388,4208.400000000001
L,303.6,312.0,1309,52.9,86,1,0,1,0,0,0,8.399999999999977,7.250900523560208,4549.4
H,303.6,311.9,1544,37.1,88,0,0,0,0,0,0,8.299999999999955,5.998157068062827,3264.8
L,303.5,311.9,1344,49.3,93,1,0,1,0,0,0,8.399999999999977,6.93813612565445,4584.9
M,303.6,311.9,1617,36.0,95,0,0,0,0,0,0,8.299999999999955,6.095497382198953,3420.0
M,303.6,312.0,1435,37.9,98,0,0,0,0,0,0,8.399999999999977,5.694921465968586,3714.2
L,303.6,312.0,1391,50.3,101,0,0,0,0,0,0,8.399999999999977,7.326418848167539,5080.299999999999
L,303.6,312.0,1827,23.3,103,0,0,0,0,0,0,8.399999999999977,4.4574973821989525,2399.9
L,303.5,312.0,1761,25.8,105,0,0,0,0,0,0,8.5,4.757465968586388,2709.0
L,303.5,312.1,1522,36.4,107,0,0,0,0,0,0,8.600000000000023,5.801130890052356,3894.7999999999997
M,303.5,312.2,1818,23.6,109,0,0,0,0,0,0,8.699999999999989,4.492649214659687,2572.4
H,303.6,312.2,1371,54.6,112,1,0,1,0,0,0,8.599999999999966,7.838387434554974,6115.2
L,303.7,312.3,1511,38.9,117,0,0,0,0,0,0,8.600000000000023,6.154753926701571,4551.3
L,303.7,312.4,1404,46.6,119,0,0,0,0,0,0,8.699999999999989,6.850931937172775,5545.400000000001
L,303.7,312.3,1384,45.9,121,0,0,0,0,0,0,8.600000000000023,6.651895287958115,5553.9
L,303.8,312.5,1368,52.6,123,0,0,0,0,0,0,8.699999999999989,7.534743455497383,6469.8
L,303.7,312.5,1641,36.0,125,0,0,0,0,0,0,8.800000000000011,6.1859685863874345,4500.0
L,303.9,312.6,1642,32.3,127,0,0,0,0,0,0,8.700000000000045,5.5535706806282725,4102.099999999999
H,303.9,312.7,1401,50.0,129,0,0,0,0,0,0,8.800000000000011,7.335078534031414,6450.0
L,303.8,312.6,1577,41.3,134,0,0,0,0,0,0,8.800000000000011,6.819905759162303,5534.2
L,303.7,312.6,1396,44.1,136,0,0,0,0,0,0,8.900000000000034,6.446450261780105,5997.6
H,303.7,312.6,1514,35.5,138,0,0,0,0,0,0,8.900000000000034,5.6279581151832465,4899.0
L,303.8,312.8,1646,35.8,143,0,0,0,0,0,0,9.0,6.17034554973822,5119.4
L,303.8,312.8,1443,40.7,145,0,0,0,0,0,0,9.0,6.149748691099477,5901.5
M,303.7,312.7,1469,48.5,147,0,0,0,0,0,0,9.0,7.460366492146597,7129.5
H,303.7,312.7,1564,40.2,150,0,0,0,0,0,0,9.0,6.583539267015707,6030.0
H,303.6,312.6,1498,40.2,155,0,0,0,0,0,0,9.0,6.305717277486911,6231.0
L,303.6,312.6,1699,27.9,160,0,0,0,0,0,0,9.0,4.963570680628272,4464.0
L,303.6,312.5,1431,49.0,162,0,0,0,0,0,0,8.899999999999977,7.342303664921466,7938.0
L,303.5,312.4,1390,47.3,164,0,0,0,0,0,0,8.899999999999977,6.884502617801047,7757.2
L,303.5,312.5,1380,46.1,166,0,0,0,0,0,0,9.0,6.661570680628272,7652.6
L,303.5,312.5,1457,46.4,168,0,0,0,0,0,0,9.0,7.07903664921466,7795.2
L,303.5,312.5,1418,42.2,170,0,0,0,0,0,0,9.0,6.265926701570681,7174.000000000001
M,303.5,312.5,1353,51.0,172,0,0,0,0,0,0,9.0,7.2254450261780105,8772.0
L,303.5,312.4,1574,32.7,175,0,0,0,0,0,0,8.899999999999977,5.389507853403142,5722.500000000001
M,303.5,312.4,1318,54.2,177,0,0,0,0,0,0,8.899999999999977,7.480167539267017,9593.4
L,303.6,312.5,1710,31.4,180,0,0,0,0,0,0,8.899999999999977,5.62240837696335,5652.0
L,303.7,312.6,1621,38.8,182,0,0,0,0,0,0,8.900000000000034,6.585842931937172,7061.599999999999
L,303.6,312.6,1606,33.6,184,0,0,0,0,0,0,9.0,5.650429319371728,6182.400000000001
H,303.6,312.5,1375,54.0,186,0,0,0,0,0,0,8.899999999999977,7.774869109947644,10044.0
L,303.5,312.4,1503,36.5,191,0,0,0,0,0,0,8.899999999999977,5.744450261780105,6971.5
L,303.5,312.3,1404,48.6,193,0,0,0,0,0,0,8.800000000000011,7.144963350785341,9379.800000000001
L,303.4,312.2,1656,32.7,195,0,0,0,0,0,0,8.800000000000011,5.67028272251309,6376.500000000001
M,303.4,312.1,1499,39.4,197,0,0,0,0,0,0,8.700000000000045,6.184356020942408,7761.799999999999
M,303.4,312.0,1748,28.4,200,0,0,0,0,0,0,8.600000000000023,5.198240837696335,5680.0
L,303.4,311.9,1531,37.9,203,0,0,0,0,0,0,8.5,6.075905759162304,7693.7
M,303.3,311.8,1536,40.6,205,0,0,0,0,0,0,8.5,6.530010471204189,8323.0
L,303.4,311.8,1401,53.0,208,1,0,0,0,1,0,8.400000000000034,7.775183246073299,11024.0
H,303.4,311.9,1534,33.2,210,0,0,0,0,0,0,8.5,5.332858638743456,6972.000000000001
L,303.4,312.0,1521,35.9,215,1,1,0,0,0,0,8.600000000000023,5.717685863874346,7718.5
L,303.5,312.1,1674,30.8,0,0,0,0,0,0,0,8.600000000000023,5.398869109947644,0.0
M,303.6,312.1,1967,20.9,2,0,0,0,0,0,0,8.5,4.304743455497381,41.8
L,303.6,312.2,1696,30.7,5,0,0,0,0,0,0,8.599999999999966,5.452062827225131,153.5
M,303.6,312.1,1627,32.5,7,0,0,0,0,0,0,8.5,5.536910994764398,227.5
L,303.5,311.9,1405,45.6,10,0,0,0,0,0,0,8.399999999999977,6.7086910994764395,456.0
L,303.5,311.9,1565,38.9,12,0,0,0,0,0,0,8.399999999999977,6.374712041884817,466.79999999999995
L,303.5,311.9,1493,38.7,14,0,0,0,0,0,0,8.399999999999977,6.050167539267016,541.8000000000001
L,303.4,311.8,1499,45.0,16,0,0,0,0,0,0,8.400000000000034,7.063350785340314,720.0
L,303.3,311.8,1692,30.6,18,0,0,0,0,0,0,8.5,5.421486910994765,550.8000000000001
L,303.4,311.8,2268,15.8,20,0,0,0,0,0,0,8.400000000000034,3.7522931937172777,316.0
L,303.4,311.8,1438,58.9,22,0,0,0,0,0,0,8.400000000000034,8.868921465968587,1295.8
L,303.5,311.9,1515,39.2,24,0,0,0,0,0,0,8.399999999999977,6.218638743455498,940.8000000000001
L,303.4,311.9,1491,38.2,26,0,0,0,0,0,0,8.5,5.964,993.2
L,303.5,312.0,1756,29.7,28,0,0,0,0,0,0,8.5,5.461068062827225,831.6
L,303.5,312.0,1366,54.5,30,1,0,1,0,0,0,8.5,7.795497382198953,1635.0
L,303.5,312.0,1436,45.1,32,0,0,0,0,0,0,8.5,6.781528795811518,1443.2
L,303.4,311.9,1377,41.6,34,1,0,1,0,0,0,8.5,5.998240837696335,1414.4
M,303.4,311.9,1510,42.2,36,0,0,0,0,0,0,8.5,6.672460732984294,1519.2
M,303.4,311.9,1419,50.9,39,0,0,0,0,0,0,8.5,7.563047120418847,1985.1
L,303.3,311.8,1315,62.0,42,1,0,1,0,0,0,8.5,8.53717277486911,2604.0
H,303.3,311.8,1806,27.7,44,0,0,0,0,0,0,8.5,5.238345549738219,1218.8
H,303.3,311.8,1649,29.4,49,0,0,0,0,0,0,8.5,5.076502617801047,1440.6
H,303.4,311.9,1402,50.0,54,0,0,0,0,0,0,8.5,7.340314136125654,2700.0
L,303.4,311.9,1298,63.9,59,1,0,1,0,0,0,8.5,8.685047120418847,3770.1
M,303.3,311.8,1441,44.9,61,0,0,0,0,0,0,8.5,6.774963350785341,2738.9
M,303.3,311.8,1489,49.4,64,0,0,0,0,0,0,8.5,7.7022617801047115,3161.6
L,303.3,311.8,1842,24.5,67,0,0,0,0,0,0,8.5,4.725549738219895,1641.5
M,303.4,311.8,1316,50.9,69,1,0,1,0,0,0,8.400000000000034,7.014073298429318,3512.1
M,303.3,311.8,1583,33.3,72,0,0,0,0,0,0,8.5,5.519780104712042,2397.6
M,303.3,311.8,1548,33.5,75,0,0,0,0,0,0,8.5,5.430157068062827,2512.5
L,303.4,311.9,1434,44.6,78,0,0,0,0,0,0,8.5,6.697005235602094,3478.8
H,303.5,312.0,1397,52.9,80,0,0,0,0,0,0,8.5,7.738356020942408,4232.0
M,303.5,312.0,1475,42.9,85,0,0,0,0,0,0,8.5,6.625916230366492,3646.5
L,303.5,312.0,1441,56.8,88,0,0,0,0,0,0,8.5,8.57055497382199,4998.4
L,303.7,312.1,1363,51.8,90,1,0,1,0,0,0,8.400000000000034,7.39302617801047,4662.0
L,303.7,312.2,1619,34.9,92,0,0,0,0,0,0,8.5,5.91655497382199,3210.7999999999997
L,303.7,312.2,1487,34.0,94,0,0,0,0,0,0,8.5,5.294031413612565,3196.0
L,303.7,312.2,1568,33.8,96,0,0,0,0,0,0,8.5,5.549570680628272,3244.7999999999997
L,303.7,312.3,1375,46.2,98,0,0,0,0,0,0,8.600000000000023,6.651832460732985,4527.6
M,303.6,312.3,1698,31.3,100,0,0,0,0,0,0,8.699999999999989,5.56517277486911,3130.0
L,303.7,312.3,1606,37.4,103,0,0,0,0,0,0,8.600000000000023,6.289465968586387,3852.2
L,303.7,312.3,1349,51.0,105,0,0,0,0,0,0,8.600000000000023,7.204083769633508,5355.0
L,303.7,312.4,1535,38.6,107,0,0,0,0,0,0,8.699999999999989,6.204293193717278,4130.2
M,303.6,312.4,1504,49.5,109,0,0,0,0,0,0,8.799999999999955,7.795602094240838,5395.5
L,303.5,312.3,1946,21.1,112,0,0,0,0,0,0,8.800000000000011,4.2995392670157075,2363.2000000000003
L,303.5,312.1,1326,55.7,114,0,0,0,0,0,0,8.600000000000023,7.733842931937173,6349.8
M,303.6,312.3,1915,22.3,116,0,0,0,0,0,0,8.699999999999989,4.471675392670157,2586.8
L,303.6,312.3,1451,43.4,119,0,0,0,0,0,0,8.699999999999989,6.594073298429319,5164.599999999999
M,303.5,312.3,1624,34.8,121,0,0,0,0,0,0,8.800000000000011,5.917821989528796,4210.799999999999
L,303.6,312.4,1781,28.7,124,0,0,0,0,0,0,8.799999999999955,5.352324607329843,3558.7999999999997
L,303.6,312.5,1345,54.1,126,0,0,0,0,0,0,8.899999999999977,7.619319371727749,6816.6
L,303.6,312.4,1418,46.0,128,0,0,0,0,0,0,8.799999999999955,6.830157068062827,5888.0
L,303.7,312.4,1718,26.5,130,0,0,0,0,0,0,8.699999999999989,4.767225130890052,3445.0
M,303.7,312.4,1631,28.5,132,0,0,0,0,0,0,8.699999999999989,4.867382198952879,3762.0
L,303.7,312.4,1513,40.1,135,0,0,0,0,0,0,8.699999999999989,6.353015706806283,5413.5
L,303.7,312.4,1316,59.3,137,0,0,0,0,0,0,8.699999999999989,8.171602094240837,8124.099999999999
M,303.7,312.4,1474,38.8,139,0,0,0,0,0,0,8.699999999999989,5.988607329842932,5393.2
L,303.8,312.5,1619,30.9,142,0,0,0,0,0,0,8.699999999999989,5.238439790575916,4387.8
L,303.7,312.4,1702,31.2,144,0,0,0,0,0,0,8.699999999999989,5.560460732984294,4492.8
M,303.7,312.4,1540,37.4,146,0,0,0,0,0,0,8.699999999999989,6.030994764397906,5460.4
M,303.7,312.4,1546,33.7,149,0,0,0,0,0,0,8.699999999999989,5.45551832460733,5021.3
L,303.7,312.4,1348,51.0,152,0,0,0,0,0,0,8.699999999999989,7.198743455497382,7752.0
H,303.7,312.5,1520,35.6,154,0,0,0,0,0,0,8.800000000000011,5.666178010471204,5482.400000000001
M,303.8,312.6,1527,41.9,159,0,0,0,0,0,0,8.800000000000011,6.699612565445026,6662.099999999999
M,303.8,312.6,1406,47.1,162,0,0,0,0,0,0,8.800000000000011,6.934303664921466,7630.2
L,303.7,312.5,1462,46.2,165,0,0,0,0,0,0,8.800000000000011,7.0727120418848175,7623.000000000001
M,303.8,312.6,1684,29.3,167,0,0,0,0,0,0,8.800000000000011,5.166617801047121,4893.1
H,303.8,312.5,1655,28.0,170,0,0,0,0,0,0,8.699999999999989,4.852356020942408,4760.0
H,303.8,312.5,1748,25.1,175,0,0,0,0,0,0,8.699999999999989,4.594219895287958,4392.5
L,303.8,312.5,1372,45.7,180,0,0,0,0,0,0,8.699999999999989,6.565486910994765,8226.0
L,303.7,312.5,1481,33.3,182,0,0,0,0,0,0,8.800000000000011,5.164115183246073,6060.599999999999
L,303.7,312.4,1512,39.2,184,0,0,0,0,0,0,8.699999999999989,6.206324607329843,7212.8
L,303.7,312.5,1632,36.6,186,0,0,0,0,0,0,8.800000000000011,6.254575916230367,6807.6
L,303.7,312.4,1525,43.9,188,0,0,0,0,0,0,8.699999999999989,7.01020942408377,8253.199999999999
M,303.7,312.3,1756,26.4,190,0,0,0,0,0,0,8.600000000000023,4.854282722513088,5016.0
L,303.7,312.3,1922,23.1,193,0,0,0,0,0,0,8.600000000000023,4.649026178010471,4458.3
M,303.8,312.5,1448,44.3,195,0,0,0,0,0,0,8.699999999999989,6.716900523560208,8638.5
H,303.8,312.5,1447,46.6,198,0,0,0,0,0,0,8.699999999999989,7.060753926701571,9226.800000000001
M,303.8,312.4,1597,33.4,203,0,0,0,0,0,0,8.599999999999966,5.585319371727748,6780.2
M,303.7,312.4,1642,32.3,206,0,0,0,0,0,0,8.699999999999989,5.5535706806282725,6653.799999999999
H,303.8,312.5,1525,38.0,209,0,0,0,0,0,0,8.699999999999989,6.0680628272251305,7942.0
H,303.6,312.4,1460,53.7,214,0,0,0,0,0,0,8.799999999999955,8.209633507853404,11491.800000000001
L,303.6,312.3,2168,17.7,219,0,0,0,0,0,0,8.699999999999989,4.018178010471204,3876.2999999999997
L,303.6,312.4,1388,41.9,221,0,0,0,0,0,0,8.799999999999955,6.089759162303665,9259.9
M,303.6,312.3,1630,32.4,223,0,0,0,0,0,0,8.699999999999989,5.530052356020942,7225.2
L,303.6,312.3,1616,29.3,226,0,0,0,0,0,0,8.699999999999989,4.957989528795812,6621.8
L,303.6,312.4,2232,16.8,0,0,0,0,0,0,0,8.799999999999955,3.9264502617801047,0.0
H,303.6,312.4,1480,50.7,2,0,0,0,0,0,0,8.799999999999955,7.85717277486911,101.4
L,303.6,312.4,1363,53.1,7,0,0,0,0,0,0,8.799999999999955,7.578565445026178,371.7
H,303.6,312.4,1436,45.6,9,0,0,0,0,0,0,8.799999999999955,6.856712041884816,410.40000000000003
M,303.6,312.5,1607,33.7,14,0,0,0,0,0,0,8.899999999999977,5.670774869109948,471.80000000000007
M,303.6,312.5,1459,48.2,17,0,0,0,0,0,0,8.899999999999977,7.3637486910994765,819.4000000000001
L,303.5,312.4,1481,43.7,20,0,0,0,0,0,0,8.899999999999977,6.776931937172775,874.0
M,303.5,312.4,1606,31.7,22,0,0,0,0,0,0,8.899999999999977,5.330910994764397,697.4
L,303.5,312.3,1681,29.8,25,0,0,0,0,0,0,8.800000000000011,5.245424083769634,745.0
L,303.5,312.2,1511,37.1,27,0,0,0,0,0,0,8.699999999999989,5.869958115183246,1001.7
M,303.5,312.3,1593,35.2,29,0,0,0,0,0,0,8.800000000000011,5.871581151832461,1020.8000000000001
M,303.5,312.3,1532,41.7,32,0,0,0,0,0,0,8.800000000000011,6.689465968586387,1334.4
H,303.5,312.3,1386,49.0,35,0,0,0,0,0,0,8.800000000000011,7.111413612565445,1715.0
H,303.4,312.3,1769,27.9,40,0,0,0,0,0,0,8.900000000000034,5.168073298429319,1116.0
M,303.4,312.2,1561,38.2,45,0,0,0,0,0,0,8.800000000000011,6.244000000000001,1719.0000000000002
L,303.3,312.2,1457,40.7,48,0,0,0,0,0,0,8.899999999999977,6.209413612565445,1953.6000000000001
L,303.3,312.2,1506,40.0,50,0,0,0,0,0,0,8.899999999999977,6.307853403141361,2000.0
L,303.4,312.2,1337,69.4,52,1,0,0,1,0,0,8.800000000000011,9.716000000000001,3608.8
L,303.4,312.3,1287,54.8,54,0,0,0,0,0,0,8.900000000000034,7.385089005235601,2959.2
M,303.4,312.2,1615,35.7,56,0,0,0,0,0,0,8.800000000000011,6.037225130890053,1999.2000000000003
M,303.4,312.2,1972,23.5,59,0,0,0,0,0,0,8.800000000000011,4.852565445026178,1386.5
H,303.4,312.3,1522,42.1,62,0,0,0,0,0,0,8.900000000000034,6.709549738219896,2610.2000000000003
L,303.4,312.3,1680,30.6,67,0,0,0,0,0,0,8.900000000000034,5.3830366492146595,2050.2000000000003
L,303.4,312.3,1502,36.0,69,0,0,0,0,0,0,8.900000000000034,5.661989528795812,2484.0
M,303.5,312.3,1543,33.3,71,0,0,0,0,0,0,8.800000000000011,5.380303664921465,2364.2999999999997
L,303.5,312.3,1584,35.2,74,0,0,0,0,0,0,8.800000000000011,5.8384083769633515,2604.8
L,303.5,312.4,1340,44.5,76,0,0,0,0,0,0,8.899999999999977,6.243979057591623,3382.0
L,303.4,312.3,1663,33.9,78,0,0,0,0,0,0,8.900000000000034,5.9032146596858635,2644.2
M,303.3,312.1,1693,30.0,80,0,0,0,0,0,0,8.800000000000011,5.318324607329843,2400.0
L,303.3,312.1,1418,44.7,83,0,0,0,0,0,0,8.800000000000011,6.637130890052356,3710.1000000000004
H,303.4,312.2,1554,36.8,85,0,0,0,0,0,0,8.800000000000011,5.988188481675392,3127.9999999999995
L,303.4,312.2,1580,35.8,90,0,0,0,0,0,0,8.800000000000011,5.922931937172774,3221.9999999999995
L,303.4,312.3,1479,42.8,92,0,0,0,0,0,0,8.900000000000034,6.628397905759162,3937.6
L,303.5,312.4,1284,70.6,94,1,0,0,1,0,0,8.899999999999977,9.492188481675392,6636.4
L,303.4,312.3,1540,38.7,96,0,0,0,0,0,0,8.900000000000034,6.24062827225131,3715.2000000000003
M,303.5,312.4,1606,30.1,98,0,0,0,0,0,0,8.899999999999977,5.061842931937173,2949.8
L,303.6,312.5,1286,62.4,101,0,0,0,0,0,0,8.899999999999977,8.40276439790576,6302.4
L,303.6,312.6,1502,39.5,103,0,0,0,0,0,0,9.0,6.212460732984293,4068.5
M,303.6,312.7,1699,31.5,105,0,0,0,0,0,0,9.099999999999966,5.6040314136125655,3307.5
L,303.5,312.6,1602,34.2,108,0,0,0,0,0,0,9.100000000000023,5.737005235602094,3693.6000000000004
H,303.6,312.6,1436,42.0,110,0,0,0,0,0,0,9.0,6.315392670157068,4620.0
M,303.6,312.7,1765,27.5,115,0,0,0,0,0,0,9.099999999999966,5.082460732984293,3162.5
L,303.6,312.7,1418,44.1,118,0,0,0,0,0,0,9.099999999999966,6.5480418848167545,5203.8
M,303.7,312.7,1669,31.7,120,0,0,0,0,0,0,9.0,5.540031413612565,3804.0
L,303.7,312.7,1395,53.9,123,0,0,0,0,0,0,9.0,7.873350785340314,6629.7
M,303.8,312.7,1500,41.7,125,0,0,0,0,0,0,8.899999999999977,6.549738219895289,5212.5
M,303.8,312.7,1555,33.4,128,0,0,0,0,0,0,8.899999999999977,5.4384293193717275,4275.2
M,303.8,312.7,1919,20.2,131,0,0,0,0,0,0,8.899999999999977,4.059036649214659,2646.2
L,303.8,312.7,1596,36.6,134,0,0,0,0,0,0,8.899999999999977,6.116607329842933,4904.400000000001
M,303.8,312.7,1374,53.6,136,0,0,0,0,0,0,8.899999999999977,7.711664921465969,7289.6
L,303.7,312.5,1670,26.1,139,0,0,0,0,0,0,8.800000000000011,4.564083769633508,3627.9
L,303.7,312.6,1702,29.1,141,0,0,0,0,0,0,8.900000000000034,5.1861989528795815,4103.1
M,303.8,312.5,1366,45.1,143,0,0,0,0,0,0,8.699999999999989,6.450952879581152,6449.3
M,303.8,312.5,2344,15.2,146,0,0,0,0,0,0,8.699999999999989,3.7307643979057588,2219.2
M,303.8,312.6,1768,23.9,149,0,0,0,0,0,0,8.800000000000011,4.424628272251309,3561.1
L,303.8,312.5,1523,47.0,152,0,0,0,0,0,0,8.699999999999989,7.495392670157068,7144.0
L,303.8,312.6,1735,25.9,154,0,0,0,0,0,0,8.800000000000011,4.705392670157068,3988.6
L,303.9,312.7,1339,62.3,156,0,0,0,0,0,0,8.800000000000011,8.735047120418848,9718.8
L,303.9,312.7,1800,24.3,158,0,0,0,0,0,0,8.800000000000011,4.5801047120418845,3839.4
M,304.0,312.7,1456,51.2,160,0,0,0,0,0,0,8.699999999999989,7.805989528795811,8192.0
L,303.9,312.7,1789,24.4,163,0,0,0,0,0,0,8.800000000000011,4.570848167539267,3977.2
L,303.9,312.7,1602,33.9,165,0,0,0,0,0,0,8.800000000000011,5.686680628272251,5593.5
M,303.8,312.7,1364,49.3,167,0,0,0,0,0,0,8.899999999999977,7.0413821989528795,8233.1
L,303.8,312.6,1793,28.1,170,0,0,0,0,0,0,8.800000000000011,5.275738219895288,4777.0
L,303.9,312.6,1426,53.4,172,0,0,0,0,0,0,8.700000000000045,7.97365445026178,9184.8
M,303.9,312.7,1485,43.3,174,0,0,0,0,0,0,8.800000000000011,6.733036649214659,7534.2
L,303.9,312.7,1528,38.4,177,0,0,0,0,0,0,8.800000000000011,6.144,6796.8
L,303.8,312.6,1565,36.0,179,0,0,0,0,0,0,8.800000000000011,5.899476439790576,6444.0
L,303.8,312.7,1838,27.8,181,0,0,0,0,0,0,8.899999999999977,5.350408376963351,5031.8
H,303.8,312.6,1811,24.9,183,0,0,0,0,0,0,8.800000000000011,4.721874345549738,4556.7
L,303.8,312.7,1461,38.2,188,0,0,0,0,0,0,8.899999999999977,5.844,7181.6
L,303.8,312.7,1414,41.7,190,0,0,0,0,0,0,8.899999999999977,6.174219895287958,7923.000000000001
L,303.7,312.7,1426,45.5,192,0,0,0,0,0,0,9.0,6.794031413612565,8736.0
L,303.7,312.7,1359,56.8,194,1,0,0,0,1,0,9.0,8.082848167539266,11019.199999999999
L,303.7,312.7,1540,44.8,196,0,0,0,0,0,0,9.0,7.224293193717277,8780.8
L,303.6,312.7,1429,47.7,198,0,0,0,0,0,0,9.099999999999966,7.13751832460733,9444.6
M,303.7,312.7,1612,36.3,200,0,0,0,0,0,0,9.0,6.127287958115183,7259.999999999999
M,303.7,312.8,1685,31.8,203,0,0,0,0,0,0,9.100000000000023,5.610785340314136,6455.400000000001
M,303.7,312.8,1558,37.7,206,0,0,0,0,0,0,9.100000000000023,6.150429319371728,7766.200000000001
L,303.7,313.0,1811,24.3,209,0,0,0,0,0,0,9.300000000000011,4.608094240837697,5078.7
L,303.8,313.1,1869,25.8,211,0,0,0,0,0,0,9.300000000000011,5.0492356020942415,5443.8
L,303.8,313.1,1256,58.7,213,1,0,0,0,1,0,9.300000000000011,7.720125654450261,12503.1
M,303.8,313.0,1789,23.5,215,0,0,0,0,0,0,9.199999999999989,4.4022513089005235,5052.5
L,303.7,312.9,1502,40.5,0,0,0,0,0,0,0,9.199999999999989,6.369738219895288,0.0
M,303.7,313.0,1303,54.4,2,0,0,0,0,0,0,9.300000000000011,7.422324607329843,108.8
L,303.8,313.1,2497,13.0,5,1,0,0,1,0,0,9.300000000000011,3.399057591623037,65.0
L,303.9,313.2,1499,37.4,7,0,0,0,0,0,0,9.300000000000011,5.870429319371728,261.8
L,303.9,313.2,1393,46.5,9,0,0,0,0,0,0,9.300000000000011,6.782670157068063,418.5
M,303.9,313.0,1475,41.0,11,0,0,0,0,0,0,9.100000000000023,6.332460732984293,451.0
L,303.8,312.9,1573,34.6,14,0,0,0,0,0,0,9.099999999999966,5.69903664921466,484.40000000000003
L,303.8,312.9,1819,23.7,16,0,0,0,0,0,0,9.099999999999966,4.5141675392670155,379.2
M,303.5,312.6,1642,29.4,18,0,0,0,0,0,0,9.100000000000023,5.054952879581151,529.1999999999999
L,303.6,312.6,1540,39.8,21,0,0,0,0,0,0,9.0,6.418010471204187,835.8
M,303.6,312.8,1400,43.2,23,0,0,0,0,0,0,9.199999999999989,6.332984293193718,993.6
M,303.6,312.8,2659,11.4,26,1,0,0,1,0,0,9.199999999999989,3.1740942408376966,296.40000000000003
M,303.6,312.8,1825,25.2,29,0,0,0,0,0,0,9.199999999999989,4.815706806282723,730.8
M,303.7,312.9,1532,41.3,32,0,0,0,0,0,0,9.199999999999989,6.625298429319372,1321.6
L,303.7,312.8,1832,23.6,35,0,0,0,0,0,0,9.100000000000023,4.527246073298429,826.0
M,303.6,312.7,2174,17.6,37,0,0,0,0,0,0,9.099999999999966,4.006534031413612,651.2
L,303.7,312.8,1627,31.7,40,0,0,0,0,0,0,9.100000000000023,5.400617801047121,1268.0
L,303.7,312.8,1437,51.3,42,0,0,0,0,0,0,9.100000000000023,7.719172774869109,2154.6
L,303.7,312.8,1364,46.3,44,0,0,0,0,0,0,9.100000000000023,6.612900523560209,2037.1999999999998
M,303.7,312.9,1444,52.7,46,0,0,0,0,0,0,9.199999999999989,7.968460732984293,2424.2000000000003
M,303.7,312.8,1366,47.3,49,0,0,0,0,0,0,9.100000000000023,6.765633507853403,2317.7
L,303.8,312.9,1442,48.3,52,0,0,0,0,0,0,9.099999999999966,7.293047120418847,2511.6
H,303.7,312.8,1488,42.8,54,0,0,0,0,0,0,9.100000000000023,6.668732984293193,2311.2
L,303.7,312.8,1523,40.7,59,0,0,0,0,0,0,9.100000000000023,6.49069109947644,2401.3
L,303.7,312.8,1543,38.3,61,0,0,0,0,0,0,9.100000000000023,6.188157068062827,2336.2999999999997
M,303.7,312.8,1634,33.8,63,0,0,0,0,0,0,9.100000000000023,5.783162303664922,2129.3999999999996
M,303.8,312.9,1815,27.8,66,0,0,0,0,0,0,9.099999999999966,5.2834554973821986,1834.8
M,303.8,312.9,1594,35.2,69,0,0,0,0,0,0,9.099999999999966,5.8752670157068065,2428.8
L,303.8,313.0,1452,38.6,72,0,0,0,0,0,0,9.199999999999989,5.868816753926702,2779.2000000000003
L,303.9,313.0,1759,28.4,74,0,0,0,0,0,0,9.100000000000023,5.230952879581151,2101.6
L,303.9,313.0,1408,47.5,76,0,0,0,0,0,0,9.100000000000023,7.003141361256544,3610.0
L,303.9,313.0,1483,45.0,78,0,0,0,0,0,0,9.100000000000023,6.987958115183246,3510.0
M,303.9,313.0,1620,36.6,80,0,0,0,0,0,0,9.100000000000023,6.208586387434555,2928.0
M,304.0,313.1,1466,39.5,83,0,0,0,0,0,0,9.100000000000023,6.063560209424084,3278.5
L,304.1,313.1,1556,36.3,86,0,0,0,0,0,0,9.0,5.9144293193717274,3121.7999999999997
L,304.0,313.0,1350,61.1,88,0,0,0,0,0,0,9.0,8.63717277486911,5376.8
L,304.0,313.1,1404,47.1,90,0,0,0,0,0,0,9.100000000000023,6.924439790575917,4239.0
M,304.0,313.0,1575,34.5,92,0,0,0,0,0,0,9.0,5.689790575916231,3174.0
L,303.9,313.1,1639,29.0,95,0,0,0,0,0,0,9.200000000000045,4.977068062827225,2755.0
M,303.9,313.1,1473,42.8,97,0,0,0,0,0,0,9.200000000000045,6.601507853403141,4151.599999999999
L,303.9,313.2,1481,40.0,100,0,0,0,0,0,0,9.300000000000011,6.203141361256544,4000.0
L,304.0,313.3,1294,54.6,102,0,0,0,0,0,0,9.300000000000011,7.398157068062829,5569.2
M,303.9,313.2,1630,29.3,104,0,0,0,0,0,0,9.300000000000011,5.000942408376964,3047.2000000000003
M,303.9,313.2,1624,39.8,107,0,0,0,0,0,0,9.300000000000011,6.768083769633508,4258.599999999999
M,303.9,313.1,1437,48.3,110,0,0,0,0,0,0,9.200000000000045,7.267759162303664,5313.0
M,303.8,313.0,1514,45.0,113,0,0,0,0,0,0,9.199999999999989,7.134031413612566,5085.0
M,304.0,313.1,1694,31.4,116,0,0,0,0,0,0,9.100000000000023,5.569801047120419,3642.3999999999996
L,304.0,313.1,1564,50.9,119,0,0,0,0,0,0,9.100000000000023,8.335874345549737,6057.099999999999
M,303.9,313.1,1514,41.1,121,0,0,0,0,0,0,9.200000000000045,6.515748691099477,4973.1
M,304.0,313.2,1500,40.6,124,0,0,0,0,0,0,9.199999999999989,6.37696335078534,5034.400000000001
L,304.0,313.2,1615,37.8,127,0,0,0,0,0,0,9.199999999999989,6.392356020942407,4800.599999999999
M,304.1,313.2,1586,41.1,129,0,0,0,0,0,0,9.099999999999966,6.825612565445026,5301.900000000001
L,304.1,313.3,1732,28.5,132,0,0,0,0,0,0,9.199999999999989,5.168795811518325,3762.0
H,304.1,313.3,1689,32.5,134,0,0,0,0,0,0,9.199999999999989,5.747905759162304,4355.0
H,304.1,313.2,1586,34.6,139,0,0,0,0,0,0,9.099999999999966,5.746136125654451,4809.400000000001
L,304.0,313.2,1314,47.1,144,0,0,0,0,0,0,9.199999999999989,6.480565445026178,6782.400000000001
L,304.1,313.2,1569,35.8,146,0,0,0,0,0,0,9.099999999999966,5.881696335078534,5226.799999999999
L,304.1,313.2,1468,39.4,148,0,0,0,0,0,0,9.099999999999966,6.056460732984293,5831.2
L,304.1,313.2,1412,47.5,150,0,0,0,0,0,0,9.099999999999966,7.02303664921466,7125.0
M,304.1,313.2,1510,46.9,152,0,0,0,0,0,0,9.099999999999966,7.415602094240838,7128.8
M,304.1,313.2,1410,42.4,155,0,0,0,0,0,0,9.099999999999966,6.260104712041885,6572.0
M,304.1,313.3,1680,29.3,158,0,0,0,0,0,0,9.199999999999989,5.15434554973822,4629.400000000001
H,304.0,313.2,1271,68.6,161,1,0,0,1,0,0,9.199999999999989,9.129905759162304,11044.599999999999
H,304.0,313.1,1472,45.5,166,0,0,0,0,0,0,9.100000000000023,7.0131937172774865,7553.0
H,304.0,313.0,1701,30.4,171,0,0,0,0,0,0,9.0,5.414701570680628,5198.4
L,303.9,313.0,1480,39.9,176,0,0,0,0,0,0,9.100000000000023,6.183455497382199,7022.4
L,303.9,313.0,1433,48.4,178,0,0,0,0,0,0,9.100000000000023,7.262534031413613,8615.199999999999
L,303.8,312.9,1514,34.3,180,0,0,0,0,0,0,9.099999999999966,5.437717277486911,6173.999999999999
L,303.8,312.9,1619,35.7,182,0,0,0,0,0,0,9.099999999999966,6.052178010471205,6497.400000000001
H,303.8,312.9,1378,45.6,184,0,0,0,0,0,0,9.099999999999966,6.579769633507854,8390.4
M,303.9,312.9,1430,53.5,189,0,0,0,0,0,0,9.0,8.010994764397905,10111.5
L,303.8,312.9,1367,49.9,192,0,0,0,0,0,0,9.099999999999966,7.142753926701571,9580.8
L,303.9,312.9,1526,42.5,194,0,0,0,0,0,0,9.0,6.791099476439791,8245.0
L,303.9,312.8,1419,47.9,196,0,0,0,0,0,0,8.900000000000034,7.117287958115182,9388.4
L,304.0,312.8,1542,42.7,198,0,0,0,0,0,0,8.800000000000011,6.894596858638744,8454.6
L,304.0,312.9,1363,62.5,200,1,0,0,0,1,0,8.899999999999977,8.920157068062828,12500.0
L,304.0,312.9,1313,53.9,202,0,0,0,0,0,0,8.899999999999977,7.4105445026178005,10887.8
H,304.0,312.9,1495,46.6,0,0,0,0,0,0,0,8.899999999999977,7.294973821989529,0.0
L,304.0,313.0,1407,42.1,5,0,0,0,0,0,0,9.0,6.202586387434556,210.5
L,304.1,313.0,1566,37.2,7,0,0,0,0,0,0,8.899999999999977,6.100020942408378,260.40000000000003
L,304.1,313.1,1550,30.9,9,0,0,0,0,0,0,9.0,5.015183246073298,278.09999999999997
M,304.2,313.2,1396,50.5,11,0,0,0,0,0,0,9.0,7.3819895287958115,555.5
M,304.3,313.3,1540,39.0,14,0,0,0,0,0,0,9.0,6.289005235602095,546.0
M,304.2,313.2,1380,48.7,17,0,0,0,0,0,0,9.0,7.037277486910995,827.9000000000001
M,304.2,313.1,1608,31.1,20,0,0,0,0,0,0,8.900000000000034,5.236523560209425,622.0
H,304.2,313.0,1442,40.9,23,0,0,0,0,0,0,8.800000000000011,6.175685863874345,940.6999999999999
L,304.1,313.0,1408,45.3,28,0,0,0,0,0,0,8.899999999999977,6.6787853403141355,1268.3999999999999
M,304.0,313.0,1454,46.8,30,0,0,0,0,0,0,9.0,7.125361256544502,1404.0
L,304.1,313.1,1666,34.6,33,0,0,0,0,0,0,9.0,6.035979057591623,1141.8
L,304.1,313.2,1366,46.6,35,0,0,0,0,0,0,9.099999999999966,6.665507853403141,1631.0
L,304.2,313.2,1464,44.9,37,0,0,0,0,0,0,9.0,6.8830994764397895,1661.3
L,304.3,313.3,1775,24.9,39,0,0,0,0,0,0,9.0,4.628010471204188,971.0999999999999
M,304.3,313.4,1482,43.8,41,0,0,0,0,0,0,9.099999999999966,6.797026178010471,1795.8
M,304.2,313.4,1411,54.8,44,0,0,0,0,0,0,9.199999999999989,8.096628272251309,2411.2
L,304.2,313.3,1410,51.6,47,0,0,0,0,0,0,9.100000000000023,7.618429319371728,2425.2000000000003
M,304.1,313.3,1494,39.0,49,0,0,0,0,0,0,9.199999999999989,6.101151832460733,1911.0
H,304.1,313.2,1590,43.4,52,0,0,0,0,0,0,9.099999999999966,7.225759162303665,2256.7999999999997
L,304.1,313.1,1327,54.1,57,0,0,0,0,0,0,9.0,7.517350785340314,3083.7000000000003
L,304.1,313.1,1969,20.8,59,0,0,0,0,0,0,9.0,4.288502617801048,1227.2
M,304.0,313.0,1377,56.0,61,0,0,0,0,0,0,9.0,8.07455497382199,3416.0
L,304.0,313.0,1541,45.9,64,0,0,0,0,0,0,9.0,7.406481675392669,2937.6
M,304.0,313.0,1685,28.2,66,0,0,0,0,0,0,9.0,4.975602094240838,1861.2
L,304.0,313.1,1465,41.0,69,0,0,0,0,0,0,9.100000000000023,6.289528795811519,2829.0
M,303.9,313.1,1483,47.2,71,0,0,0,0,0,0,9.200000000000045,7.32959162303665,3351.2000000000003
M,303.9,313.2,1570,40.7,74,0,0,0,0,0,0,9.300000000000011,6.690994764397907,3011.8
L,303.9,313.2,1345,48.2,77,0,0,0,0,0,0,9.300000000000011,6.788376963350786,3711.4
M,303.9,313.2,1608,40.6,79,0,0,0,0,0,0,9.300000000000011,6.836104712041885,3207.4
M,304.0,313.3,1415,52.8,82,0,0,0,0,0,0,9.300000000000011,7.82324607329843,4329.599999999999
M,304.1,313.5,1470,45.8,85,0,0,0,0,0,0,9.399999999999977,7.049842931937173,3892.9999999999995
M,304.1,313.5,1428,39.9,88,0,0,0,0,0,0,9.399999999999977,5.966198952879581,3511.2
H,304.2,313.5,1627,32.2,91,0,0,0,0,0,0,9.300000000000011,5.485801047120419,2930.2000000000003
L,304.2,313.4,1457,49.4,96,0,0,0,0,0,0,9.199999999999989,7.536732984293194,4742.4
L,304.2,313.4,1475,40.2,98,0,0,0,0,0,0,9.199999999999989,6.20890052356021,3939.6000000000004
L,304.2,313.5,1438,50.1,100,0,0,0,0,0,0,9.300000000000011,7.5438534031413615,5010.0
M,304.2,313.5,1437,47.2,102,0,0,0,0,0,0,9.300000000000011,7.102240837696336,4814.400000000001
M,304.1,313.4,1518,42.4,105,0,0,0,0,0,0,9.299999999999955,6.739602094240837,4452.0
M,304.1,313.5,1587,33.6,108,0,0,0,0,0,0,9.399999999999977,5.583581151832461,3628.8
L,304.1,313.4,1399,43.7,111,0,0,0,0,0,0,9.299999999999955,6.401706806282723,4850.700000000001
L,304.1,313.5,1469,44.6,113,0,0,0,0,0,0,9.399999999999977,6.8604607329842935,5039.8
L,304.1,313.4,1374,56.6,115,0,0,0,0,0,0,9.299999999999955,8.143287958115184,6509.0
L,304.0,313.3,1519,36.7,117,0,0,0,0,0,0,9.300000000000011,5.837413612565445,4293.900000000001
L,303.9,313.2,1540,44.4,119,0,0,0,0,0,0,9.300000000000011,7.15979057591623,5283.599999999999
L,303.9,313.3,1394,51.6,121,0,0,0,0,0,0,9.400000000000034,7.531979057591624,6243.6
M,304.0,313.4,1389,45.8,123,0,0,0,0,0,0,9.399999999999977,6.66138219895288,5633.4
M,304.0,313.5,1732,26.2,126,0,0,0,0,0,0,9.5,4.751664921465968,3301.2
L,304.1,313.6,1556,37.4,129,0,0,0,0,0,0,9.5,6.09365445026178,4824.599999999999
M,304.1,313.6,1441,43.7,131,0,0,0,0,0,0,9.5,6.593895287958116,5724.700000000001
L,304.1,313.6,1382,46.7,134,0,0,0,0,0,0,9.5,6.758052356020943,6257.8
M,304.2,313.8,1481,44.9,136,0,0,0,0,0,0,9.600000000000023,6.9630261780104705,6106.4
M,304.2,313.7,2113,18.4,139,0,0,0,0,0,0,9.5,4.071120418848167,2557.6
L,304.2,313.8,1401,53.9,142,0,0,0,0,0,0,9.600000000000023,7.907214659685863,7653.8
L,304.1,313.6,1611,31.4,144,0,0,0,0,0,0,9.5,5.2969005235602085,4521.599999999999
M,304.2,313.6,1512,33.4,146,0,0,0,0,0,0,9.400000000000034,5.288041884816754,4876.4
L,304.2,313.6,1411,46.0,149,0,0,0,0,0,0,9.400000000000034,6.796439790575916,6854.0
M,304.2,313.6,1424,43.7,151,0,0,0,0,0,0,9.400000000000034,6.516104712041885,6598.700000000001
L,304.2,313.6,1469,40.0,154,0,0,0,0,0,0,9.400000000000034,6.152879581151833,6160.0
H,304.2,313.5,1684,29.8,156,0,0,0,0,0,0,9.300000000000011,5.254785340314137,4648.8
M,304.2,313.5,1532,41.3,161,0,0,0,0,0,0,9.300000000000011,6.625298429319372,6649.299999999999
M,304.2,313.5,1557,37.3,164,0,0,0,0,0,0,9.300000000000011,6.081267015706806,6117.2
M,304.3,313.5,1416,48.1,167,0,0,0,0,0,0,9.199999999999989,7.131895287958116,8032.7
L,304.3,313.5,1802,25.4,170,0,0,0,0,0,0,9.199999999999989,4.79275392670157,4318.0
M,304.3,313.5,2245,15.1,172,0,0,0,0,0,0,9.199999999999989,3.5496858638743456,2597.2
L,304.2,313.4,1434,42.5,175,0,0,0,0,0,0,9.199999999999989,6.381675392670157,7437.5
M,304.1,313.3,1725,28.3,177,0,0,0,0,0,0,9.199999999999989,5.111780104712042,5009.1
L,304.2,313.3,1668,35.7,180,0,0,0,0,0,0,9.100000000000023,6.235350785340315,6426.000000000001
L,304.1,313.3,1452,43.9,182,0,0,0,0,0,0,9.199999999999989,6.674638743455497,7989.8
L,304.1,313.3,1415,50.0,184,0,0,0,0,0,0,9.199999999999989,7.408376963350785,9200.0
L,304.1,313.2,1824,25.8,186,0,0,0,0,0,0,9.099999999999966,4.927664921465969,4798.8
L,304.1,313.3,1438,45.5,188,0,0,0,0,0,0,9.199999999999989,6.851204188481676,8554.0
L,304.1,313.3,1883,24.5,190,0,0,0,0,0,0,9.199999999999989,4.830732984293194,4655.0
L,304.2,313.4,1735,28.9,192,0,0,0,0,0,0,9.199999999999989,5.25041884816754,5548.799999999999
L,304.3,313.5,1464,36.7,194,0,0,0,0,0,0,9.199999999999989,5.626052356020943,7119.8
M,304.3,313.6,1489,40.3,196,0,0,0,0,0,0,9.300000000000011,6.283424083769633,7898.799999999999
M,304.4,313.6,1510,38.9,199,0,0,0,0,0,0,9.200000000000045,6.1506806282722515,7741.099999999999
M,304.3,313.6,1585,32.1,202,0,0,0,0,0,0,9.300000000000011,5.327591623036649,6484.200000000001
L,304.4,313.7,1509,35.0,205,1,1,0,0,0,0,9.300000000000011,5.530366492146597,7175.0
L,304.4,313.6,1568,39.1,0,0,0,0,0,0,0,9.200000000000045,6.419769633507854,0.0
M,304.3,313.5,1525,42.0,2,0,0,0,0,0,0,9.199999999999989,6.706806282722513,84.0
L,304.4,313.7,1607,33.5,5,0,0,0,0,0,0,9.300000000000011,5.637120418848167,167.5
L,304.5,313.7,1670,32.9,7,0,0,0,0,0,0,9.199999999999989,5.753193717277487,230.29999999999998
L,304.4,313.6,1585,38.9,9,0,0,0,0,0,0,9.200000000000045,6.456178010471204,350.09999999999997
L,304.4,313.6,1569,38.4,11,0,0,0,0,0,0,9.200000000000045,6.308858638743455,422.4
L,304.4,313.6,1507,43.1,13,0,0,0,0,0,0,9.200000000000045,6.801225130890053,560.3000000000001
L,304.3,313.5,1452,41.5,15,0,0,0,0,0,0,9.199999999999989,6.309738219895288,622.5
L,304.3,313.5,1590,29.8,17,0,0,0,0,0,0,9.199999999999989,4.9614659685863876,506.6
L,304.3,313.6,1409,56.0,19,0,0,0,0,0,0,9.300000000000011,8.262198952879581,1064.0
L,304.3,313.5,2643,12.7,21,0,0,0,0,0,0,9.199999999999989,3.5147748691099476,266.7
L,304.2,313.4,1644,31.7,23,0,0,0,0,0,0,9.199999999999989,5.4570471204188475,729.1
L,304.2,313.4,1568,37.6,25,0,0,0,0,0,0,9.199999999999989,6.1734869109947645,940.0
H,304.2,313.3,1625,37.3,27,0,0,0,0,0,0,9.100000000000023,6.346858638743455,1007.0999999999999
L,304.2,313.4,1482,41.4,32,0,0,0,0,0,0,9.199999999999989,6.424586387434554,1324.8
H,304.1,313.3,1397,49.6,34,0,0,0,0,0,0,9.199999999999989,7.255623036649214,1686.4
L,304.1,313.3,1459,50.3,39,0,0,0,0,0,0,9.199999999999989,7.684575916230366,1961.6999999999998
L,304.2,313.4,1490,44.0,41,0,0,0,0,0,0,9.199999999999989,6.864921465968586,1804.0
L,304.1,313.2,1434,50.1,43,0,0,0,0,0,0,9.099999999999966,7.522869109947645,2154.3
M,304.1,313.2,2028,18.9,45,0,0,0,0,0,0,9.099999999999966,4.013528795811518,850.4999999999999
L,304.2,313.3,1464,45.9,48,0,0,0,0,0,0,9.100000000000023,7.036397905759161,2203.2
M,304.2,313.4,1713,23.5,50,0,0,0,0,0,0,9.199999999999989,4.215235602094241,1175.0
M,304.3,313.4,1624,32.1,53,0,0,0,0,0,0,9.099999999999966,5.458680628272251,1701.3000000000002
L,304.2,313.4,1421,43.4,56,0,0,0,0,0,0,9.199999999999989,6.457738219895288,2430.4
H,304.2,313.5,1546,41.4,58,0,0,0,0,0,0,9.300000000000011,6.7020314136125645,2401.2
L,304.2,313.4,1639,32.7,63,0,0,0,0,0,0,9.199999999999989,5.61207329842932,2060.1000000000004
H,304.1,313.4,1696,29.6,65,0,0,0,0,0,0,9.299999999999955,5.256712041884818,1924.0
L,304.1,313.3,1470,39.9,70,0,0,0,0,0,0,9.199999999999989,6.141675392670157,2793.0
M,304.1,313.3,1480,38.4,72,0,0,0,0,0,0,9.199999999999989,5.9509947643979055,2764.7999999999997
M,304.2,313.4,1329,54.5,75,0,0,0,0,0,0,9.199999999999989,7.58434554973822,4087.5
L,304.2,313.4,1740,28.2,78,0,0,0,0,0,0,9.199999999999989,5.138010471204188,2199.6
M,304.2,313.5,1739,28.1,80,0,0,0,0,0,0,9.300000000000011,5.116848167539267,2248.0
M,304.2,313.5,1390,47.8,83,0,0,0,0,0,0,9.300000000000011,6.957277486910995,3967.3999999999996
L,304.2,313.4,1740,23.7,86,0,0,0,0,0,0,9.199999999999989,4.318115183246073,2038.2
M,304.0,313.3,1844,27.1,88,0,0,0,0,0,0,9.300000000000011,5.232712041884817,2384.8
H,304.0,313.1,1388,53.2,91,0,0,0,0,0,0,9.100000000000023,7.7321047120418855,4841.2
H,304.0,313.2,1517,43.1,96,0,0,0,0,0,0,9.199999999999989,6.846356020942409,4137.6
M,304.0,313.1,1450,42.8,101,0,0,0,0,0,0,9.100000000000023,6.498429319371727,4322.799999999999
L,304.0,313.2,1584,38.7,104,0,0,0,0,0,0,9.199999999999989,6.4189319371727755,4024.8
L,304.0,313.1,1720,28.7,106,0,0,0,0,0,0,9.100000000000023,5.169005235602095,3042.2
L,303.9,313.1,1586,31.9,108,0,0,0,0,0,0,9.200000000000045,5.297738219895288,3445.2
M,303.9,313.0,1901,22.5,110,0,0,0,0,0,0,9.100000000000023,4.478795811518324,2475.0
L,304.0,313.0,1397,42.4,113,0,0,0,0,0,0,9.0,6.202387434554973,4791.2
L,304.0,313.0,2012,21.1,115,0,0,0,0,0,0,9.0,4.445361256544503,2426.5
L,304.0,313.0,2354,15.0,117,0,0,0,0,0,0,9.0,3.6973821989528797,1755.0
L,304.0,313.1,1648,35.7,119,0,0,0,0,0,0,9.100000000000023,6.160586387434556,4248.3
L,304.0,313.2,1632,30.6,121,0,0,0,0,0,0,9.199999999999989,5.229235602094241,3702.6000000000004
M,304.1,313.2,1427,46.9,123,0,0,0,0,0,0,9.099999999999966,7.007989528795812,5768.7
L,304.1,313.2,1452,48.0,126,0,0,0,0,0,0,9.099999999999966,7.298010471204188,6048.0
L,304.0,313.2,1416,46.0,128,0,0,0,0,0,0,9.199999999999989,6.820523560209424,5888.0
L,303.9,313.1,1310,62.9,130,0,0,0,0,0,0,9.200000000000045,8.628167539267016,8177.0
H,304.0,313.1,1408,39.8,132,0,0,0,0,0,0,9.100000000000023,5.867895287958115,5253.599999999999
M,303.9,313.1,1668,34.4,137,0,0,0,0,0,0,9.200000000000045,6.008293193717277,4712.8
L,303.9,313.0,1551,36.8,140,0,0,0,0,0,0,9.100000000000023,5.976628272251308,5152.0
H,303.9,313.0,1517,36.0,142,0,0,0,0,0,0,9.100000000000023,5.718534031413612,5112.0
H,303.8,312.9,1570,35.8,147,0,0,0,0,0,0,9.099999999999966,5.88544502617801,5262.599999999999
L,303.8,312.8,1428,53.3,152,0,0,0,0,0,0,9.0,7.969884816753926,8101.599999999999
L,303.8,312.8,1503,40.0,154,0,0,0,0,0,0,9.0,6.295287958115183,6160.0
L,303.8,312.8,1416,58.7,156,0,0,0,0,0,0,9.0,8.703581151832461,9157.2
M,303.7,312.7,1396,47.3,158,0,0,0,0,0,0,9.0,6.9142198952879586,7473.4
L,303.7,312.7,1335,51.1,161,0,0,0,0,0,0,9.0,7.143298429319372,8227.1
M,303.7,312.6,1671,30.5,163,0,0,0,0,0,0,8.900000000000034,5.336701570680629,4971.5
L,303.7,312.7,1989,22.4,166,0,0,0,0,0,0,9.0,4.665298429319372,3718.3999999999996
L,303.7,312.7,1468,43.3,168,0,0,0,0,0,0,9.0,6.655958115183245,7274.4
H,303.7,312.6,1711,27.6,170,0,0,0,0,0,0,8.900000000000034,4.944879581151833,4692.0
M,303.8,312.7,1488,41.3,175,0,0,0,0,0,0,8.899999999999977,6.435015706806282,7227.499999999999
L,303.8,312.7,1664,29.3,178,0,0,0,0,0,0,8.899999999999977,5.105256544502618,5215.400000000001
M,303.8,312.7,1507,38.5,180,0,0,0,0,0,0,8.899999999999977,6.075340314136126,6930.0
L,303.7,312.6,1466,42.5,183,0,0,0,0,0,0,8.900000000000034,6.524083769633508,7777.5
L,303.7,312.5,1433,53.6,185,0,0,0,0,0,0,8.800000000000011,8.042806282722513,9916.0
L,303.7,312.5,1397,45.7,187,0,0,0,0,0,0,8.800000000000011,6.685120418848168,8545.9
M,303.7,312.6,1429,43.3,189,0,0,0,0,0,0,8.900000000000034,6.479130890052356,8183.7
L,303.7,312.7,1572,37.2,192,0,0,0,0,0,0,9.0,6.1233926701570685,7142.400000000001
M,303.7,312.7,1532,42.7,194,0,0,0,0,0,0,9.0,6.849884816753927,8283.800000000001
M,303.7,312.7,1316,51.8,197,0,0,0,0,0,0,9.0,7.138094240837697,10204.599999999999
M,303.8,312.8,1420,47.9,200,0,0,0,0,0,0,9.0,7.122303664921466,9580.0
L,303.8,312.9,1589,37.2,203,0,0,0,0,0,0,9.099999999999966,6.189612565445026,7551.6
L,303.8,313.0,1365,59.9,205,1,0,0,0,1,0,9.199999999999989,8.561623036649214,12279.5
L,303.8,313.0,1633,32.9,207,0,0,0,0,0,0,9.199999999999989,5.625727748691099,6810.299999999999
L,303.9,313.0,1626,31.4,209,0,0,0,0,0,0,9.100000000000023,5.346219895287957,6562.599999999999
L,303.9,313.1,1665,29.6,0,0,0,0,0,0,0,9.200000000000045,5.160628272251309,0.0
M,303.9,313.2,1350,47.2,2,0,0,0,0,0,0,9.300000000000011,6.672251308900524,94.4
L,303.9,313.2,1590,31.9,5,0,0,0,0,0,0,9.300000000000011,5.31109947643979,159.5
M,304.0,313.2,1437,53.9,7,0,0,0,0,0,0,9.199999999999989,8.110397905759163,377.3
L,303.9,313.0,1403,48.3,10,0,0,0,0,0,0,9.100000000000023,7.0958010471204185,483.0
L,303.9,313.1,1440,41.1,12,0,0,0,0,0,0,9.200000000000045,6.197277486910995,493.20000000000005
M,303.9,313.1,1343,61.4,14,0,0,0,0,0,0,9.200000000000045,8.634575916230366,859.6
H,303.9,313.1,1790,26.7,17,0,0,0,0,0,0,9.200000000000045,5.004502617801047,453.9
M,303.8,313.1,2117,18.6,22,0,0,0,0,0,0,9.300000000000011,4.123162303664922,409.20000000000005
L,303.8,313.1,1458,42.2,25,0,0,0,0,0,0,9.300000000000011,6.442680628272252,1055.0
L,303.6,312.9,1381,57.8,27,0,0,0,0,0,0,9.299999999999955,8.358303664921467,1560.6
L,303.6,312.9,1450,45.3,29,0,0,0,0,0,0,9.299999999999955,6.878010471204188,1313.6999999999998
L,303.7,312.9,1461,50.1,31,0,0,0,0,0,0,9.199999999999989,7.664513089005236,1553.1000000000001
M,303.7,312.9,1511,41.0,33,0,0,0,0,0,0,9.199999999999989,6.487015706806282,1353.0
L,303.8,313.1,1394,45.4,36,0,0,0,0,0,0,9.300000000000011,6.6269738219895284,1634.3999999999999
L,303.8,313.0,1499,42.3,38,0,0,0,0,0,0,9.199999999999989,6.639549738219895,1607.3999999999999
L,303.7,313.0,1457,44.1,40,0,0,0,0,0,0,9.300000000000011,6.7281361256544505,1764.0
L,303.7,313.0,1753,29.0,42,0,0,0,0,0,0,9.300000000000011,5.32324607329843,1218.0
L,303.7,313.0,1694,28.0,44,0,0,0,0,0,0,9.300000000000011,4.966701570680629,1232.0
L,303.7,313.1,1683,28.4,46,0,0,0,0,0,0,9.400000000000034,5.004942408376963,1306.3999999999999
L,303.7,313.1,1496,47.4,48,0,0,0,0,0,0,9.400000000000034,7.425172774869109,2275.2
L,303.7,313.1,1721,34.8,50,0,0,0,0,0,0,9.400000000000034,6.271287958115183,1739.9999999999998
L,303.6,313.0,1593,31.6,52,0,0,0,0,0,0,9.399999999999977,5.271078534031414,1643.2
L,303.6,313.0,1575,38.3,54,0,0,0,0,0,0,9.399999999999977,6.3164921465968575,2068.2
L,303.5,313.0,1465,41.0,56,0,0,0,0,0,0,9.5,6.289528795811519,2296.0
L,303.6,313.1,1405,38.3,58,0,0,0,0,0,0,9.5,5.634712041884816,2221.3999999999996
M,303.5,313.0,1902,21.6,60,0,0,0,0,0,0,9.5,4.301905759162304,1296.0
M,303.4,312.9,1422,39.9,63,0,0,0,0,0,0,9.5,5.941130890052356,2513.7
L,303.5,312.9,1332,52.9,66,0,0,0,0,0,0,9.399999999999977,7.378303664921466,3491.4
M,303.4,312.9,1307,54.3,68,0,0,0,0,0,0,9.5,7.431424083769633,3692.3999999999996
L,303.5,313.0,1322,59.5,71,0,0,0,0,0,0,9.5,8.236544502617802,4224.5
L,303.5,313.0,1547,40.3,73,0,0,0,0,0,0,9.5,6.528178010471204,2941.8999999999996
L,303.5,313.1,1897,23.6,75,0,0,0,0,0,0,9.600000000000023,4.687874345549739,1770.0
M,303.5,313.0,1403,51.9,77,0,0,0,0,0,0,9.5,7.624680628272251,3996.2999999999997
L,303.5,313.0,1393,51.6,80,0,0,0,0,0,0,9.5,7.5265759162303665,4128.0
L,303.5,313.0,1482,38.5,82,0,0,0,0,0,0,9.5,5.97455497382199,3157.0
M,303.5,312.9,1572,44.7,84,0,0,0,0,0,0,9.399999999999977,7.357947643979059,3754.8
L,303.5,312.9,1544,36.9,87,0,0,0,0,0,0,9.399999999999977,5.965821989528796,3210.2999999999997
M,303.5,313.0,1492,46.1,89,0,0,0,0,0,0,9.5,7.202219895287958,4102.900000000001
L,303.4,312.8,1513,35.8,92,0,0,0,0,0,0,9.400000000000034,5.671769633507853,3293.6
L,303.4,312.8,1449,43.9,94,0,0,0,0,0,0,9.400000000000034,6.660848167539267,4126.599999999999
L,303.5,312.8,1877,22.3,96,0,0,0,0,0,0,9.300000000000011,4.382942408376963,2140.8
L,303.4,312.8,1376,53.4,98,0,0,0,0,0,0,9.400000000000034,7.694073298429319,5233.2
M,303.5,312.9,1883,23.3,100,0,0,0,0,0,0,9.399999999999977,4.594125654450262,2330.0
M,303.4,312.8,1518,38.7,103,0,0,0,0,0,0,9.400000000000034,6.151476439790576,3986.1000000000004
M,303.5,312.9,1438,42.8,106,0,0,0,0,0,0,9.399999999999977,6.444649214659686,4536.799999999999
L,303.4,312.9,1389,54.1,109,0,0,0,0,0,0,9.5,7.868575916230367,5896.900000000001
L,303.5,312.9,1504,44.8,111,0,0,0,0,0,0,9.399999999999977,7.055413612565444,4972.799999999999
L,303.5,312.9,1275,64.4,113,0,0,0,0,0,0,9.399999999999977,8.597905759162304,7277.200000000001
L,303.6,313.0,1534,39.7,115,0,0,0,0,0,0,9.399999999999977,6.376942408376964,4565.5
M,303.6,313.0,1396,38.2,117,0,0,0,0,0,0,9.399999999999977,5.5840000000000005,4469.400000000001
L,303.6,313.1,1395,44.1,120,0,0,0,0,0,0,9.5,6.441832460732984,5292.0
L,303.6,313.0,1617,30.9,122,0,0,0,0,0,0,9.399999999999977,5.231968586387434,3769.7999999999997
L,303.7,313.1,1423,41.2,124,0,0,0,0,0,0,9.400000000000034,6.139015706806283,5108.8
L,303.5,313.0,1606,34.0,126,0,0,0,0,0,0,9.5,5.717696335078534,4284.0
L,303.5,312.9,1501,44.0,128,0,0,0,0,0,0,9.399999999999977,6.915602094240838,5632.0
M,303.5,312.9,1618,30.4,130,0,0,0,0,0,0,9.399999999999977,5.150492146596858,3952.0
L,303.6,313.0,1522,35.8,133,0,0,0,0,0,0,9.399999999999977,5.705507853403141,4761.4
L,303.6,312.9,1480,41.4,135,0,0,0,0,0,0,9.299999999999955,6.415916230366492,5589.0
M,303.7,313.0,1469,39.9,137,0,0,0,0,0,0,9.300000000000011,6.137497382198953,5466.3
H,303.8,313.2,1381,52.4,140,0,0,0,0,0,0,9.399999999999977,7.577424083769633,7336.0
L,303.8,313.2,1525,41.9,145,0,0,0,0,0,0,9.399999999999977,6.690837696335079,6075.5
M,303.8,313.2,1732,29.6,147,0,0,0,0,0,0,9.399999999999977,5.368293193717278,4351.2
L,303.8,313.1,1523,39.8,150,0,0,0,0,0,0,9.300000000000011,6.347162303664921,5970.0
L,303.8,313.1,1422,42.4,152,0,0,0,0,0,0,9.300000000000011,6.313382198952879,6444.8
H,303.8,313.2,1506,46.9,154,0,0,0,0,0,0,9.399999999999977,7.395958115183245,7222.599999999999
L,303.8,313.2,1531,39.4,159,0,0,0,0,0,0,9.399999999999977,6.316376963350786,6264.599999999999
M,303.9,313.3,1507,34.3,161,0,0,0,0,0,0,9.400000000000034,5.412575916230367,5522.299999999999
L,303.9,313.3,1526,40.7,164,0,0,0,0,0,0,9.400000000000034,6.503476439790576,6674.8
L,303.8,313.3,1406,52.1,166,0,0,0,0,0,0,9.5,7.670429319371729,8648.6
M,303.9,313.3,1567,35.0,168,0,0,0,0,0,0,9.400000000000034,5.7429319371727745,5880.0
M,303.9,313.4,1464,49.1,171,0,0,0,0,0,0,9.5,7.5269528795811524,8396.1
L,303.9,313.4,1442,48.5,174,0,0,0,0,0,0,9.5,7.32324607329843,8439.0
L,303.8,313.2,1336,47.8,176,0,0,0,0,0,0,9.399999999999977,6.686994764397905,8412.8
H,303.8,313.2,1379,50.2,178,0,0,0,0,0,0,9.399999999999977,7.248774869109948,8935.6
L,303.7,313.1,1406,48.6,183,0,0,0,0,0,0,9.400000000000034,7.155141361256545,8893.800000000001
M,303.7,313.1,2130,18.1,185,0,0,0,0,0,0,9.400000000000034,4.03696335078534,3348.5000000000005
L,303.7,313.1,1355,49.1,188,0,0,0,0,0,0,9.400000000000034,6.9665445026178014,9230.800000000001
M,303.8,313.2,1710,26.5,190,0,0,0,0,0,0,9.399999999999977,4.745026178010471,5035.0
L,303.8,313.1,1309,55.8,193,0,0,0,0,0,0,9.300000000000011,7.648397905759162,10769.4
L,303.9,313.1,1491,37.2,195,0,0,0,0,0,0,9.200000000000045,5.807874345549739,7254.000000000001
L,303.9,313.2,1481,44.1,197,0,0,0,0,0,0,9.300000000000011,6.83896335078534,8687.7
L,303.9,313.1,1425,49.3,199,0,0,0,0,0,0,9.200000000000045,7.356282722513089,9810.699999999999
H,303.9,313.2,1680,29.1,201,0,0,0,0,0,0,9.300000000000011,5.119162303664922,5849.1
H,304.0,313.2,1612,31.7,206,0,0,0,0,0,0,9.199999999999989,5.350827225130891,6530.2
L,304.0,313.3,1530,34.8,211,0,0,0,0,0,0,9.300000000000011,5.575287958115182,7342.799999999999
L,304.0,313.2,1481,42.6,213,0,0,0,0,0,0,9.199999999999989,6.6063455497382195,9073.800000000001
M,303.9,313.2,1422,48.0,215,1,1,0,0,0,0,9.300000000000011,7.147225130890052,10320.0
L,303.8,313.0,1427,43.0,0,0,0,0,0,0,0,9.199999999999989,6.425235602094241,0.0
H,303.7,312.9,1460,49.8,2,0,0,0,0,0,0,9.199999999999989,7.613403141361257,99.6
L,303.6,312.9,1873,23.5,7,0,0,0,0,0,0,9.299999999999955,4.608952879581151,164.5
M,303.7,312.9,1566,32.6,9,0,0,0,0,0,0,9.199999999999989,5.345717277486911,293.40000000000003
L,303.6,312.8,1701,30.8,12,0,0,0,0,0,0,9.199999999999989,5.485947643979058,369.6
L,303.6,312.8,1710,27.2,14,0,0,0,0,0,0,9.199999999999989,4.870366492146597,380.8
M,303.6,312.8,1689,33.1,16,0,0,0,0,0,0,9.199999999999989,5.854020942408377,529.6
L,303.6,312.7,1637,32.9,19,0,0,0,0,0,0,9.099999999999966,5.639507853403141,625.1
L,303.5,312.6,1496,39.0,21,0,0,0,0,0,0,9.100000000000023,6.109319371727748,819.0
M,303.5,312.7,1402,47.0,23,0,0,0,0,0,0,9.199999999999989,6.899895287958115,1081.0
L,303.4,312.7,1363,45.5,26,0,0,0,0,0,0,9.300000000000011,6.493874345549738,1183.0
M,303.4,312.7,1576,49.9,28,0,0,0,0,0,0,9.300000000000011,8.234806282722513,1397.2
M,303.4,312.7,1357,55.3,31,0,0,0,0,0,0,9.300000000000011,7.857811518324606,1714.3
M,303.4,312.7,1399,48.4,34,0,0,0,0,0,0,9.300000000000011,7.090219895287957,1645.6
M,303.4,312.8,1526,30.8,37,0,0,0,0,0,0,9.400000000000034,4.921549738219896,1139.6000000000001
L,303.5,312.7,1694,27.3,40,0,0,0,0,0,0,9.199999999999989,4.842534031413613,1092.0
M,303.5,312.7,1420,49.1,42,0,0,0,0,0,0,9.199999999999989,7.300732984293194,2062.2000000000003
M,303.5,312.7,2116,16.7,45,0,0,0,0,0,0,9.199999999999989,3.7002303664921463,751.5
M,303.7,312.9,1406,41.9,48,0,0,0,0,0,0,9.199999999999989,6.168732984293194,2011.1999999999998
L,303.7,313.0,1456,45.5,51,0,0,0,0,0,0,9.300000000000011,6.93696335078534,2320.5
L,303.6,312.9,1588,31.9,53,0,0,0,0,0,0,9.299999999999955,5.304418848167539,1690.6999999999998
L,303.7,312.8,1448,44.5,55,0,0,0,0,0,0,9.100000000000023,6.747225130890052,2447.5
H,303.6,312.7,1403,46.2,57,0,0,0,0,0,0,9.099999999999966,6.787287958115184,2633.4
M,303.5,312.6,1405,51.6,62,0,0,0,0,0,0,9.100000000000023,7.591413612565445,3199.2000000000003
M,303.4,312.6,2706,9.8,65,1,0,0,1,0,0,9.200000000000045,2.776837696335079,637.0
M,303.3,312.4,1505,38.9,68,0,0,0,0,0,0,9.099999999999966,6.130314136125654,2645.2
L,303.2,312.4,1663,33.7,71,0,0,0,0,0,0,9.199999999999989,5.8683874345549745,2392.7000000000003
M,303.3,312.6,1482,44.4,73,0,0,0,0,0,0,9.300000000000011,6.89013612565445,3241.2
M,303.3,312.5,1674,32.7,76,0,0,0,0,0,0,9.199999999999989,5.731916230366492,2485.2000000000003
M,303.4,312.7,1594,32.8,79,0,0,0,0,0,0,9.300000000000011,5.474680628272251,2591.2
L,303.5,312.7,1393,49.3,82,0,0,0,0,0,0,9.199999999999989,7.191089005235601,4042.6
H,303.5,312.8,1404,55.8,84,0,0,0,0,0,0,9.300000000000011,8.203476439790576,4687.2
M,303.5,312.8,1375,45.7,89,0,0,0,0,0,0,9.300000000000011,6.579842931937174,4067.3
L,303.5,312.8,1607,38.4,92,0,0,0,0,0,0,9.300000000000011,6.46165445026178,3532.7999999999997
L,303.4,312.8,1360,50.8,94,0,0,0,0,0,0,9.400000000000034,7.23434554973822,4775.2
L,303.5,312.8,1524,39.4,96,0,0,0,0,0,0,9.300000000000011,6.287497382198953,3782.3999999999996
L,303.4,312.7,1534,35.5,98,0,0,0,0,0,0,9.300000000000011,5.702303664921466,3479.0
L,303.3,312.7,1262,63.8,100,0,0,0,0,0,0,9.399999999999977,8.43095287958115,6380.0
L,303.3,312.6,1623,34.6,102,0,0,0,0,0,0,9.300000000000011,5.880188481675393,3529.2000000000003
M,303.3,312.7,1642,33.6,104,0,0,0,0,0,0,9.399999999999977,5.777089005235602,3494.4
M,303.4,312.8,1622,35.1,107,0,0,0,0,0,0,9.400000000000034,5.961486910994765,3755.7000000000003
M,303.5,312.9,1530,34.5,110,0,0,0,0,0,0,9.399999999999977,5.527225130890052,3795.0
M,303.4,312.8,1590,36.3,113,0,0,0,0,0,0,9.400000000000034,6.043664921465968,4101.9
L,303.4,312.7,1589,34.0,116,0,0,0,0,0,0,9.300000000000011,5.65717277486911,3944.0
L,303.4,312.6,1462,37.5,118,0,0,0,0,0,0,9.200000000000045,5.7408376963350785,4425.0
H,303.3,312.5,1328,49.8,120,0,0,0,0,0,0,9.199999999999989,6.925068062827225,5976.0
H,303.3,312.6,1692,29.0,125,0,0,0,0,0,0,9.300000000000011,5.138010471204188,3625.0
L,303.3,312.5,1968,20.6,130,0,0,0,0,0,0,9.199999999999989,4.2451099476439795,2678.0
H,303.3,312.6,1827,24.2,132,0,0,0,0,0,0,9.300000000000011,4.6296753926701575,3194.4
M,303.3,312.6,1397,47.1,137,0,0,0,0,0,0,9.300000000000011,6.889916230366492,6452.7
L,303.3,312.6,1463,44.0,140,0,0,0,0,0,0,9.300000000000011,6.740523560209424,6160.0
L,303.3,312.7,1643,30.7,142,0,0,0,0,0,0,9.399999999999977,5.281685863874346,4359.4
L,303.2,312.6,1281,57.0,144,0,0,0,0,0,0,9.400000000000034,7.645759162303665,8208.0
L,303.2,312.5,1518,39.9,146,0,0,0,0,0,0,9.300000000000011,6.342219895287958,5825.4
L,303.2,312.6,1601,35.3,148,0,0,0,0,0,0,9.400000000000034,5.917832460732984,5224.4
L,303.1,312.6,1548,36.4,150,0,0,0,0,0,0,9.5,5.9002303664921465,5460.0
H,303.1,312.6,1404,40.6,152,0,0,0,0,0,0,9.5,5.968837696335079,6171.2
M,303.1,312.5,1766,26.7,157,0,0,0,0,0,0,9.399999999999977,4.937403141361256,4191.9
M,303.1,312.5,1667,30.0,160,0,0,0,0,0,0,9.399999999999977,5.2366492146596855,4800.0
H,303.0,312.5,1507,37.9,163,0,0,0,0,0,0,9.5,5.980659685863874,6177.7
H,303.0,312.4,1627,37.1,168,0,0,0,0,0,0,9.399999999999977,6.320596858638744,6232.8
L,302.9,312.3,1435,47.7,173,0,0,0,0,0,0,9.400000000000034,7.167486910994764,8252.1
H,302.9,312.3,1509,46.8,175,0,0,0,0,0,0,9.400000000000034,7.394890052356021,8189.999999999999
M,302.9,312.3,1809,25.0,180,0,0,0,0,0,0,9.400000000000034,4.7356020942408374,4500.0
L,302.9,312.3,1515,40.8,183,0,0,0,0,0,0,9.400000000000034,6.472460732984293,7466.4
L,302.9,312.3,1530,34.9,185,0,0,0,0,0,0,9.400000000000034,5.59130890052356,6456.5
H,302.8,312.3,1336,57.5,187,0,0,0,0,0,0,9.5,8.043979057591622,10752.5
L,302.9,312.4,2030,19.1,192,0,0,0,0,0,0,9.5,4.06,3667.2000000000003
L,302.9,312.4,1550,36.9,194,0,0,0,0,0,0,9.5,5.989005235602094,7158.599999999999
L,302.9,312.4,1446,41.7,196,0,0,0,0,0,0,9.5,6.313947643979058,8173.200000000001
L,302.8,312.3,1494,37.5,198,0,0,0,0,0,0,9.5,5.866492146596858,7425.0
L,302.8,312.4,1651,27.0,200,0,0,0,0,0,0,9.599999999999966,4.667748691099477,5400.0
L,302.9,312.4,1698,33.8,202,0,0,0,0,0,0,9.5,6.0096753926701565,6827.599999999999
L,302.8,312.3,1504,40.3,204,0,0,0,0,0,0,9.5,6.346722513089005,8221.199999999999
M,302.9,312.4,1421,46.0,206,0,0,0,0,0,0,9.5,6.8446073298429315,9476.0
H,302.9,312.3,1754,26.9,209,0,0,0,0,0,0,9.400000000000034,4.940586387434555,5622.099999999999
L,302.9,312.2,1469,42.0,214,0,0,0,0,0,0,9.300000000000011,6.460523560209424,8988.0
L,302.8,312.2,1433,50.0,216,0,0,0,0,0,0,9.399999999999977,7.50261780104712,10800.0
M,302.8,312.3,1432,49.0,218,0,0,0,0,0,0,9.5,7.347434554973822,10682.0
L,302.8,312.3,1366,49.1,221,0,0,0,0,0,0,9.5,7.023099476439791,10851.1
H,302.8,312.3,1483,47.2,223,0,0,0,0,0,0,9.5,7.32959162303665,10525.6
L,302.7,312.2,1572,34.4,228,0,0,0,0,0,0,9.5,5.6624921465968585,7843.2
L,302.8,312.2,1481,40.2,230,0,0,0,0,0,0,9.399999999999977,6.234157068062828,9246.0
L,302.8,312.3,1473,42.6,232,0,0,0,0,0,0,9.5,6.570659685863875,9883.2
M,302.8,312.3,1262,70.5,234,1,0,0,1,1,0,9.5,9.316335078534031,16497.0
L,302.8,312.4,1529,36.8,237,0,0,0,0,0,0,9.599999999999966,5.8918534031413605,8721.599999999999
L,302.8,312.4,1523,39.7,239,0,0,0,0,0,0,9.599999999999966,6.331214659685864,9488.300000000001
M,302.8,312.3,1416,42.7,241,0,0,0,0,0,0,9.5,6.3312251308900525,10290.7
L,302.9,312.4,1923,23.9,244,0,0,0,0,0,0,9.5,4.8125340314136125,5831.599999999999
H,302.8,312.4,1411,53.8,246,1,0,0,0,1,0,9.599999999999966,7.948879581151833,13234.8
L,302.7,312.4,1477,46.3,251,1,0,0,0,1,0,9.699999999999989,7.160743455497381,11621.3
M,302.6,312.3,1454,54.8,253,1,1,0,0,1,0,9.699999999999989,8.343371727748691,13864.4
L,302.7,312.3,1421,48.5,0,0,0,0,0,0,0,9.600000000000023,7.216596858638743,0.0
L,302.7,312.3,1858,25.4,2,0,0,0,0,0,0,9.600000000000023,4.941696335078534,50.8
H,302.8,312.5,1422,46.1,4,0,0,0,0,0,0,9.699999999999989,6.864314136125654,184.4
L,302.7,312.4,1444,48.7,9,0,0,0,0,0,0,9.699999999999989,7.363643979057592,438.3
L,302.7,312.4,1360,47.8,11,0,0,0,0,0,0,9.699999999999989,6.807120418848167,525.8
L,302.7,312.4,1954,24.8,13,0,0,0,0,0,0,9.699999999999989,5.074261780104712,322.40000000000003
L,302.6,312.4,1628,33.0,15,0,0,0,0,0,0,9.799999999999955,5.625549738219895,495.0
L,302.7,312.4,1433,44.2,17,0,0,0,0,0,0,9.699999999999989,6.632314136125655,751.4000000000001
M,302.7,312.5,1417,51.5,19,0,0,0,0,0,0,9.800000000000011,7.641413612565445,978.5
L,302.8,312.6,1462,39.4,22,0,0,0,0,0,0,9.800000000000011,6.031706806282722,866.8
L,302.9,312.6,1328,59.9,24,0,0,0,0,0,0,9.700000000000045,8.329549738219894,1437.6
H,302.7,312.5,1527,36.4,26,0,0,0,0,0,0,9.800000000000011,5.820188481675392,946.4
L,302.6,312.3,1534,34.3,31,0,0,0,0,0,0,9.699999999999989,5.509549738219895,1063.3
M,302.6,312.4,1410,50.3,33,0,0,0,0,0,0,9.799999999999955,7.426492146596859,1659.8999999999999
L,302.6,312.3,1660,30.3,36,0,0,0,0,0,0,9.699999999999989,5.266806282722513,1090.8
L,302.6,312.4,1386,45.8,38,0,0,0,0,0,0,9.799999999999955,6.646994764397905,1740.3999999999999
L,302.6,312.4,1398,41.6,40,0,0,0,0,0,0,9.799999999999955,6.089717277486911,1664.0
L,302.6,312.3,1321,53.4,42,0,0,0,0,0,0,9.699999999999989,7.386534031413612,2242.7999999999997
L,302.6,312.3,1512,34.2,44,0,0,0,0,0,0,9.699999999999989,5.414701570680628,1504.8000000000002
M,302.6,312.3,1566,36.6,46,0,0,0,0,0,0,9.699999999999989,6.001633507853404,1683.6000000000001
M,302.7,312.4,1422,44.5,49,0,0,0,0,0,0,9.699999999999989,6.626073298429319,2180.5
L,302.6,312.3,1647,31.8,52,0,0,0,0,0,0,9.699999999999989,5.484251308900523,1653.6000000000001
L,302.6,312.2,1377,45.5,54,0,0,0,0,0,0,9.599999999999966,6.560575916230366,2457.0
L,302.5,312.2,1775,27.9,56,0,0,0,0,0,0,9.699999999999989,5.185602094240838,1562.3999999999999
L,302.6,312.3,1554,42.0,58,0,0,0,0,0,0,9.699999999999989,6.83434554973822,2436.0
L,302.7,312.4,1423,51.9,60,0,0,0,0,0,0,9.699999999999989,7.733371727748691,3114.0
L,302.7,312.4,1453,47.3,62,0,0,0,0,0,0,9.699999999999989,7.196534031413612,2932.6
L,302.8,312.4,1590,34.4,64,0,0,0,0,0,0,9.599999999999966,5.727329842931937,2201.6
L,302.8,312.5,1694,28.4,66,0,0,0,0,0,0,9.699999999999989,5.03765445026178,1874.3999999999999
L,302.8,312.5,1462,43.4,68,0,0,0,0,0,0,9.699999999999989,6.64406282722513,2951.2
L,302.8,312.4,1392,46.2,70,0,0,0,0,0,0,9.599999999999966,6.73407329842932,3234.0
L,302.9,312.5,1550,45.5,72,0,0,0,0,0,0,9.600000000000023,7.384816753926701,3276.0
L,302.9,312.5,1629,30.4,74,0,0,0,0,0,0,9.600000000000023,5.185507853403141,2249.6
M,303.0,312.5,1524,42.1,76,0,0,0,0,0,0,9.5,6.718366492146597,3199.6
M,302.9,312.5,1679,30.9,79,0,0,0,0,0,0,9.600000000000023,5.432575916230366,2441.1
M,302.9,312.6,1394,46.4,82,0,0,0,0,0,0,9.700000000000045,6.772942408376963,3804.7999999999997
L,302.9,312.5,1683,32.1,85,0,0,0,0,0,0,9.600000000000023,5.656994764397906,2728.5
L,303.0,312.5,1626,30.5,87,0,0,0,0,0,0,9.5,5.192984293193717,2653.5
H,303.0,312.5,1698,30.0,89,0,0,0,0,0,0,9.5,5.334031413612565,2670.0
M,303.0,312.6,1392,42.9,94,0,0,0,0,0,0,9.600000000000023,6.253068062827225,4032.6
L,303.1,312.7,1353,51.8,97,0,0,0,0,0,0,9.599999999999966,7.338785340314136,5024.599999999999
M,303.0,312.7,1426,46.8,99,0,0,0,0,0,0,9.699999999999989,6.988146596858639,4633.2
L,303.0,312.7,2024,19.9,102,0,0,0,0,0,0,9.699999999999989,4.217549738219895,2029.8
M,303.0,312.8,1648,32.1,104,0,0,0,0,0,0,9.800000000000011,5.539350785340314,3338.4
L,303.1,312.9,1511,40.1,107,0,0,0,0,0,0,9.799999999999955,6.344617801047121,4290.7
L,303.1,312.8,1465,44.1,109,0,0,0,0,0,0,9.699999999999989,6.765078534031414,4806.900000000001
L,303.0,312.7,1551,41.8,111,0,0,0,0,0,0,9.699999999999989,6.788670157068062,4639.799999999999
L,303.1,312.8,2329,15.1,113,0,0,0,0,0,0,9.699999999999989,3.682502617801047,1706.3
H,303.1,312.8,1435,41.9,115,0,0,0,0,0,0,9.699999999999989,6.295968586387435,4818.5
L,303.0,312.7,1361,48.8,120,0,0,0,0,0,0,9.699999999999989,6.954638743455497,5856.0
M,303.0,312.7,1553,35.8,122,0,0,0,0,0,0,9.699999999999989,5.82171727748691,4367.599999999999
L,303.0,312.6,1451,42.1,125,0,0,0,0,0,0,9.600000000000023,6.396554973821989,5262.5
L,303.0,312.5,1461,40.2,127,0,0,0,0,0,0,9.5,6.149968586387435,5105.400000000001
M,303.1,312.6,1895,23.5,129,0,0,0,0,0,0,9.5,4.663089005235602,3031.5
M,303.1,312.6,1567,32.9,132,0,0,0,0,0,0,9.5,5.3983560209424075,4342.8
M,303.0,312.5,1602,33.7,135,0,0,0,0,0,0,9.5,5.653130890052356,4549.5
L,303.1,312.6,1514,42.1,138,0,0,0,0,0,0,9.5,6.674282722513089,5809.8
L,303.1,312.5,1453,49.1,140,0,0,0,0,0,0,9.399999999999977,7.470397905759163,6874.0
M,303.0,312.4,1526,36.1,142,0,0,0,0,0,0,9.399999999999977,5.768439790575916,5126.2
M,302.9,312.3,1339,52.1,145,0,0,0,0,0,0,9.400000000000034,7.304910994764398,7554.5
L,302.9,312.3,1889,22.8,148,0,0,0,0,0,0,9.400000000000034,4.50986387434555,3374.4
L,302.9,312.4,1561,34.8,150,0,0,0,0,0,0,9.5,5.688251308900523,5220.0
M,302.9,312.4,1659,33.1,152,0,0,0,0,0,0,9.5,5.7500418848167545,5031.2
L,302.9,312.4,1424,49.5,155,0,0,0,0,0,0,9.5,7.3809424083769635,7672.5
M,302.9,312.3,1426,44.7,157,0,0,0,0,0,0,9.400000000000034,6.674575916230367,7017.900000000001
L,302.9,312.4,1383,51.4,160,0,0,0,0,0,0,9.5,7.44358115183246,8224.0
L,302.8,312.3,1764,29.9,162,0,0,0,0,0,0,9.5,5.522890052356021,4843.8
M,302.7,312.2,1439,42.5,164,0,0,0,0,0,0,9.5,6.403926701570681,6970.0
M,302.7,312.2,1585,35.5,167,0,0,0,0,0,0,9.5,5.891884816753927,5928.5
L,302.7,312.3,1346,61.2,170,0,0,0,0,0,1,9.600000000000023,8.625675392670157,10404.0
L,302.8,312.3,1386,57.8,172,0,0,0,0,0,0,9.5,8.388565445026178,9941.6
L,302.7,312.2,1369,51.8,174,0,0,0,0,0,0,9.5,7.4255706806282715,9013.199999999999
M,302.7,312.1,1378,46.9,176,0,0,0,0,0,0,9.400000000000034,6.767350785340314,8254.4
L,302.7,312.2,1336,46.8,179,0,0,0,0,0,0,9.5,6.54709947643979,8377.199999999999
M,302.6,312.1,1445,42.0,181,0,0,0,0,0,0,9.5,6.354973821989529,7602.0
L,302.7,312.1,1763,26.5,184,0,0,0,0,0,0,9.400000000000034,4.892094240837697,4876.0
L,302.7,312.2,1611,34.1,186,0,0,0,0,0,0,9.5,5.752366492146598,6342.6
M,302.7,312.1,1564,32.1,188,0,0,0,0,0,0,9.400000000000034,5.257005235602095,6034.8
H,302.7,312.1,1478,36.0,191,0,0,0,0,0,0,9.400000000000034,5.57151832460733,6876.0
L,302.6,312.0,1781,28.5,196,0,0,0,0,0,0,9.399999999999977,5.315026178010471,5586.0
L,302.6,312.1,1782,26.8,198,0,0,0,0,0,0,9.5,5.000795811518325,5306.400000000001
M,302.6,312.1,2000,21.9,200,0,0,0,0,0,0,9.5,4.5863874345549736,4380.0
M,302.5,312.0,1826,25.3,203,0,0,0,0,0,0,9.5,4.837465968586388,5135.900000000001
L,302.6,312.1,1344,51.0,206,0,0,0,0,0,0,9.5,7.17738219895288,10506.0
L,302.6,312.2,1520,43.0,208,0,0,0,0,0,0,9.599999999999966,6.843979057591623,8944.0
M,302.6,312.1,1611,39.9,210,0,0,0,0,0,0,9.5,6.730774869109947,8379.0
L,302.7,312.2,1450,52.1,213,1,0,0,0,1,0,9.5,7.9104712041884815,11097.300000000001
L,302.6,312.1,1499,35.0,215,0,0,0,0,0,1,9.5,5.493717277486911,7525.0
L,302.6,312.1,1288,68.5,0,1,0,0,1,0,0,9.5,9.238534031413613,0.0
M,302.7,312.2,1350,58.6,2,0,0,0,0,0,0,9.5,8.283769633507854,117.2
M,302.9,312.4,1334,50.9,5,0,0,0,0,0,0,9.5,7.110010471204188,254.5
L,302.8,312.4,1376,57.1,8,0,0,0,0,0,0,9.599999999999966,8.227183246073299,456.8
L,302.8,312.4,1368,49.5,10,0,0,0,0,0,0,9.599999999999966,7.090680628272251,495.0
H,302.9,312.5,1357,55.0,12,0,0,0,0,0,1,9.600000000000023,7.815183246073299,660.0
M,302.9,312.5,1924,24.0,17,0,0,0,0,0,0,9.600000000000023,4.835183246073298,408.0
M,302.9,312.5,1551,40.0,20,0,0,0,0,0,0,9.600000000000023,6.496335078534031,800.0
M,302.9,312.5,1903,21.2,23,0,0,0,0,0,0,9.600000000000023,4.224460732984293,487.59999999999997
H,302.9,312.3,1417,48.7,26,0,0,0,0,0,0,9.400000000000034,7.225958115183247,1266.2
L,302.7,312.1,1601,35.2,31,0,0,0,0,0,0,9.400000000000034,5.901068062827226,1091.2
L,302.7,312.1,1543,37.5,33,0,0,0,0,0,0,9.400000000000034,6.05890052356021,1237.5
L,302.6,312.1,1439,52.3,35,0,0,0,0,0,0,9.5,7.880596858638743,1830.5
H,302.6,312.0,1657,29.3,37,0,0,0,0,0,0,9.399999999999977,5.083780104712042,1084.1000000000001
L,302.8,312.2,1458,51.0,42,0,0,0,0,0,0,9.399999999999977,7.786178010471204,2142.0
L,302.8,312.2,1746,27.4,44,0,0,0,0,0,0,9.399999999999977,5.009465968586387,1205.6
L,302.9,312.2,1677,30.5,46,0,0,0,0,0,0,9.300000000000011,5.35586387434555,1403.0
L,302.8,312.1,1520,39.9,48,0,0,0,0,0,0,9.300000000000011,6.350575916230366,1915.1999999999998
L,302.9,312.2,1367,55.1,50,0,0,0,0,0,0,9.300000000000011,7.887089005235602,2755.0
L,302.8,312.2,1509,36.5,52,0,0,0,0,0,1,9.399999999999977,5.7673821989528795,1898.0
L,302.8,312.1,1418,51.4,54,0,0,0,0,0,0,9.300000000000011,7.631958115183246,2775.6
L,302.8,312.1,1958,20.3,56,0,0,0,0,0,0,9.300000000000011,4.162031413612565,1136.8
L,302.8,312.2,1682,30.9,58,0,0,0,0,0,0,9.399999999999977,5.442282722513089,1792.1999999999998
M,302.8,312.2,1452,50.3,60,0,0,0,0,0,0,9.399999999999977,7.647706806282722,3018.0
L,302.7,312.0,1828,24.0,63,0,0,0,0,0,0,9.300000000000011,4.59392670157068,1512.0
H,302.7,312.0,1484,41.5,65,0,0,0,0,0,0,9.300000000000011,6.448795811518325,2697.5
L,302.6,312.0,1674,32.2,70,0,0,0,0,0,0,9.399999999999977,5.644272251308901,2254.0
L,302.6,311.9,1448,49.5,72,0,0,0,0,0,0,9.299999999999955,7.5053403141361255,3564.0
M,302.5,311.8,2023,19.1,74,0,0,0,0,0,0,9.300000000000011,4.046,1413.4
L,302.5,311.9,1452,47.4,77,0,0,0,0,0,0,9.399999999999977,7.206785340314137,3649.7999999999997
M,302.6,312.0,1496,45.0,79,0,0,0,0,0,0,9.399999999999977,7.049214659685864,3555.0
L,302.6,311.9,1397,46.9,82,0,0,0,0,0,0,9.299999999999955,6.860659685863874,3845.7999999999997
L,302.6,311.9,1453,39.1,84,0,0,0,0,0,0,9.299999999999955,5.948931937172775,3284.4
M,302.5,311.9,1524,34.8,86,0,0,0,0,0,0,9.399999999999977,5.553424083769634,2992.7999999999997
L,302.6,311.9,1633,30.9,89,0,0,0,0,0,0,9.299999999999955,5.283738219895287,2750.1
M,302.6,312.0,1363,45.7,91,0,0,0,0,0,0,9.399999999999977,6.52241884816754,4158.7
L,302.5,311.9,1520,44.9,94,0,0,0,0,0,0,9.399999999999977,7.146387434554974,4220.599999999999
M,302.5,311.9,1532,38.8,96,0,0,0,0,0,0,9.399999999999977,6.224251308900524,3724.7999999999997
L,302.4,311.8,1384,50.9,99,0,0,0,0,0,0,9.400000000000034,7.376502617801046,5039.099999999999
M,302.4,311.8,1539,39.9,101,0,0,0,0,0,0,9.400000000000034,6.429958115183246,4029.8999999999996
M,302.3,311.8,1355,50.1,104,0,0,0,0,0,0,9.5,7.108429319371727,5210.400000000001
M,302.3,311.7,1504,37.3,107,0,0,0,0,0,0,9.399999999999977,5.874261780104712,3991.1
L,302.4,311.8,1476,46.6,110,0,0,0,0,0,0,9.400000000000034,7.202261780104712,5126.0
L,302.4,311.7,1721,26.9,112,0,0,0,0,0,0,9.300000000000011,4.847633507853403,3012.7999999999997
M,302.3,311.7,1494,37.1,114,0,0,0,0,0,0,9.399999999999977,5.803916230366492,4229.400000000001
L,302.3,311.7,1465,43.5,117,0,0,0,0,0,0,9.399999999999977,6.6730366492146596,5089.5
M,302.3,311.8,1363,54.0,119,1,0,0,0,0,0,9.5,7.707015706806283,6426.0
L,302.4,311.8,1648,30.0,122,0,0,0,0,0,0,9.400000000000034,5.17696335078534,3660.0
M,302.3,311.8,1879,23.0,124,0,0,0,0,0,0,9.5,4.525340314136126,2852.0
H,302.3,311.7,1482,39.0,127,0,0,0,0,0,0,9.399999999999977,6.0521465968586385,4953.0
L,302.4,311.8,1493,38.4,132,0,0,0,0,0,0,9.400000000000034,6.003267015706806,5068.8
L,302.4,311.8,1433,42.2,134,0,0,0,0,0,0,9.400000000000034,6.3322094240837705,5654.8
L,302.3,311.7,1400,41.6,136,0,0,0,0,0,0,9.399999999999977,6.098429319371728,5657.6
L,302.4,311.8,1255,59.0,138,0,0,0,0,0,0,9.400000000000034,7.7534031413612565,8142.0
L,302.2,311.7,1471,45.6,140,0,0,0,0,0,0,9.5,7.023832460732985,6384.0
H,302.2,311.6,1357,44.2,142,0,0,0,0,0,0,9.400000000000034,6.280565445026178,6276.400000000001
L,302.3,311.7,1453,41.2,147,0,0,0,0,0,0,9.399999999999977,6.268439790575917,6056.400000000001
M,302.3,311.7,1540,28.9,149,0,0,0,0,0,0,9.399999999999977,4.660314136125654,4306.099999999999
L,302.3,311.8,1605,35.2,152,0,0,0,0,0,0,9.5,5.915811518324608,5350.400000000001
H,302.3,311.9,1374,52.4,154,0,0,0,0,0,0,9.599999999999966,7.539015706806282,8069.599999999999
M,302.3,311.9,1508,42.3,159,0,0,0,0,0,0,9.599999999999966,6.679413612565445,6725.7
H,302.4,311.9,1366,47.3,162,0,0,0,0,0,0,9.5,6.765633507853403,7662.599999999999
H,302.5,312.0,1579,35.7,167,0,0,0,0,0,0,9.5,5.902649214659686,5961.900000000001
L,302.5,311.9,1306,59.7,172,0,0,0,0,0,1,9.399999999999977,8.164209424083769,10268.4
M,302.5,312.0,1521,40.2,174,0,0,0,0,0,0,9.5,6.402534031413613,6994.8
L,302.5,312.0,1411,44.2,177,0,0,0,0,0,0,9.5,6.530492146596859,7823.400000000001
H,302.5,312.0,1357,42.0,179,0,0,0,0,0,0,9.5,5.967958115183246,7518.0
M,302.5,312.0,1436,43.5,184,0,0,0,0,0,0,9.5,6.540942408376964,8004.0
L,302.5,311.9,1553,40.1,187,0,0,0,0,0,0,9.399999999999977,6.5209738219895295,7498.7
M,302.5,312.0,1451,43.2,189,0,0,0,0,0,0,9.5,6.563685863874346,8164.8
L,302.4,311.9,1541,37.9,192,0,0,0,0,0,0,9.5,6.115591623036648,7276.799999999999
M,302.3,311.7,1341,46.3,194,0,0,0,0,0,0,9.399999999999977,6.501392670157068,8982.199999999999
L,302.3,311.7,1648,32.1,197,0,0,0,0,0,0,9.399999999999977,5.539350785340314,6323.700000000001
M,302.3,311.7,1640,31.5,199,0,0,0,0,0,0,9.399999999999977,5.4094240837696335,6268.5
L,302.4,311.8,1416,46.1,202,0,0,0,0,0,0,9.400000000000034,6.835350785340314,9312.2
L,302.4,311.9,1671,29.9,204,0,0,0,0,0,0,9.5,5.2317172774869105,6099.599999999999
L,302.4,312.0,1457,45.5,206,0,0,0,0,0,0,9.600000000000023,6.9417277486910995,9373.0
M,302.5,312.0,1445,54.8,0,0,0,0,0,0,0,9.5,8.2917277486911,0.0
L,302.5,312.1,1534,38.6,3,0,0,0,0,0,0,9.600000000000023,6.200251308900524,115.80000000000001
L,302.4,312.0,1508,36.9,5,0,0,0,0,0,0,9.600000000000023,5.826722513089005,184.5
M,302.4,312.1,1492,47.7,7,0,0,0,0,0,0,9.700000000000045,7.452188481675393,333.90000000000003
L,302.4,312.0,1562,37.9,10,0,0,0,0,0,0,9.600000000000023,6.198931937172774,379.0
L,302.4,312.0,1545,36.4,12,0,0,0,0,0,0,9.600000000000023,5.8887958115183245,436.79999999999995
L,302.5,312.2,1738,25.3,14,0,0,0,0,0,0,9.699999999999989,4.604335078534032,354.2
L,302.4,312.0,1305,49.1,16,0,0,0,0,0,0,9.600000000000023,6.709476439790576,785.6
H,302.4,312.0,1477,39.7,18,0,0,0,0,0,0,9.600000000000023,6.1399895287958115,714.6
H,302.4,312.0,1457,43.4,23,0,0,0,0,0,0,9.600000000000023,6.621340314136125,998.1999999999999
L,302.4,312.1,1455,40.4,28,0,0,0,0,0,0,9.700000000000045,6.155183246073299,1131.2
L,302.5,312.2,1574,38.7,30,0,0,0,0,0,0,9.699999999999989,6.3784083769633515,1161.0
L,302.6,312.2,1695,27.1,32,0,0,0,0,0,0,9.599999999999966,4.809895287958115,867.2
M,302.6,312.2,1458,38.8,34,0,0,0,0,0,0,9.599999999999966,5.923602094240837,1319.1999999999998
M,302.5,312.1,1454,47.6,37,0,0,0,0,0,0,9.600000000000023,7.247162303664922,1761.2
L,302.5,312.0,2052,18.9,40,0,0,0,0,0,0,9.5,4.06102617801047,756.0
L,302.5,312.0,1673,29.9,42,0,0,0,0,0,0,9.5,5.237979057591622,1255.8
L,302.4,311.9,1578,29.9,44,0,0,0,0,0,0,9.5,4.940544502617801,1315.6
M,302.5,312.0,1642,29.1,46,0,0,0,0,0,0,9.5,5.003371727748692,1338.6000000000001
M,302.4,311.8,1557,31.5,49,0,0,0,0,0,0,9.400000000000034,5.1356544502617805,1543.5
L,302.5,311.9,1481,42.9,52,0,0,0,0,0,0,9.399999999999977,6.652869109947644,2230.7999999999997
M,302.5,311.8,1566,37.6,54,0,0,0,0,0,0,9.300000000000011,6.165612565445027,2030.4
M,302.5,311.9,1298,57.5,57,0,0,0,0,0,0,9.399999999999977,7.815183246073299,3277.5
M,302.5,311.9,1340,59.4,60,0,0,0,0,0,0,9.399999999999977,8.334659685863874,3564.0
L,302.5,312.0,1574,33.8,63,0,0,0,0,0,0,9.5,5.570806282722513,2129.3999999999996
L,302.5,311.9,1437,46.7,65,0,0,0,0,0,0,9.399999999999977,7.027005235602095,3035.5
L,302.6,311.9,1354,48.0,67,0,0,0,0,0,0,9.299999999999955,6.805445026178011,3216.0
L,302.6,311.9,1598,35.5,69,0,0,0,0,0,0,9.299999999999955,5.940209424083769,2449.5
M,302.7,312.0,1944,21.4,71,0,0,0,0,0,0,9.300000000000011,4.356188481675392,1519.3999999999999
M,302.7,312.0,1538,36.7,74,0,0,0,0,0,0,9.300000000000011,5.910429319371729,2715.8
L,302.7,312.0,1501,37.0,77,0,0,0,0,0,0,9.300000000000011,5.815392670157068,2849.0
L,302.8,312.1,1441,52.1,79,0,0,0,0,0,0,9.300000000000011,7.861371727748692,4115.900000000001
M,302.7,312.0,1652,31.0,81,0,0,0,0,0,0,9.300000000000011,5.362513089005236,2511.0
L,302.8,312.1,1487,36.6,84,0,0,0,0,0,0,9.300000000000011,5.698869109947644,3074.4
L,302.9,312.2,1605,33.9,86,0,0,0,0,0,0,9.300000000000011,5.6973298429319374,2915.4
L,302.9,312.1,1334,54.7,88,0,0,0,0,0,0,9.200000000000045,7.640816753926702,4813.6
L,302.9,312.2,1340,57.8,90,0,0,0,0,0,0,9.300000000000011,8.110157068062827,5202.0
L,302.9,312.2,1513,37.8,92,0,0,0,0,0,0,9.300000000000011,5.988628272251308,3477.6
L,302.9,312.2,1510,41.4,94,0,0,0,0,0,0,9.300000000000011,6.545968586387435,3891.6
L,302.9,312.2,1729,23.6,96,0,0,0,0,0,0,9.300000000000011,4.272712041884817,2265.6000000000004
M,302.9,312.2,1745,25.5,98,0,0,0,0,0,0,9.300000000000011,4.6594240837696335,2499.0
M,303.1,312.3,1623,31.6,101,0,0,0,0,0,0,9.199999999999989,5.37034554973822,3191.6000000000004
M,303.1,312.4,1378,50.1,104,0,0,0,0,0,0,9.299999999999955,7.229089005235602,5210.400000000001
L,303.1,312.4,1407,41.2,107,0,0,0,0,0,0,9.299999999999955,6.069989528795812,4408.400000000001
M,303.0,312.3,1674,29.5,109,0,0,0,0,0,0,9.300000000000011,5.170994764397906,3215.5
L,303.0,312.3,1486,42.4,112,0,0,0,0,0,0,9.300000000000011,6.5975287958115185,4748.8
M,303.0,312.3,1483,38.8,114,0,0,0,0,0,0,9.300000000000011,6.02517277486911,4423.2
H,303.0,312.2,1624,28.8,117,0,0,0,0,0,0,9.199999999999989,4.897507853403142,3369.6
M,303.0,312.2,1257,71.3,122,1,0,0,1,0,0,9.199999999999989,9.384722513089004,8698.6
L,303.0,312.3,1480,41.4,125,0,0,0,0,0,0,9.300000000000011,6.415916230366492,5175.0
L,303.1,312.4,1404,61.5,127,1,0,0,1,0,0,9.299999999999955,9.041465968586387,7810.5
M,303.0,312.4,1645,29.6,129,0,0,0,0,0,0,9.399999999999977,5.098638743455497,3818.4
L,303.0,312.3,1932,21.9,132,0,0,0,0,0,0,9.300000000000011,4.430450261780104,2890.7999999999997
L,303.0,312.3,1533,38.5,134,0,0,0,0,0,0,9.300000000000011,6.180157068062827,5159.0
M,302.9,312.2,1292,54.4,136,0,0,0,0,0,0,9.300000000000011,7.359664921465969,7398.4
L,302.9,312.2,1571,40.6,139,0,0,0,0,0,0,9.300000000000011,6.678806282722514,5643.400000000001
L,302.9,312.3,1578,36.3,141,0,0,0,0,0,0,9.400000000000034,5.998052356020942,5118.299999999999
M,302.8,312.2,1469,36.9,143,0,0,0,0,0,0,9.399999999999977,5.676031413612566,5276.7
L,302.7,312.1,1728,24.4,146,0,0,0,0,0,0,9.400000000000034,4.414994764397905,3562.3999999999996
H,302.7,312.1,1603,32.5,148,0,0,0,0,0,0,9.400000000000034,5.455235602094241,4810.0
L,302.7,312.1,1597,39.8,153,0,0,0,0,0,0,9.400000000000034,6.655560209424084,6089.4
L,302.7,312.1,1688,32.0,155,0,0,0,0,0,0,9.400000000000034,5.656125654450261,4960.0
L,302.7,312.2,1405,51.4,157,0,0,0,0,0,0,9.5,7.561989528795811,8069.8
M,302.8,312.2,1615,32.9,159,0,0,0,0,0,0,9.399999999999977,5.563717277486911,5231.099999999999
L,302.8,312.2,1515,36.8,162,0,0,0,0,0,0,9.399999999999977,5.837905759162303,5961.599999999999
L,302.7,312.2,1376,52.8,164,0,0,0,0,0,0,9.5,7.607623036649215,8659.199999999999
L,302.7,312.2,1447,47.5,166,0,0,0,0,0,0,9.5,7.197120418848168,7885.0
M,302.6,312.2,1353,56.5,168,0,0,0,0,0,0,9.599999999999966,8.004659685863874,9492.0
L,302.6,312.1,1502,47.3,171,0,0,0,0,0,0,9.5,7.439225130890051,8088.299999999999
L,302.6,312.0,1447,45.5,173,0,0,0,0,0,0,9.399999999999977,6.894083769633508,7871.5
M,302.5,312.0,1487,46.1,175,0,0,0,0,0,0,9.5,7.178083769633507,8067.5
L,302.6,312.1,1519,38.1,178,0,0,0,0,0,0,9.5,6.060094240837697,6781.8
L,302.6,312.1,1668,28.7,180,0,0,0,0,0,1,9.5,5.012732984293193,5166.0
L,302.6,312.1,1420,51.6,182,0,0,0,0,0,0,9.5,7.672460732984293,9391.2
L,302.6,312.1,1473,37.3,184,0,0,0,0,0,0,9.5,5.753183246073298,6863.2
L,302.5,312.0,1495,38.8,186,0,0,0,0,0,0,9.5,6.07392670157068,7216.799999999999
L,302.5,312.0,1574,42.0,188,0,0,0,0,0,0,9.5,6.922303664921466,7896.0
L,302.5,312.0,1383,51.3,190,0,0,0,0,0,0,9.5,7.42909947643979,9747.0
M,302.5,312.0,1591,29.4,192,0,0,0,0,0,0,9.5,4.897947643979057,5644.799999999999
M,302.4,311.8,1644,37.2,195,0,0,0,0,0,0,9.400000000000034,6.403853403141362,7254.000000000001
H,302.5,311.8,2370,14.7,198,0,0,0,0,0,0,9.300000000000011,3.648062827225131,2910.6
L,302.5,311.9,1401,44.9,203,0,0,0,0,0,0,9.399999999999977,6.586900523560209,9114.699999999999
M,302.5,311.9,1414,51.6,205,0,0,0,0,0,0,9.399999999999977,7.640041884816755,10578.0
L,302.5,312.0,1456,46.3,208,0,0,0,0,0,0,9.5,7.058931937172775,9630.4
M,302.5,312.0,1447,45.7,210,0,0,0,0,0,0,9.5,6.9243874345549745,9597.0
L,302.4,311.8,1727,26.5,213,0,0,0,0,0,0,9.400000000000034,4.792198952879581,5644.5
L,302.4,311.7,1495,36.8,215,0,0,0,0,0,0,9.300000000000011,5.760837696335078,7911.999999999999
L,302.3,311.6,1544,34.3,0,0,0,0,0,0,0,9.300000000000011,5.545465968586387,0.0
L,302.3,311.5,1387,47.3,2,0,0,0,0,0,0,9.199999999999989,6.8696439790575905,94.6
M,302.3,311.5,1316,47.2,4,0,0,0,0,0,0,9.199999999999989,6.50420942408377,188.8
L,302.3,311.5,1794,26.1,7,0,0,0,0,0,0,9.199999999999989,4.902973821989529,182.70000000000002
M,302.2,311.4,1372,55.1,9,0,0,0,0,0,0,9.199999999999989,7.915937172774869,495.90000000000003
M,302.3,311.5,1674,30.0,12,0,0,0,0,0,0,9.199999999999989,5.2586387434554975,360.0
L,302.2,311.4,1477,41.7,15,0,0,0,0,0,0,9.199999999999989,6.44930890052356,625.5
L,302.2,311.4,1397,53.0,17,0,0,0,0,0,0,9.199999999999989,7.752984293193717,901.0
L,302.2,311.5,1616,34.0,19,0,0,0,0,0,0,9.300000000000011,5.753298429319372,646.0
M,302.3,311.5,1530,42.3,21,0,0,0,0,0,0,9.199999999999989,6.776858638743454,888.3
M,302.2,311.4,1539,35.1,24,0,0,0,0,0,0,9.199999999999989,5.656429319371728,842.4000000000001
L,302.3,311.4,1845,21.9,27,0,0,0,0,0,0,9.099999999999966,4.230942408376963,591.3
L,302.2,311.4,1430,43.1,29,0,0,0,0,0,0,9.199999999999989,6.453717277486911,1249.9
L,302.2,311.4,2080,19.2,31,0,0,0,0,0,0,9.199999999999989,4.1817801047120415,595.1999999999999
M,302.2,311.4,1432,45.3,33,0,0,0,0,0,0,9.199999999999989,6.792628272251309,1494.8999999999999
M,302.2,311.5,1479,39.5,36,0,0,0,0,0,0,9.300000000000011,6.117329842931937,1422.0
L,302.2,311.5,1424,45.2,39,0,0,0,0,0,0,9.300000000000011,6.739769633507854,1762.8000000000002
H,302.2,311.6,1534,37.2,41,0,0,0,0,0,0,9.400000000000034,5.9753717277486915,1525.2
H,302.1,311.6,1701,26.2,46,0,0,0,0,0,0,9.5,4.66661780104712,1205.2
L,302.2,311.6,1462,50.0,51,0,0,0,0,0,0,9.400000000000034,7.654450261780105,2550.0
M,302.2,311.7,1393,42.5,53,0,0,0,0,0,0,9.5,6.199214659685864,2252.5
M,302.3,311.7,1453,42.5,56,0,0,0,0,0,0,9.399999999999977,6.466230366492146,2380.0
L,302.3,311.8,1565,37.8,59,0,0,0,0,0,0,9.5,6.194450261780104,2230.2
L,302.3,311.8,1281,51.7,61,0,0,0,0,0,0,9.5,6.934837696335078,3153.7000000000003
M,302.2,311.7,1584,36.2,63,0,0,0,0,0,0,9.5,6.004272251308901,2280.6000000000004
M,302.2,311.7,1466,49.0,66,0,0,0,0,0,0,9.5,7.521884816753927,3234.0
M,302.2,311.6,1386,50.5,69,0,0,0,0,0,0,9.400000000000034,7.329109947643979,3484.5
L,302.2,311.6,1383,44.3,72,0,0,0,0,0,0,9.400000000000034,6.415382198952879,3189.6
H,302.3,311.6,1441,53.9,74,0,0,0,0,0,0,9.300000000000011,8.132973821989529,3988.6
M,302.2,311.6,1592,37.7,79,0,0,0,0,0,0,9.400000000000034,6.284649214659686,2978.3
H,302.2,311.6,1594,36.8,82,0,0,0,0,0,0,9.400000000000034,6.142324607329843,3017.6
L,302.2,311.5,1482,45.6,87,0,0,0,0,0,0,9.300000000000011,7.076356020942408,3967.2000000000003
L,302.2,311.6,1658,31.4,89,0,0,0,0,0,0,9.400000000000034,5.4514345549738215,2794.6
L,302.3,311.7,2170,18.2,91,0,0,0,0,0,0,9.399999999999977,4.1354973821989525,1656.2
M,302.3,311.7,1423,44.6,93,0,0,0,0,0,0,9.399999999999977,6.645633507853403,4147.8
L,302.4,311.8,1543,31.1,96,0,0,0,0,0,0,9.400000000000034,5.024848167539267,2985.6000000000004
L,302.3,311.8,1435,44.8,98,0,0,0,0,0,0,9.5,6.731727748691099,4390.4
L,302.4,311.8,1320,56.4,100,0,0,0,0,0,0,9.400000000000034,7.795602094240838,5640.0
M,302.4,311.9,1313,55.7,102,0,0,0,0,0,0,9.5,7.658020942408378,5681.400000000001
M,302.4,311.8,1453,42.1,105,0,0,0,0,0,0,9.400000000000034,6.405371727748691,4420.5
L,302.4,311.8,1508,45.7,108,0,0,0,0,0,0,9.400000000000034,7.216293193717278,4935.6
L,302.4,311.8,1451,42.0,110,0,0,0,0,0,0,9.400000000000034,6.381361256544503,4620.0
H,302.5,311.9,1595,34.6,112,0,0,0,0,0,0,9.399999999999977,5.778743455497382,3875.2000000000003
L,302.5,311.9,1354,49.4,117,0,0,0,0,0,0,9.399999999999977,7.003937172774868,5779.8
L,302.5,311.9,1265,59.8,119,0,0,0,0,0,0,9.399999999999977,7.921151832460733,7116.2
L,302.4,311.9,1867,25.9,121,0,0,0,0,0,0,9.5,5.063382198952879,3133.8999999999996
L,302.5,311.9,1497,41.6,123,0,0,0,0,0,0,9.399999999999977,6.52096335078534,5116.8
M,302.5,311.9,1347,54.3,125,0,0,0,0,0,0,9.399999999999977,7.658858638743455,6787.5
L,302.3,311.7,1544,43.2,128,0,0,0,0,0,0,9.399999999999977,6.984376963350786,5529.6
H,302.3,311.7,1456,45.4,130,0,0,0,0,0,0,9.399999999999977,6.92171727748691,5902.0
L,302.5,311.8,1335,52.7,135,0,0,0,0,0,0,9.300000000000011,7.3669633507853405,7114.5
L,302.4,311.9,1452,43.1,137,0,0,0,0,0,0,9.5,6.553005235602095,5904.7
L,302.4,311.9,1290,70.0,139,1,0,0,1,0,0,9.5,9.455497382198953,9730.0
L,302.4,311.8,1448,43.4,141,0,0,0,0,0,0,9.400000000000034,6.580439790575916,6119.4
L,302.3,311.7,1611,38.6,143,0,0,0,0,0,0,9.399999999999977,6.511476439790576,5519.8
L,302.2,311.7,1556,38.6,145,0,0,0,0,0,0,9.5,6.289172774869111,5597.0
H,302.2,311.7,1413,46.5,147,0,0,0,0,0,0,9.5,6.880052356020943,6835.5
L,302.2,311.6,1545,35.9,152,0,0,0,0,0,0,9.400000000000034,5.807905759162304,5456.8
L,302.2,311.7,1330,54.6,154,0,0,0,0,0,0,9.5,7.603979057591623,8408.4
L,302.2,311.9,1596,38.0,156,0,0,0,0,0,0,9.699999999999989,6.350575916230366,5928.0
L,302.2,311.8,1618,36.0,158,0,0,0,0,0,0,9.600000000000023,6.099267015706806,5688.0
H,302.2,311.9,1597,35.8,160,0,0,0,0,0,0,9.699999999999989,5.9866596858638745,5728.0
L,302.3,312.0,1354,52.2,165,0,0,0,0,0,0,9.699999999999989,7.400921465968587,8613.0
L,302.3,312.0,1746,28.1,167,0,0,0,0,0,0,9.699999999999989,5.137445026178011,4692.7
L,302.4,312.0,1621,32.5,169,0,0,0,0,0,0,9.600000000000023,5.516492146596859,5492.5
L,302.3,312.0,1398,43.3,171,0,0,0,0,0,0,9.699999999999989,6.338575916230366,7404.299999999999
L,302.3,311.9,1434,51.9,173,0,0,0,0,0,0,9.599999999999966,7.793151832460732,8978.699999999999
M,302.3,311.8,1443,43.4,175,0,0,0,0,0,0,9.5,6.557717277486911,7595.0
L,302.2,311.7,1488,44.6,178,0,0,0,0,0,0,9.5,6.949193717277487,7938.8
M,302.3,311.8,1475,48.0,180,0,0,0,0,0,0,9.5,7.4136125654450264,8640.0
L,302.3,311.8,1433,50.3,183,0,0,0,0,0,0,9.5,7.547633507853402,9204.9
M,302.3,311.8,1557,34.1,185,0,0,0,0,0,0,9.5,5.5595497382198955,6308.5
M,302.4,311.9,1398,50.1,188,0,0,0,0,0,0,9.5,7.334010471204189,9418.800000000001
M,302.3,311.8,1559,34.4,191,0,0,0,0,0,0,9.5,5.615664921465968,6570.4
M,302.4,311.9,1422,46.4,194,0,0,0,0,0,0,9.5,6.9089842931937175,9001.6
M,302.3,311.8,1463,35.7,197,0,0,0,0,0,0,9.5,5.4690157068062835,7032.900000000001
L,302.3,311.7,1793,25.3,200,0,0,0,0,0,0,9.399999999999977,4.7500418848167545,5060.0
L,302.2,311.6,1872,20.4,202,0,0,0,0,0,0,9.400000000000034,3.9988272251308894,4120.799999999999
L,302.2,311.7,1412,44.5,204,0,0,0,0,0,0,9.5,6.579476439790576,9078.0
L,302.3,311.8,1487,43.2,206,0,0,0,0,0,0,9.5,6.726534031413613,8899.2
L,302.3,311.8,1369,56.2,208,1,0,0,0,1,0,9.5,8.056314136125655,11689.6
L,302.4,311.8,1673,30.1,210,0,0,0,0,0,0,9.400000000000034,5.273015706806283,6321.0
M,302.4,311.9,1439,36.6,212,0,0,0,0,0,0,9.5,5.514910994764398,7759.200000000001
L,302.3,311.8,1574,42.8,215,0,0,0,0,0,0,9.5,7.0541570680628265,9202.0
L,302.3,311.7,1281,48.8,0,0,0,0,0,0,0,9.399999999999977,6.545842931937172,0.0
M,302.2,311.7,1653,31.4,2,0,0,0,0,0,0,9.5,5.4349947643979055,62.8
M,302.3,311.7,1535,38.3,5,0,0,0,0,0,0,9.399999999999977,6.156073298429319,191.5
M,302.3,311.7,1483,40.5,8,0,0,0,0,0,0,9.399999999999977,6.289162303664922,324.0
L,302.3,311.7,1414,47.0,11,0,0,0,0,0,0,9.399999999999977,6.958952879581152,517.0
M,302.2,311.6,1379,42.9,13,0,0,0,0,0,0,9.400000000000034,6.194670157068063,557.6999999999999
H,302.2,311.5,1482,42.6,16,0,0,0,0,0,0,9.300000000000011,6.610806282722513,681.6
L,302.1,311.5,1987,20.1,21,0,0,0,0,0,0,9.399999999999977,4.182062827225131,422.1
M,302.1,311.5,1635,31.6,23,0,0,0,0,0,0,9.399999999999977,5.410052356020943,726.8000000000001
L,302.1,311.5,1533,39.4,26,0,0,0,0,0,0,9.399999999999977,6.324628272251308,1024.3999999999999
M,302.2,311.7,1576,34.0,28,0,0,0,0,0,0,9.5,5.610890052356021,952.0
H,302.2,311.8,1330,62.4,31,0,0,0,0,0,0,9.600000000000023,8.690261780104713,1934.3999999999999
L,302.2,311.8,1981,21.8,36,0,0,0,0,0,0,9.600000000000023,4.522073298429319,784.8000000000001
H,302.3,311.8,1475,42.8,38,0,0,0,0,0,0,9.5,6.610471204188481,1626.3999999999999
H,302.3,311.8,1804,25.0,43,0,0,0,0,0,0,9.5,4.722513089005235,1075.0
L,302.2,311.6,1416,54.1,48,0,0,0,0,0,0,9.400000000000034,8.02152879581152,2596.8
L,302.1,311.5,1727,27.7,50,0,0,0,0,0,0,9.399999999999977,5.009204188481675,1385.0
L,302.1,311.4,1391,49.2,52,0,0,0,0,0,0,9.299999999999955,7.166198952879581,2558.4
M,302.0,311.5,1366,52.3,54,0,0,0,0,0,0,9.5,7.480816753926702,2824.2
L,301.9,311.3,1366,55.6,57,0,0,0,0,0,0,9.400000000000034,7.952837696335079,3169.2000000000003
L,301.9,311.3,1501,40.8,59,0,0,0,0,0,0,9.400000000000034,6.412649214659686,2407.2
L,301.8,311.3,1551,35.8,61,0,0,0,0,0,0,9.5,5.814219895287958,2183.7999999999997
M,301.9,311.3,1522,35.6,63,0,0,0,0,0,0,9.400000000000034,5.6736335078534035,2242.8
L,301.9,311.2,1369,49.8,66,0,0,0,0,0,0,9.300000000000011,7.138869109947644,3286.7999999999997
L,301.8,311.2,1334,52.3,68,0,0,0,0,0,0,9.399999999999977,7.305570680628272,3556.3999999999996
H,301.8,311.2,1451,39.4,70,0,0,0,0,0,0,9.399999999999977,5.986324607329843,2758.0
L,301.7,311.2,1589,37.9,75,0,0,0,0,0,0,9.5,6.306083769633508,2842.5
L,301.7,311.3,1708,30.5,77,0,0,0,0,0,0,9.600000000000023,5.454869109947644,2348.5
M,301.7,311.2,1413,42.6,79,0,0,0,0,0,0,9.5,6.303015706806283,3365.4
M,301.6,311.2,1415,46.5,82,0,0,0,0,0,0,9.599999999999966,6.889790575916231,3813.0
L,301.7,311.3,1421,45.9,85,0,0,0,0,0,0,9.600000000000023,6.829727748691099,3901.5
L,301.7,311.3,1348,51.0,87,0,0,0,0,0,0,9.600000000000023,7.198743455497382,4437.0
L,301.6,311.2,1408,42.9,89,0,0,0,0,0,0,9.599999999999966,6.324942408376963,3818.1
L,301.6,311.2,1525,43.7,91,0,0,0,0,0,0,9.599999999999966,6.9782722513089,3976.7000000000003
L,301.6,311.3,1706,29.9,93,0,0,0,0,0,0,9.699999999999989,5.341298429319371,2780.7
H,301.6,311.2,1395,46.8,95,0,0,0,0,0,0,9.599999999999966,6.8362303664921455,4446.0
L,301.5,311.1,1602,34.3,100,0,0,0,0,0,0,9.600000000000023,5.753780104712042,3429.9999999999995
L,301.6,311.1,1907,21.5,102,0,0,0,0,0,0,9.5,4.293246073298429,2193.0
L,301.6,311.1,1325,49.2,104,0,0,0,0,0,0,9.5,6.826178010471205,5116.8
L,301.6,311.1,1408,44.4,106,0,0,0,0,0,0,9.5,6.546094240837696,4706.4
M,301.7,311.1,1489,41.4,108,0,0,0,0,0,0,9.400000000000034,6.454931937172775,4471.2
L,301.6,311.1,1680,29.2,111,0,0,0,0,0,0,9.5,5.13675392670157,3241.2
L,301.7,311.2,1517,42.4,113,0,0,0,0,0,0,9.5,6.735162303664921,4791.2
M,301.7,311.1,1618,36.7,115,0,0,0,0,0,0,9.400000000000034,6.21786387434555,4220.5
L,301.7,311.1,1455,39.8,118,0,0,0,0,0,0,9.400000000000034,6.063769633507853,4696.4
H,301.8,311.1,1543,36.4,120,0,0,0,0,0,0,9.300000000000011,5.88117277486911,4368.0
M,301.8,311.1,1399,41.8,125,0,0,0,0,0,0,9.300000000000011,6.123371727748691,5225.0
L,301.7,311.1,1469,37.2,128,0,0,0,0,0,0,9.400000000000034,5.722178010471205,4761.6
L,301.7,311.2,1521,36.7,130,0,0,0,0,0,0,9.5,5.845099476439791,4771.0
L,301.7,311.3,1584,38.8,132,0,0,0,0,0,0,9.600000000000023,6.4355183246073295,5121.599999999999
L,301.8,311.5,1443,43.3,134,0,0,0,0,0,0,9.699999999999989,6.542607329842931,5802.2
M,301.8,311.5,1416,49.0,136,0,0,0,0,0,0,9.699999999999989,7.265340314136125,6664.0
M,301.7,311.2,1563,34.5,139,0,0,0,0,0,0,9.5,5.646439790575916,4795.5
M,301.8,311.3,1542,40.1,142,0,0,0,0,0,0,9.5,6.474785340314137,5694.2
M,301.8,311.3,1624,31.6,145,0,0,0,0,0,0,9.5,5.37365445026178,4582.0
L,301.8,311.3,1471,44.2,148,0,0,0,0,0,0,9.5,6.808188481675393,6541.6
M,301.9,311.5,1492,40.8,150,0,0,0,0,0,0,9.600000000000023,6.374198952879581,6120.0
M,301.9,311.4,1465,39.9,153,0,0,0,0,0,0,9.5,6.120785340314137,6104.7
L,301.7,311.1,1399,55.1,156,0,0,0,0,0,0,9.400000000000034,8.071717277486911,8595.6
L,301.6,311.0,1431,42.6,158,0,0,0,0,0,0,9.399999999999977,6.38330890052356,6730.8
L,301.5,310.9,1600,39.0,160,0,0,0,0,0,0,9.399999999999977,6.534031413612565,6240.0
L,301.5,310.8,1593,34.5,162,0,0,0,0,0,0,9.300000000000011,5.7548167539267014,5589.0
L,301.5,310.9,1469,44.7,164,0,0,0,0,0,0,9.399999999999977,6.875842931937173,7330.8
L,301.5,310.8,1413,44.6,166,0,0,0,0,0,0,9.300000000000011,6.598931937172775,7403.6
L,301.4,310.8,1490,38.0,168,0,0,0,0,0,0,9.400000000000034,5.928795811518325,6384.0
L,301.5,310.9,1671,31.1,170,0,0,0,0,0,0,9.399999999999977,5.441685863874346,5287.0
L,301.5,310.9,1365,46.5,172,0,0,0,0,0,0,9.399999999999977,6.646335078534031,7998.0
M,301.4,310.9,1557,39.3,174,0,0,0,0,0,0,9.5,6.407340314136126,6838.2
L,301.4,310.9,1440,45.4,177,0,0,0,0,0,0,9.5,6.84565445026178,8035.8
M,301.4,310.9,1489,38.9,179,0,0,0,0,0,0,9.5,6.065141361256544,6963.099999999999
L,301.4,311.0,1733,25.7,182,0,0,0,0,0,0,9.600000000000023,4.663675392670157,4677.4
H,301.3,311.0,1580,36.6,184,0,0,0,0,0,0,9.699999999999989,6.0552879581151835,6734.400000000001
L,301.3,311.0,1856,21.9,189,0,0,0,0,0,0,9.699999999999989,4.2561675392670155,4139.099999999999
L,301.3,311.1,1454,40.3,191,0,0,0,0,0,0,9.800000000000011,6.1357277486910995,7697.299999999999
L,301.4,311.1,1495,36.3,193,0,0,0,0,0,0,9.700000000000045,5.682565445026177,7005.9
L,301.2,311.0,1761,29.1,195,0,0,0,0,0,0,9.800000000000011,5.365979057591623,5674.5
M,301.3,311.0,1402,47.5,197,0,0,0,0,0,0,9.699999999999989,6.973298429319372,9357.5
L,301.2,311.0,1670,33.0,200,0,0,0,0,0,0,9.800000000000011,5.770680628272252,6600.0
L,301.3,311.0,1582,35.6,202,0,0,0,0,0,0,9.699999999999989,5.897298429319372,7191.200000000001
L,301.3,311.0,1542,35.1,204,0,0,0,0,0,0,9.699999999999989,5.6674554973822,7160.400000000001
L,301.3,311.0,1539,36.9,206,0,0,0,0,0,0,9.699999999999989,5.946502617801047,7601.4
L,301.3,311.0,1418,41.9,208,0,0,0,0,0,0,9.699999999999989,6.221382198952879,8715.199999999999
L,301.3,311.1,1723,27.6,210,0,0,0,0,0,0,9.800000000000011,4.9795602094240845,5796.0
L,301.3,311.1,1303,49.2,212,0,0,0,0,0,0,9.800000000000011,6.712837696335079,10430.400000000001
M,301.3,311.0,1463,50.2,214,0,0,0,0,0,0,9.699999999999989,7.690324607329844,10742.800000000001
L,301.2,311.0,1544,39.3,217,0,0,0,0,0,0,9.800000000000011,6.353842931937172,8528.099999999999
L,301.2,311.0,1596,37.2,219,0,0,0,0,0,0,9.800000000000011,6.216879581151833,8146.8
L,301.3,311.1,1413,42.0,221,0,0,0,0,0,0,9.800000000000011,6.214240837696335,9282.0
M,301.3,311.1,1492,41.2,223,0,0,0,0,0,0,9.800000000000011,6.43669109947644,9187.6
L,301.3,311.1,1624,40.9,0,0,0,0,0,0,0,9.800000000000011,6.955141361256544,0.0
L,301.3,311.1,1504,39.1,2,0,0,0,0,0,0,9.800000000000011,6.157738219895288,78.2
M,301.2,311.1,1574,34.3,4,0,0,0,0,0,0,9.900000000000034,5.6532146596858635,137.2
M,301.3,311.2,1438,42.4,7,0,0,0,0,0,0,9.899999999999977,6.384418848167539,296.8
L,301.3,311.3,1474,50.7,10,0,0,0,0,0,0,10.0,7.825319371727749,507.0
L,301.3,311.2,1675,32.1,12,0,0,0,0,0,0,9.899999999999977,5.630104712041885,385.20000000000005
L,301.3,311.2,1457,44.5,14,0,0,0,0,0,0,9.899999999999977,6.789162303664922,623.0
L,301.3,311.3,1434,49.8,16,0,0,0,0,0,0,10.0,7.477821989528795,796.8
L,301.3,311.2,1668,30.1,18,0,0,0,0,0,0,9.899999999999977,5.257256544502618,541.8000000000001
L,301.2,311.1,1550,39.7,20,0,0,0,0,0,0,9.900000000000034,6.4434554973822,794.0
M,301.3,311.1,1834,25.4,22,0,0,0,0,0,0,9.800000000000011,4.877863874345549,558.8
M,301.4,311.2,1476,36.5,25,0,0,0,0,0,0,9.800000000000011,5.6412565445026175,912.5
M,301.4,311.2,1541,36.3,28,0,0,0,0,0,0,9.800000000000011,5.857413612565445,1016.3999999999999
M,301.3,311.1,1581,30.9,31,0,0,0,0,0,0,9.800000000000011,5.115486910994764,957.9
M,301.3,311.1,1678,30.7,34,0,0,0,0,0,0,9.800000000000011,5.394198952879581,1043.8
L,301.4,311.2,1355,50.6,37,0,0,0,0,0,0,9.800000000000011,7.179371727748691,1872.2
L,301.5,311.2,1700,28.8,39,0,0,0,0,0,0,9.699999999999989,5.126701570680629,1123.2
L,301.4,311.1,1462,37.1,41,0,0,0,0,0,0,9.700000000000045,5.679602094240838,1521.1000000000001
M,301.4,311.2,1727,26.5,43,0,0,0,0,0,0,9.800000000000011,4.792198952879581,1139.5
L,301.4,311.3,1674,33.3,46,0,0,0,0,0,0,9.900000000000034,5.837089005235602,1531.8
L,301.4,311.3,1397,42.3,48,0,0,0,0,0,0,9.900000000000034,6.1877591623036645,2030.3999999999999
L,301.4,311.3,2323,15.9,50,0,0,0,0,0,0,9.900000000000034,3.8676125654450266,795.0
M,301.4,311.2,1434,47.6,52,0,0,0,0,0,0,9.800000000000011,7.147476439790577,2475.2000000000003
L,301.3,311.1,1560,35.3,55,0,0,0,0,0,0,9.800000000000011,5.766282722513088,1941.4999999999998
L,301.2,311.0,1573,32.8,57,0,0,0,0,0,0,9.800000000000011,5.402554973821989,1869.6
H,301.2,310.9,1798,22.3,59,0,0,0,0,0,0,9.699999999999989,4.198471204188482,1315.7
L,301.2,311.0,1567,35.1,64,0,0,0,0,0,0,9.800000000000011,5.759340314136126,2246.4
L,301.2,310.9,1416,53.3,66,0,0,0,0,0,0,9.699999999999989,7.902910994764398,3517.7999999999997
M,301.2,310.9,1424,45.2,68,0,0,0,0,0,0,9.699999999999989,6.739769633507854,3073.6000000000004
H,301.2,310.9,1598,35.9,71,0,0,0,0,0,0,9.699999999999989,6.0071413612565445,2548.9
L,301.3,310.9,1760,23.9,76,0,0,0,0,0,0,9.599999999999966,4.404607329842932,1816.3999999999999
L,301.3,311.0,1348,44.5,78,0,0,0,0,0,0,9.699999999999989,6.281256544502618,3471.0
L,301.3,311.0,1542,33.6,80,0,0,0,0,0,0,9.699999999999989,5.425256544502618,2688.0
L,301.3,310.9,1566,33.1,82,0,0,0,0,0,0,9.599999999999966,5.427706806282723,2714.2000000000003
L,301.3,311.0,1554,47.7,84,0,0,0,0,0,0,9.699999999999989,7.76186387434555,4006.8
L,301.4,311.0,1470,40.6,86,0,0,0,0,0,0,9.600000000000023,6.249424083769633,3491.6
M,301.4,311.1,1758,25.4,88,0,0,0,0,0,0,9.700000000000045,4.6757277486910995,2235.2
M,301.4,311.0,1486,36.5,91,0,0,0,0,0,0,9.600000000000023,5.679476439790576,3321.5
M,301.5,311.1,1402,40.0,94,0,0,0,0,0,0,9.600000000000023,5.872251308900523,3760.0
L,301.5,311.1,1459,45.1,97,0,0,0,0,0,0,9.600000000000023,6.8901465968586395,4374.7
L,301.5,311.0,1494,45.3,99,0,0,0,0,0,0,9.5,7.086722513089005,4484.7
L,301.5,311.1,1731,27.9,101,0,0,0,0,0,0,9.600000000000023,5.057057591623036,2817.8999999999996
L,301.5,311.1,2076,18.7,103,0,0,0,0,0,0,9.600000000000023,4.065047120418848,1926.1
L,301.5,311.1,2055,16.8,105,0,0,0,0,0,0,9.600000000000023,3.6150785340314138,1764.0
L,301.5,311.1,1469,49.5,107,0,0,0,0,0,0,9.600000000000023,7.614188481675392,5296.5
M,301.5,311.0,1504,42.6,109,0,0,0,0,0,0,9.5,6.708942408376964,4643.400000000001
M,301.5,311.1,1396,43.5,112,0,0,0,0,0,0,9.600000000000023,6.3587434554973825,4872.0
M,301.5,311.1,1660,33.8,115,0,0,0,0,0,0,9.600000000000023,5.875183246073298,3886.9999999999995
M,301.5,311.0,1577,39.7,118,0,0,0,0,0,0,9.5,6.555696335078534,4684.6
L,301.5,311.1,1426,52.1,121,0,0,0,0,0,0,9.600000000000023,7.779539267015707,6304.1
L,301.5,311.1,1458,41.4,123,0,0,0,0,0,0,9.600000000000023,6.320544502617801,5092.2
L,301.4,311.0,1533,45.8,125,0,0,0,0,0,0,9.600000000000023,7.351979057591622,5725.0
L,301.4,311.0,1701,28.4,127,0,0,0,0,0,0,9.600000000000023,5.058471204188481,3606.7999999999997
L,301.5,311.1,1434,49.6,129,0,0,0,0,0,0,9.600000000000023,7.4477905759162315,6398.400000000001
L,301.4,311.1,1952,22.7,131,0,0,0,0,0,0,9.700000000000045,4.639832460732984,2973.7
L,301.4,311.1,1469,36.9,133,0,0,0,0,0,0,9.700000000000045,5.676031413612566,4907.7
L,301.4,311.1,1800,26.0,135,0,0,0,0,0,0,9.700000000000045,4.900523560209424,3510.0
M,301.3,311.1,1438,43.0,137,0,0,0,0,0,0,9.800000000000011,6.474764397905759,5891.0
L,301.3,311.1,1647,28.2,140,0,0,0,0,0,0,9.800000000000011,4.863392670157068,3948.0
L,301.4,311.1,1494,41.9,142,0,0,0,0,0,0,9.700000000000045,6.55482722513089,5949.8
H,301.4,311.1,1445,41.4,144,0,0,0,0,0,0,9.700000000000045,6.264188481675393,5961.599999999999
M,301.5,311.1,1507,38.6,149,0,0,0,0,0,0,9.600000000000023,6.091120418848168,5751.400000000001
M,301.4,311.0,1234,55.8,152,0,0,0,0,0,0,9.600000000000023,7.210178010471204,8481.6
L,301.4,311.0,1634,32.6,155,0,0,0,0,0,0,9.600000000000023,5.577842931937173,5053.0
L,301.4,311.0,1334,53.3,157,0,0,0,0,0,0,9.600000000000023,7.445256544502618,8368.1
L,301.4,311.1,1472,44.5,159,0,0,0,0,0,0,9.700000000000045,6.859057591623037,7075.5
M,301.3,311.0,1410,52.7,161,0,0,0,0,0,0,9.699999999999989,7.7808376963350785,8484.7
L,301.2,310.9,1597,37.9,164,0,0,0,0,0,0,9.699999999999989,6.337832460732984,6215.599999999999
M,301.2,310.9,1460,46.7,166,0,0,0,0,0,0,9.699999999999989,7.139476439790576,7752.200000000001
L,301.1,310.8,1274,55.7,169,0,0,0,0,0,0,9.699999999999989,7.43055497382199,9413.300000000001
M,301.0,310.7,1517,40.2,171,0,0,0,0,0,0,9.699999999999989,6.385696335078534,6874.200000000001
L,301.0,310.7,1300,57.2,174,0,0,0,0,0,0,9.699999999999989,7.786387434554974,9952.800000000001
H,300.9,310.6,1686,27.7,176,0,0,0,0,0,0,9.700000000000045,4.8902827225130885,4875.2
M,300.9,310.7,1485,41.0,181,0,0,0,0,0,0,9.800000000000011,6.375392670157068,7421.0
L,301.0,310.7,1464,45.8,184,0,0,0,0,0,0,9.699999999999989,7.021068062827225,8427.199999999999
L,300.9,310.6,1598,35.4,186,0,0,0,0,0,0,9.700000000000045,5.9234764397905755,6584.4
L,300.9,310.5,1894,21.9,188,0,0,0,0,0,0,9.600000000000023,4.34330890052356,4117.2
M,300.8,310.5,1330,59.0,190,0,0,0,0,0,0,9.699999999999989,8.216753926701571,11210.0
H,300.8,310.5,1582,31.1,193,0,0,0,0,0,0,9.699999999999989,5.151853403141362,6002.3
L,300.7,310.3,1533,35.6,198,0,0,0,0,0,0,9.600000000000023,5.714638743455498,7048.8
H,300.8,310.4,1419,46.4,200,0,0,0,0,0,0,9.599999999999966,6.89440837696335,9280.0
M,300.8,310.3,1526,36.3,205,0,0,0,0,0,0,9.5,5.800397905759162,7441.499999999999
H,300.7,310.2,1364,65.3,208,1,1,0,1,1,0,9.5,9.32661780104712,13582.4
M,300.8,310.3,1458,43.4,0,0,0,0,0,0,0,9.5,6.625884816753927,0.0
M,300.8,310.4,1288,64.0,3,0,0,0,0,0,0,9.599999999999966,8.631623036649215,192.0
M,300.7,310.3,1659,29.8,6,0,0,0,0,0,0,9.600000000000023,5.176774869109948,178.8
H,300.7,310.2,1479,52.3,9,0,0,0,0,0,0,9.5,8.099654450261779,470.7
L,300.7,310.3,1592,36.0,14,0,0,0,0,0,0,9.600000000000023,6.001256544502618,504.0
M,300.6,310.2,1532,38.7,16,0,0,0,0,0,0,9.599999999999966,6.20820942408377,619.2
L,300.6,310.2,1555,41.9,19,0,0,0,0,0,0,9.599999999999966,6.822460732984293,796.1
L,300.6,310.2,1341,52.6,21,0,0,0,0,0,0,9.599999999999966,7.386031413612566,1104.6000000000001
L,300.6,310.1,1541,42.0,23,0,0,0,0,0,0,9.5,6.7771727748691095,966.0
L,300.6,310.3,1414,50.6,25,0,0,0,0,0,0,9.699999999999989,7.491979057591624,1265.0
L,300.5,310.2,1764,25.9,27,0,0,0,0,0,0,9.699999999999989,4.784041884816753,699.3
L,300.5,310.3,1336,57.1,29,0,0,0,0,0,0,9.800000000000011,7.988020942408378,1655.9
L,300.5,310.3,1435,43.3,31,0,0,0,0,0,0,9.800000000000011,6.506335078534031,1342.3
M,300.4,310.3,1537,35.0,33,0,0,0,0,0,0,9.900000000000034,5.632984293193717,1155.0
L,300.3,310.2,1369,48.8,36,0,0,0,0,0,0,9.899999999999977,6.995518324607329,1756.8
M,300.2,310.1,1619,31.3,38,0,0,0,0,0,0,9.900000000000034,5.306251308900524,1189.4
L,300.2,310.1,1440,51.1,41,0,0,0,0,0,0,9.900000000000034,7.705130890052356,2095.1
L,300.2,310.1,1649,30.5,43,0,0,0,0,0,0,9.900000000000034,5.266439790575916,1311.5
M,300.2,310.1,1550,38.7,45,0,0,0,0,0,0,9.900000000000034,6.281151832460734,1741.5000000000002
L,300.3,310.2,1471,45.2,48,0,0,0,0,0,0,9.899999999999977,6.962219895287958,2169.6000000000004
L,300.3,310.3,1483,51.6,50,0,0,0,0,0,0,10.0,8.012858638743456,2580.0
L,300.3,310.4,1336,54.4,52,0,0,0,0,0,0,10.099999999999966,7.6103036649214655,2828.7999999999997
L,300.5,310.5,1515,36.6,54,0,0,0,0,0,0,10.0,5.806178010471204,1976.4
L,300.5,310.5,1373,47.4,56,0,0,0,0,0,0,10.0,6.814680628272251,2654.4
H,300.6,310.5,1454,51.2,58,0,0,0,0,0,0,9.899999999999977,7.7952670157068065,2969.6000000000004
L,300.5,310.5,1646,34.5,63,0,0,0,0,0,0,10.0,5.946282722513089,2173.5
M,300.5,310.4,1548,37.3,65,0,0,0,0,0,0,9.899999999999977,6.046115183246073,2424.5
M,300.6,310.5,1462,41.3,68,0,0,0,0,0,0,9.899999999999977,6.322575916230367,2808.3999999999996
L,300.5,310.4,1702,33.1,71,0,0,0,0,0,0,9.899999999999977,5.899078534031414,2350.1
L,300.5,310.5,1409,60.9,73,0,0,0,0,0,0,10.0,8.985141361256543,4445.7
M,300.6,310.6,1427,52.8,75,0,0,0,0,0,0,10.0,7.889591623036648,3960.0
L,300.6,310.7,1438,48.5,78,1,0,0,0,0,0,10.099999999999966,7.302931937172775,3783.0
L,300.7,310.7,1450,43.4,80,0,0,0,0,0,0,10.0,6.5895287958115185,3472.0
L,300.7,310.7,1541,41.3,82,0,0,0,0,0,0,10.0,6.664219895287958,3386.6
M,300.7,310.6,1484,38.0,84,0,0,0,0,0,0,9.900000000000034,5.904921465968586,3192.0
M,300.8,310.8,1415,44.5,87,0,0,0,0,0,0,10.0,6.593455497382199,3871.5
L,300.7,310.8,1496,46.4,90,0,0,0,0,0,0,10.100000000000023,7.268523560209424,4176.0
M,300.7,310.8,1465,45.2,92,0,0,0,0,0,0,10.100000000000023,6.933821989528796,4158.400000000001
L,300.7,310.8,2113,18.5,95,0,0,0,0,0,0,10.100000000000023,4.093246073298429,1757.5
M,300.7,310.8,1506,44.0,97,0,0,0,0,0,0,10.100000000000023,6.938638743455497,4268.0
L,300.7,310.8,1689,28.9,100,0,0,0,0,0,0,10.100000000000023,5.111214659685864,2890.0
L,300.7,310.9,1650,29.4,102,0,0,0,0,0,0,10.199999999999989,5.0795811518324605,2998.7999999999997
L,300.7,310.8,1563,33.8,104,0,0,0,0,0,0,10.100000000000023,5.5318743455497374,3515.2
M,300.7,310.9,1486,38.9,106,0,0,0,0,0,0,10.199999999999989,6.052921465968587,4123.4
L,300.8,310.9,1732,25.7,109,0,0,0,0,0,0,10.099999999999966,4.660984293193717,2801.2999999999997
L,300.7,310.8,1653,31.6,111,0,0,0,0,0,0,10.100000000000023,5.4696125654450265,3507.6000000000004
L,300.7,310.9,1535,37.1,113,0,0,0,0,0,0,10.199999999999989,5.963193717277487,4192.3
L,300.7,310.9,1637,37.2,115,0,0,0,0,0,0,10.199999999999989,6.376586387434555,4278.0
L,300.6,310.8,1533,38.5,117,0,0,0,0,0,0,10.199999999999989,6.180157068062827,4504.5
L,300.6,310.8,1378,51.2,119,0,0,0,0,0,0,10.199999999999989,7.387811518324608,6092.8
L,300.5,310.7,1606,33.5,121,0,0,0,0,0,0,10.199999999999989,5.633612565445026,4053.5
L,300.3,310.7,1539,32.3,123,0,0,0,0,0,0,10.399999999999977,5.205204188481675,3972.8999999999996
L,300.5,310.8,1728,26.3,125,0,0,0,0,0,0,10.300000000000011,4.7587853403141365,3287.5
H,300.4,310.7,1656,36.3,127,0,0,0,0,0,0,10.300000000000011,6.294534031413612,4610.099999999999
H,300.5,310.8,1631,30.5,132,0,0,0,0,0,0,10.300000000000011,5.208952879581152,4026.0
H,300.5,310.9,1447,46.5,137,0,0,0,0,0,0,10.399999999999977,7.045602094240838,6370.5
L,300.4,310.8,1396,49.3,142,0,0,0,0,0,0,10.400000000000034,7.206575916230367,7000.599999999999
L,300.4,310.8,1390,52.5,144,0,0,0,0,0,0,10.400000000000034,7.641361256544503,7560.0
L,300.4,310.8,1348,56.0,146,0,0,0,0,0,0,10.400000000000034,7.904502617801047,8176.0
M,300.4,310.8,1491,35.9,148,0,0,0,0,0,0,10.400000000000034,5.604910994764398,5313.2
L,300.4,310.8,1520,37.6,151,0,0,0,0,0,0,10.400000000000034,5.984502617801047,5677.6
L,300.5,310.8,1509,33.0,153,0,0,0,0,0,0,10.300000000000011,5.21434554973822,5049.0
L,300.5,310.8,1445,46.6,155,0,0,0,0,0,0,10.300000000000011,7.050994764397906,7223.0
L,300.5,310.8,1354,51.8,157,0,0,0,0,0,0,10.300000000000011,7.344209424083769,8132.599999999999
L,300.5,310.7,1488,39.4,159,0,0,0,0,0,0,10.199999999999989,6.138973821989529,6264.599999999999
H,300.5,310.7,1654,28.6,161,0,0,0,0,0,0,10.199999999999989,4.953340314136126,4604.6
H,300.5,310.6,1378,51.5,166,0,0,0,0,0,0,10.100000000000023,7.43109947643979,8549.0
L,300.6,310.7,1750,30.6,171,0,0,0,0,0,0,10.099999999999966,5.607329842931938,5232.6
L,300.5,310.6,1448,46.3,173,0,0,0,0,0,0,10.100000000000023,7.0201465968586385,8009.9
H,300.6,310.7,1501,45.3,175,0,0,0,0,0,0,10.099999999999966,7.119926701570681,7927.499999999999
M,300.6,310.7,1654,32.0,180,0,0,0,0,0,0,10.099999999999966,5.542198952879581,5760.0
M,300.7,310.7,1347,46.5,183,0,0,0,0,0,0,10.0,6.55869109947644,8509.5
L,300.7,310.8,1486,37.1,186,0,0,0,0,0,0,10.100000000000023,5.7728376963350785,6900.6
H,300.8,310.8,1466,45.2,188,0,0,0,0,0,0,10.0,6.938554973821989,8497.6
H,300.7,310.8,1346,52.0,193,0,0,0,0,0,0,10.100000000000023,7.329005235602094,10036.0
L,300.7,310.7,1314,42.4,198,0,0,0,0,0,0,10.0,5.833884816753926,8395.199999999999
L,300.6,310.7,1440,52.5,200,0,0,0,0,0,0,10.099999999999966,7.9162303664921465,10500.0
L,300.7,310.8,1608,39.5,202,0,0,0,0,0,0,10.100000000000023,6.650890052356021,7979.0
H,300.7,310.8,1296,58.2,204,0,0,0,0,0,0,10.100000000000023,7.89813612565445,11872.800000000001
L,300.7,310.7,1507,46.1,209,0,0,0,0,0,0,10.0,7.2746282722513085,9634.9
M,300.7,310.7,1343,51.6,211,0,0,0,0,0,0,10.0,7.25641884816754,10887.6
L,300.7,310.7,1416,40.4,214,0,0,0,0,0,0,10.0,5.990198952879581,8645.6
L,300.7,310.6,1288,47.2,216,0,0,0,0,0,0,9.900000000000034,6.365821989528796,10195.2
M,300.7,310.6,1407,42.4,218,0,0,0,0,0,0,9.900000000000034,6.246785340314136,9243.199999999999
L,300.6,310.4,1608,39.2,221,0,0,0,0,0,0,9.799999999999955,6.600376963350786,8663.2
L,300.6,310.3,1920,22.3,223,0,0,0,0,0,0,9.699999999999989,4.483350785340314,4972.900000000001
M,300.5,310.2,1386,48.2,225,0,0,0,0,0,0,9.699999999999989,6.99530890052356,10845.0
M,300.5,310.2,1571,34.6,228,0,0,0,0,0,0,9.699999999999989,5.691790575916231,7888.8
M,300.4,310.2,1613,36.9,231,0,0,0,0,0,0,9.800000000000011,6.232429319371727,8523.9
M,300.4,310.2,1671,30.5,234,1,1,0,0,0,0,9.800000000000011,5.336701570680629,7137.0
H,300.4,310.2,1431,43.2,0,0,0,0,0,0,0,9.800000000000011,6.473214659685865,0.0
M,300.4,310.2,1380,47.3,5,0,0,0,0,0,0,9.800000000000011,6.834973821989528,236.5
L,300.5,310.3,1683,31.5,8,0,0,0,0,0,0,9.800000000000011,5.551256544502618,252.0
L,300.4,310.2,1529,36.2,10,0,0,0,0,0,0,9.800000000000011,5.7957905759162305,362.0
L,300.5,310.4,1761,26.5,12,0,0,0,0,0,0,9.899999999999977,4.886544502617801,318.0
L,300.6,310.5,1570,38.3,14,0,0,0,0,0,0,9.899999999999977,6.296439790575915,536.1999999999999
M,300.6,310.5,2156,18.0,16,0,0,0,0,0,0,9.899999999999977,4.063664921465969,288.0
M,300.7,310.6,1349,54.5,19,0,0,0,0,0,0,9.900000000000034,7.69848167539267,1035.5
L,300.7,310.7,1431,39.3,22,0,0,0,0,0,0,10.0,5.88882722513089,864.5999999999999
L,300.6,310.6,1931,22.0,24,0,0,0,0,0,0,10.0,4.4483769633507855,528.0
H,300.7,310.7,1428,43.4,26,0,0,0,0,0,0,10.0,6.489549738219895,1128.3999999999999
L,300.8,310.8,1564,36.2,31,0,0,0,0,0,0,10.0,5.928460732984293,1122.2
H,300.8,310.9,1425,44.0,33,0,0,0,0,0,0,10.099999999999966,6.56544502617801,1452.0
L,300.7,310.8,1597,30.5,38,0,0,0,0,0,0,10.100000000000023,5.1003664921465965,1159.0
H,300.8,310.8,1618,32.8,40,0,0,0,0,0,0,10.0,5.557109947643978,1312.0
M,300.8,310.8,1520,38.0,45,0,0,0,0,0,0,10.0,6.048167539267015,1710.0
L,300.7,310.7,1425,45.3,48,0,0,0,0,0,0,10.0,6.759424083769633,2174.3999999999996
L,300.8,310.9,1398,38.2,50,0,0,0,0,0,0,10.099999999999966,5.5920000000000005,1910.0000000000002
M,300.8,310.9,1557,31.6,52,0,0,0,0,0,0,10.099999999999966,5.1519581151832465,1643.2
L,300.7,310.8,1519,43.9,55,0,0,0,0,0,0,10.100000000000023,6.982628272251308,2414.5
L,300.7,310.8,1619,34.9,57,0,0,0,0,0,0,10.100000000000023,5.91655497382199,1989.3
L,300.7,310.8,1814,21.4,59,0,0,0,0,0,0,10.100000000000023,4.064879581151832,1262.6
L,300.7,310.9,1521,39.4,61,0,0,0,0,0,0,10.199999999999989,6.275120418848168,2403.4
M,300.7,310.9,1369,51.2,63,0,0,0,0,0,0,10.199999999999989,7.339560209424084,3225.6000000000004
L,300.7,310.9,1356,65.3,66,1,0,0,1,0,0,10.199999999999989,9.271916230366493,4309.8
L,300.7,311.0,1336,53.3,68,0,0,0,0,0,0,10.300000000000011,7.45641884816754,3624.3999999999996
L,300.7,311.0,1403,48.3,70,0,0,0,0,0,0,10.300000000000011,7.0958010471204185,3381.0
M,300.7,311.0,1413,44.3,72,0,0,0,0,0,0,10.300000000000011,6.554544502617801,3189.6
L,300.6,310.9,1472,47.6,75,0,0,0,0,0,0,10.299999999999955,7.336879581151832,3570.0
M,300.7,310.8,1452,47.9,77,0,0,0,0,0,0,10.100000000000023,7.282806282722514,3688.2999999999997
L,300.6,310.7,1397,53.7,80,0,0,0,0,0,0,10.099999999999966,7.8553821989528805,4296.0
L,300.6,310.7,1455,40.6,82,0,0,0,0,0,0,10.099999999999966,6.18565445026178,3329.2000000000003
L,300.7,310.8,1754,27.7,84,0,0,0,0,0,0,10.100000000000023,5.08751832460733,2326.7999999999997
L,300.6,310.9,1471,37.9,86,0,0,0,0,0,0,10.299999999999955,5.83779057591623,3259.4
M,300.6,310.8,1389,48.1,88,0,0,0,0,0,0,10.199999999999989,6.995905759162304,4232.8
M,300.6,310.9,1702,30.3,91,0,0,0,0,0,0,10.299999999999955,5.40006282722513,2757.3
M,300.6,311.0,1401,54.6,94,0,0,0,0,0,0,10.399999999999977,8.009905759162304,5132.400000000001
L,300.7,311.1,1426,46.2,97,0,0,0,0,0,0,10.400000000000034,6.898554973821989,4481.400000000001
L,300.7,311.0,1496,38.3,99,0,0,0,0,0,0,10.300000000000011,5.9996649214659685,3791.7
L,300.6,310.9,1433,42.6,101,0,0,0,0,0,0,10.299999999999955,6.3922303664921465,4302.6
M,300.7,311.1,1438,46.6,103,0,0,0,0,0,0,10.400000000000034,7.016837696335079,4799.8
M,300.7,311.0,1418,49.3,106,0,0,0,0,0,0,10.300000000000011,7.320146596858638,5225.799999999999
M,300.8,311.0,1580,36.6,109,0,0,0,0,0,0,10.199999999999989,6.0552879581151835,3989.4
M,300.7,310.9,1468,41.8,112,0,0,0,0,0,0,10.199999999999989,6.425382198952879,4681.599999999999
M,300.8,310.9,1522,41.7,115,0,0,0,0,0,0,10.099999999999966,6.645801047120419,4795.5
L,300.8,310.9,1311,55.8,118,0,0,0,0,0,0,10.099999999999966,7.660083769633508,6584.4
L,300.9,311.0,1316,56.5,120,0,0,0,0,0,0,10.100000000000023,7.785759162303665,6780.0
H,300.9,311.0,1853,23.6,122,0,0,0,0,0,0,10.100000000000023,4.579141361256545,2879.2000000000003
M,300.9,311.0,1556,38.8,127,0,0,0,0,0,0,10.100000000000023,6.321759162303665,4927.599999999999
M,300.9,311.0,1567,34.3,130,0,0,0,0,0,0,10.100000000000023,5.628073298429319,4459.0
M,300.9,311.1,1546,37.7,133,0,0,0,0,0,0,10.200000000000045,6.103057591623037,5014.1
L,300.9,311.0,1382,51.2,136,0,0,0,0,0,0,10.100000000000023,7.409256544502619,6963.200000000001
L,300.9,311.0,2003,20.2,138,0,0,0,0,0,0,10.100000000000023,4.236712041884816,2787.6
L,300.8,310.9,1748,29.9,140,0,0,0,0,0,0,10.099999999999966,5.472795811518324,4186.0
H,300.7,310.8,1518,40.1,142,0,0,0,0,0,0,10.100000000000023,6.374010471204189,5694.2
L,300.7,310.8,1475,42.0,147,0,0,0,0,0,0,10.100000000000023,6.486910994764398,6174.0
L,300.8,310.8,1634,29.2,149,0,0,0,0,0,0,10.0,4.996104712041884,4350.8
L,300.8,310.8,1689,32.9,151,0,0,0,0,0,0,10.0,5.818649214659685,4967.9
M,300.9,310.9,1636,35.3,153,0,0,0,0,0,0,10.0,6.0472041884816745,5400.9
L,300.9,311.0,2235,15.8,156,0,0,0,0,0,0,10.100000000000023,3.697696335078534,2464.8
L,301.0,311.1,1615,35.6,158,0,0,0,0,0,0,10.100000000000023,6.020314136125655,5624.8
H,301.1,311.1,1618,29.5,160,0,0,0,0,0,0,10.0,4.998010471204188,4720.0
M,301.1,311.2,1407,53.0,165,0,0,0,0,0,0,10.099999999999966,7.80848167539267,8745.0
L,301.1,311.1,1450,43.3,168,0,0,0,0,0,0,10.0,6.5743455497382195,7274.4
L,301.1,311.1,1889,23.8,170,0,0,0,0,0,0,10.0,4.707664921465969,4046.0
L,301.0,310.9,1568,38.2,172,0,0,0,0,0,0,9.899999999999977,6.272,6570.400000000001
L,301.0,311.0,1804,25.8,174,0,0,0,0,0,0,10.0,4.873633507853404,4489.2
L,301.0,311.0,1582,37.5,176,0,0,0,0,0,0,10.0,6.212041884816754,6600.0
M,301.0,310.9,2047,17.9,178,0,0,0,0,0,0,9.899999999999977,3.836785340314136,3186.2
L,300.9,310.9,1601,34.0,181,0,0,0,0,0,0,10.0,5.699895287958115,6154.0
L,300.9,310.9,1615,32.0,183,0,0,0,0,0,0,10.0,5.4115183246073295,5856.0
M,300.9,310.8,1452,43.6,185,0,0,0,0,0,0,9.900000000000034,6.629026178010472,8066.0
M,300.9,310.8,1695,30.2,188,0,0,0,0,0,0,9.900000000000034,5.360104712041885,5677.599999999999
M,300.9,310.8,1790,26.2,191,0,0,0,0,0,0,9.900000000000034,4.910785340314136,5004.2
M,301.0,310.8,1533,39.3,194,0,0,0,0,0,0,9.800000000000011,6.308575916230366,7624.2
L,301.0,310.9,1813,28.5,197,0,0,0,0,0,0,9.899999999999977,5.410523560209424,5614.5
L,301.0,310.9,1492,36.7,199,0,0,0,0,0,0,9.899999999999977,5.73365445026178,7303.3
L,300.9,310.7,1479,43.3,201,0,0,0,0,0,0,9.800000000000011,6.705832460732984,8703.3
L,300.8,310.7,1339,59.1,203,1,0,0,0,1,0,9.899999999999977,8.286376963350786,11997.300000000001
M,300.8,310.7,1371,44.7,205,0,0,0,0,0,0,9.899999999999977,6.417141361256545,9163.5
L,300.9,310.7,1468,36.2,208,0,0,0,0,0,0,9.800000000000011,5.564565445026179,7529.6
L,300.9,310.7,1517,41.7,210,0,0,0,0,0,0,9.800000000000011,6.623968586387435,8757.0
L,300.9,310.7,1352,46.4,212,0,0,0,0,0,0,9.800000000000011,6.568879581151832,9836.8
L,300.9,310.7,1389,50.0,214,0,0,0,0,0,0,9.800000000000011,7.272251308900524,10700.0
M,300.8,310.6,1505,36.2,0,0,0,0,0,0,0,9.800000000000011,5.7048167539267025,0.0
L,300.9,310.6,1538,36.7,3,0,0,0,0,0,0,9.700000000000045,5.910429319371729,110.10000000000001
L,300.9,310.8,1482,37.0,5,0,0,0,0,0,0,9.900000000000034,5.741780104712042,185.0
M,300.9,310.8,1599,33.0,7,0,0,0,0,0,0,9.900000000000034,5.525340314136126,231.0
L,300.9,310.8,1476,39.0,10,0,0,0,0,0,0,9.900000000000034,6.027643979057592,390.0
L,300.9,310.7,1509,37.5,12,0,0,0,0,0,0,9.800000000000011,5.925392670157068,450.0
L,300.9,310.8,1708,29.1,14,0,0,0,0,0,0,9.900000000000034,5.20448167539267,407.40000000000003
L,300.9,310.7,1412,57.5,16,0,0,0,0,0,1,9.800000000000011,8.501570680628273,920.0
L,300.9,310.7,1658,28.5,18,0,0,0,0,0,0,9.800000000000011,4.947958115183246,513.0
L,301.0,310.8,1375,57.2,20,0,0,0,0,0,0,9.800000000000011,8.235602094240837,1144.0
M,300.9,310.8,1402,48.1,22,0,0,0,0,0,0,9.900000000000034,7.061382198952879,1058.2
M,300.9,310.7,1452,47.3,25,0,0,0,0,0,0,9.800000000000011,7.19158115183246,1182.5
M,300.8,310.7,1483,40.8,28,0,0,0,0,0,0,9.899999999999977,6.335748691099476,1142.3999999999999
H,300.9,310.8,1477,38.4,31,0,0,0,0,0,0,9.900000000000034,5.938931937172774,1190.3999999999999
M,300.8,310.7,1924,22.4,36,0,0,0,0,0,0,9.899999999999977,4.512837696335079,806.4
H,300.9,310.7,1609,28.7,39,0,0,0,0,0,0,9.800000000000011,4.835424083769633,1119.3
M,300.8,310.7,1886,21.1,44,0,0,0,0,0,0,9.899999999999977,4.166973821989529,928.4000000000001
L,300.7,310.6,1616,29.6,47,0,0,0,0,0,0,9.900000000000034,5.008753926701571,1391.2
L,300.7,310.7,1442,43.2,49,0,0,0,0,0,0,10.0,6.522973821989529,2116.8
L,300.8,310.8,1407,45.1,51,0,0,0,0,0,0,10.0,6.644575916230367,2300.1
M,300.8,310.8,1461,41.3,53,0,0,0,0,0,0,10.0,6.318251308900523,2188.8999999999996
M,300.8,310.9,1522,46.2,56,0,0,0,0,0,0,10.099999999999966,7.36297382198953,2587.2000000000003
L,300.9,311.0,1432,48.1,59,0,0,0,0,0,0,10.100000000000023,7.21248167539267,2837.9
L,300.9,311.0,1438,49.0,61,0,0,0,0,0,0,10.100000000000023,7.378219895287958,2989.0
M,300.8,310.9,1678,28.1,63,0,0,0,0,0,0,10.099999999999966,4.937361256544503,1770.3000000000002
M,300.8,310.9,1514,38.7,66,0,0,0,0,0,0,10.099999999999966,6.135267015706806,2554.2000000000003
L,300.7,310.8,1534,41.3,69,0,0,0,0,0,0,10.100000000000023,6.633947643979058,2849.7
M,300.7,310.8,1486,41.2,71,0,0,0,0,0,0,10.100000000000023,6.410806282722514,2925.2000000000003
L,300.7,310.8,1925,22.0,74,0,0,0,0,0,0,10.100000000000023,4.43455497382199,1628.0
M,300.7,310.8,1724,30.0,76,0,0,0,0,0,0,10.100000000000023,5.4157068062827225,2280.0
M,300.8,310.8,1549,35.5,79,0,0,0,0,0,0,10.0,5.758062827225131,2804.5
L,300.8,310.9,1457,47.7,82,0,0,0,0,0,0,10.099999999999966,7.277371727748692,3911.4
L,300.8,310.9,1453,43.9,84,0,0,0,0,0,0,10.099999999999966,6.6792356020942405,3687.6
L,300.8,311.0,1578,44.4,86,0,0,0,0,0,0,10.199999999999989,7.336460732984293,3818.4
M,300.9,311.1,1325,61.4,88,0,0,0,0,0,0,10.200000000000045,8.518848167539266,5403.2
L,300.9,311.1,1471,39.3,91,0,0,0,0,0,0,10.200000000000045,6.053434554973822,3576.2999999999997
M,300.9,311.2,1472,40.0,93,0,0,0,0,0,0,10.300000000000011,6.16544502617801,3720.0
L,300.9,311.1,1457,37.4,96,0,0,0,0,0,0,10.200000000000045,5.705947643979057,3590.3999999999996
L,301.0,311.0,1402,55.3,98,0,0,0,0,0,0,10.0,8.118387434554974,5419.4
L,300.9,310.9,1477,41.5,100,0,0,0,0,0,0,10.0,6.418376963350785,4150.0
M,300.9,310.9,1727,30.1,102,0,0,0,0,0,0,10.0,5.443214659685864,3070.2000000000003
L,300.9,310.9,1995,20.2,105,0,0,0,0,0,0,10.0,4.21979057591623,2121.0
L,300.9,310.9,1370,52.5,107,0,0,0,0,0,0,10.0,7.531413612565445,5617.5
L,300.9,310.9,1228,66.4,109,0,0,0,0,0,0,10.0,8.538136125654452,7237.6
L,300.9,311.0,1499,38.0,111,0,0,0,0,0,0,10.100000000000023,5.964607329842932,4218.0
M,301.0,311.0,1508,46.9,113,0,0,0,0,0,0,10.0,7.405780104712042,5299.7
L,301.0,310.9,1473,44.2,116,0,0,0,0,0,0,9.899999999999977,6.817445026178011,5127.200000000001
H,301.0,311.0,1640,37.6,118,0,0,0,0,0,0,10.0,6.45696335078534,4436.8
L,301.1,311.1,1429,42.5,123,0,0,0,0,0,0,10.0,6.359424083769634,5227.5
L,301.1,311.1,1470,40.9,125,0,0,0,0,0,0,10.0,6.295602094240838,5112.5
L,301.0,311.0,1581,37.0,127,0,0,0,0,0,0,10.0,6.125340314136126,4699.0
L,301.0,310.9,1740,28.9,129,0,0,0,0,0,0,9.899999999999977,5.265549738219895,3728.1
H,300.9,310.8,1390,40.6,131,0,0,0,0,0,0,9.900000000000034,5.909319371727749,5318.6
M,300.9,310.8,1988,19.7,136,0,0,0,0,0,0,9.900000000000034,4.10090052356021,2679.2
M,300.8,310.7,1452,43.0,139,0,0,0,0,0,0,9.899999999999977,6.537801047120419,5977.0
L,300.8,310.7,1586,33.4,142,0,0,0,0,0,0,9.899999999999977,5.546848167539267,4742.8
L,300.8,310.7,1589,34.3,144,0,0,0,0,0,0,9.899999999999977,5.707089005235602,4939.2
L,300.8,310.8,1486,45.7,146,0,0,0,0,0,0,10.0,7.111015706806282,6672.200000000001
L,300.9,310.9,1755,27.9,148,0,0,0,0,0,0,10.0,5.12717277486911,4129.2
M,301.0,310.9,1575,34.6,150,0,0,0,0,0,0,9.899999999999977,5.706282722513089,5190.0
M,301.1,311.1,1615,37.7,153,0,0,0,0,0,0,10.0,6.375445026178011,5768.1
M,301.1,311.1,1436,41.8,156,0,0,0,0,0,0,10.0,6.2853193717277485,6520.799999999999
M,301.1,311.1,1470,40.6,159,0,0,0,0,0,0,10.0,6.249424083769633,6455.400000000001
M,301.1,311.1,2089,19.8,162,0,0,0,0,0,0,10.0,4.331120418848168,3207.6
L,301.1,311.2,1564,37.0,165,0,0,0,0,0,0,10.099999999999966,6.059476439790576,6105.0
M,301.0,311.1,1420,47.4,167,0,0,0,0,0,0,10.100000000000023,7.047958115183246,7915.8
L,301.1,311.1,1711,29.1,170,0,0,0,0,0,0,10.0,5.213623036649215,4947.0
L,301.1,311.2,1555,35.3,172,0,0,0,0,0,0,10.099999999999966,5.747801047120418,6071.599999999999
M,301.1,311.1,1592,35.7,174,0,0,0,0,0,0,10.0,5.95124607329843,6211.8
L,301.0,311.1,1236,64.4,177,1,0,0,0,1,0,10.100000000000023,8.3349109947644,11398.800000000001
M,301.0,310.9,1765,24.2,179,0,0,0,0,0,0,9.899999999999977,4.472565445026178,4331.8
L,301.0,311.0,1634,31.2,182,0,0,0,0,0,0,10.0,5.338303664921465,5678.4
L,301.1,311.1,1508,41.5,184,0,0,0,0,0,0,10.0,6.553089005235602,7636.0
L,301.1,311.2,1774,29.6,186,0,0,0,0,0,0,10.099999999999966,5.498471204188482,5505.6
L,301.1,311.0,1677,29.1,188,0,0,0,0,0,0,9.899999999999977,5.110020942408378,5470.8
L,301.0,311.0,1399,58.0,190,1,0,0,0,1,0,10.0,8.496544502617802,11020.0
L,301.0,310.9,1570,34.0,192,0,0,0,0,0,0,9.899999999999977,5.5895287958115185,6528.0
L,301.0,310.9,1479,44.3,194,0,0,0,0,0,0,9.899999999999977,6.860701570680628,8594.199999999999
L,301.0,310.8,1558,34.9,196,0,0,0,0,0,0,9.800000000000011,5.693633507853403,6840.4
L,300.8,310.7,1358,48.1,198,0,0,0,0,0,0,9.899999999999977,6.839769633507854,9523.800000000001
H,300.9,310.7,1656,30.7,200,0,0,0,0,0,0,9.800000000000011,5.323476439790576,6140.0
L,300.9,310.7,1523,35.8,205,0,0,0,0,0,0,9.800000000000011,5.709256544502617,7338.999999999999
H,300.9,310.7,1403,40.6,207,0,0,0,0,0,0,9.800000000000011,5.964586387434555,8404.2
M,300.9,310.7,1362,51.6,212,0,0,0,0,0,0,9.800000000000011,7.359078534031413,10939.2
M,300.7,310.6,1778,27.1,215,0,0,0,0,0,0,9.900000000000034,5.045424083769634,5826.5
L,300.7,310.5,1448,38.2,218,0,0,0,0,0,0,9.800000000000011,5.792000000000001,8327.6
H,300.8,310.5,1559,40.1,220,0,0,0,0,0,0,9.699999999999989,6.546167539267016,8822.0
L,300.8,310.6,1416,42.2,225,0,0,0,0,0,0,9.800000000000011,6.257089005235603,9495.0
L,300.8,310.6,1577,37.9,227,1,1,0,0,0,0,9.800000000000011,6.258460732984293,8603.3
L,300.8,310.7,1633,27.8,0,0,0,0,0,0,0,9.899999999999977,4.75365445026178,0.0
L,300.9,310.7,1573,31.2,2,0,0,0,0,0,0,9.800000000000011,5.1390157068062825,62.4
L,300.9,310.8,1517,44.3,4,0,0,0,0,0,0,9.900000000000034,7.036973821989528,177.2
L,301.0,310.9,1515,37.3,6,0,0,0,0,0,0,9.899999999999977,5.917225130890052,223.79999999999998
L,301.0,310.8,1527,45.3,8,0,0,0,0,0,0,9.800000000000011,7.243256544502617,362.4
L,301.1,310.9,1282,67.9,10,1,0,0,1,0,0,9.799999999999955,9.114952879581152,679.0
M,301.1,310.9,1396,45.1,12,0,0,0,0,0,0,9.799999999999955,6.592628272251309,541.2
L,301.0,310.9,1492,44.6,15,0,0,0,0,0,0,9.899999999999977,6.967874345549738,669.0
L,301.0,310.8,1975,19.7,17,0,0,0,0,0,0,9.800000000000011,4.074083769633508,334.9
L,301.0,310.8,1475,35.3,19,0,0,0,0,0,0,9.800000000000011,5.452094240837695,670.6999999999999
H,301.0,310.9,1495,37.3,21,0,0,0,0,0,0,9.899999999999977,5.839109947643978,783.3
L,301.0,311.0,1553,35.8,26,0,0,0,0,0,0,10.0,5.82171727748691,930.8
L,301.1,311.0,1918,21.7,28,0,0,0,0,0,0,9.899999999999977,4.358178010471204,607.6
M,301.1,311.0,1413,46.6,30,0,0,0,0,0,0,9.899999999999977,6.894848167539267,1398.0
L,301.0,311.0,1437,56.0,33,0,0,0,0,0,0,10.0,8.426387434554973,1848.0
L,301.0,310.9,1450,45.9,35,0,0,0,0,0,0,9.899999999999977,6.969109947643979,1606.5
M,301.0,310.9,1910,21.9,37,0,0,0,0,0,0,9.899999999999977,4.38,810.3
L,300.9,310.9,1749,26.4,40,0,0,0,0,0,0,10.0,4.834931937172775,1056.0
H,301.0,310.9,1916,22.0,42,0,0,0,0,0,0,9.899999999999977,4.413821989528796,924.0
L,301.0,310.9,1428,45.3,47,0,0,0,0,0,0,9.899999999999977,6.7736544502617795,2129.1
L,301.0,310.9,1578,38.4,49,0,0,0,0,0,0,9.899999999999977,6.345047120418847,1881.6
L,300.9,310.8,1571,39.9,51,0,0,0,0,0,0,9.900000000000034,6.5636544502617795,2034.8999999999999
L,300.9,310.8,1729,30.2,53,0,0,0,0,0,0,9.900000000000034,5.467623036649214,1600.6
L,300.9,310.8,1701,30.4,55,0,0,0,0,0,0,9.900000000000034,5.414701570680628,1672.0
L,300.9,310.8,1493,45.8,57,0,0,0,0,0,0,9.900000000000034,7.160146596858638,2610.6
M,301.0,310.9,1554,32.7,59,0,0,0,0,0,0,9.899999999999977,5.321026178010472,1929.3000000000002
L,300.9,310.9,1497,43.2,62,0,0,0,0,0,0,10.0,6.771769633507853,2678.4
L,301.0,310.9,1679,29.8,64,0,0,0,0,0,0,9.899999999999977,5.239183246073299,1907.2
M,301.0,310.9,1510,44.5,66,0,0,0,0,0,0,9.899999999999977,7.036125654450262,2937.0
L,301.0,310.9,1296,54.9,69,0,0,0,0,0,0,9.899999999999977,7.450303664921465,3788.1
L,301.0,310.9,1404,41.8,71,0,0,0,0,0,0,9.899999999999977,6.145256544502618,2967.7999999999997
M,300.9,310.8,1519,34.9,73,0,0,0,0,0,0,9.900000000000034,5.551109947643979,2547.7
M,300.9,310.7,1696,27.3,76,0,0,0,0,0,0,9.800000000000011,4.848251308900524,2074.8
M,300.8,310.6,1669,28.4,79,0,0,0,0,0,0,9.800000000000011,4.96330890052356,2243.6
L,300.7,310.6,1447,40.7,82,0,0,0,0,0,0,9.900000000000034,6.166795811518325,3337.4
M,300.7,310.6,1418,46.3,84,0,0,0,0,0,0,9.900000000000034,6.874701570680628,3889.2
L,300.7,310.6,1407,40.5,87,0,0,0,0,0,0,9.900000000000034,5.966858638743456,3523.5
L,300.8,310.5,1434,44.5,89,0,0,0,0,0,0,9.699999999999989,6.681989528795811,3960.5
L,300.8,310.6,1360,48.8,91,0,0,0,0,0,0,9.800000000000011,6.949528795811518,4440.8
L,300.8,310.6,1402,53.7,93,0,0,0,0,0,0,9.800000000000011,7.883497382198954,4994.1
L,300.9,310.6,1552,34.9,95,0,0,0,0,0,0,9.700000000000045,5.671706806282722,3315.5
L,300.9,310.7,1392,44.2,97,0,0,0,0,0,0,9.800000000000011,6.44255497382199,4287.400000000001
L,301.1,310.8,1521,41.0,99,0,0,0,0,0,0,9.699999999999989,6.529947643979058,4059.0
L,301.1,310.8,1724,27.5,101,0,0,0,0,0,0,9.699999999999989,4.964397905759163,2777.5
M,301.0,310.7,1455,46.1,103,0,0,0,0,0,0,9.699999999999989,7.023612565445026,4748.3
H,301.0,310.6,1366,50.6,106,0,0,0,0,0,0,9.600000000000023,7.237654450261781,5363.6
H,301.1,310.6,1407,43.9,111,0,0,0,0,0,0,9.5,6.467780104712041,4872.9
L,301.1,310.8,1470,49.3,116,0,0,0,0,0,0,9.699999999999989,7.588586387434555,5718.799999999999
M,301.2,310.9,1359,50.8,118,0,0,0,0,0,0,9.699999999999989,7.2290261780104705,5994.4
H,301.1,310.8,1792,25.8,121,0,0,0,0,0,0,9.699999999999989,4.841214659685864,3121.8
M,301.1,310.9,1552,37.9,126,0,0,0,0,0,0,9.799999999999955,6.159246073298429,4775.4
L,301.2,311.0,1612,32.9,129,0,0,0,0,0,0,9.800000000000011,5.553382198952879,4244.099999999999
M,301.2,311.0,1424,41.4,131,0,0,0,0,0,0,9.800000000000011,6.173151832460733,5423.4
H,301.3,311.0,1341,59.3,134,0,0,0,0,0,0,9.699999999999989,8.32683769633508,7946.2
L,301.2,310.8,1479,38.2,139,0,0,0,0,0,0,9.600000000000023,5.916,5309.8
L,301.2,310.9,1413,50.1,141,0,0,0,0,0,0,9.699999999999989,7.412701570680628,7064.1
L,301.3,310.9,2165,17.4,143,0,0,0,0,0,0,9.599999999999966,3.944607329842932,2488.2
M,301.3,311.0,1641,33.0,145,0,0,0,0,0,0,9.699999999999989,5.670471204188481,4785.0
M,301.3,311.0,1495,40.8,148,0,0,0,0,0,0,9.699999999999989,6.387015706806282,6038.4
L,301.3,311.0,1576,30.4,151,0,0,0,0,0,0,9.699999999999989,5.016795811518324,4590.4
L,301.2,310.9,1467,37.1,153,0,0,0,0,0,0,9.699999999999989,5.699026178010472,5676.3
L,301.2,310.8,1479,41.2,155,0,0,0,0,0,0,9.600000000000023,6.380607329842932,6386.0
L,301.3,310.9,1596,33.9,157,0,0,0,0,0,0,9.599999999999966,5.665382198952879,5322.3
M,301.3,310.9,1512,36.9,159,0,0,0,0,0,0,9.599999999999966,5.842178010471204,5867.099999999999
L,301.4,310.9,1414,38.8,162,0,0,0,0,0,0,9.5,5.744837696335078,6285.599999999999
L,301.3,310.8,1390,57.4,164,0,0,0,0,0,0,9.5,8.35455497382199,9413.6
L,301.2,310.7,1644,31.6,166,0,0,0,0,0,0,9.5,5.439832460732984,5245.6
M,301.2,310.7,1394,42.8,168,0,0,0,0,0,0,9.5,6.247455497382199,7190.4
L,301.1,310.5,1324,52.4,171,0,0,0,0,0,0,9.399999999999977,7.264670157068062,8960.4
L,301.0,310.4,1476,43.6,173,0,0,0,0,0,0,9.399999999999977,6.7385968586387435,7542.8
L,301.0,310.4,2204,16.6,175,0,0,0,0,0,0,9.399999999999977,3.83103664921466,2905.0000000000005
M,301.0,310.4,1665,30.9,177,0,0,0,0,0,0,9.399999999999977,5.387277486910995,5469.3
L,300.9,310.4,1445,41.7,180,0,0,0,0,0,0,9.5,6.309581151832462,7506.000000000001
H,300.8,310.3,1457,46.8,182,0,0,0,0,0,0,9.5,7.14006282722513,8517.6
L,300.8,310.2,1492,46.3,187,0,0,0,0,0,0,9.399999999999977,7.233465968586387,8658.1
L,300.8,310.1,1405,61.2,189,1,0,0,1,1,0,9.300000000000011,9.003769633507853,11566.800000000001
L,300.7,310.1,1542,35.5,191,0,0,0,0,0,0,9.400000000000034,5.732041884816754,6780.5
L,300.8,310.2,1520,37.7,193,0,0,0,0,0,0,9.399999999999977,6.0004188481675405,7276.1
M,300.8,310.2,1598,36.5,195,0,0,0,0,0,0,9.399999999999977,6.1075392670157065,7117.5
L,300.8,310.3,1538,36.1,198,0,0,0,0,0,0,9.5,5.813801047120419,7147.8
L,300.9,310.4,1615,30.9,200,0,0,0,0,0,0,9.5,5.225497382198953,6180.0
L,301.0,310.5,1408,47.0,202,0,0,0,0,0,0,9.5,6.929424083769634,9494.0
L,301.0,310.5,1379,57.3,204,1,0,0,0,1,0,9.5,8.274,11689.199999999999
L,301.0,310.6,1493,37.8,206,1,1,0,0,0,0,9.600000000000023,5.909465968586387,7786.799999999999
L,301.1,310.7,1376,49.1,0,0,0,0,0,0,0,9.599999999999966,7.074513089005237,0.0
M,301.1,310.7,1583,40.7,2,0,0,0,0,0,0,9.599999999999966,6.746397905759163,81.4
M,301.2,310.8,1396,47.4,5,0,0,0,0,0,0,9.600000000000023,6.928837696335078,237.0
L,301.1,310.7,1436,45.3,8,0,0,0,0,0,0,9.599999999999966,6.811602094240837,362.4
L,301.1,310.6,1417,47.6,10,0,0,0,0,0,0,9.5,7.062743455497382,476.0
L,301.0,310.6,1641,33.4,12,0,0,0,0,0,0,9.600000000000023,5.739204188481675,400.79999999999995
M,301.0,310.6,1698,27.3,14,0,0,0,0,0,0,9.600000000000023,4.853968586387435,382.2
L,300.9,310.4,1541,39.1,17,0,0,0,0,0,0,9.5,6.309225130890053,664.7
L,300.8,310.3,1383,46.6,19,0,0,0,0,0,0,9.5,6.748460732984293,885.4
L,300.8,310.4,1368,46.8,21,0,0,0,0,0,0,9.599999999999966,6.703916230366492,982.8
L,300.8,310.4,1570,35.2,23,0,0,0,0,0,0,9.599999999999966,5.786806282722514,809.6
L,300.9,310.5,1616,33.5,25,0,0,0,0,0,0,9.600000000000023,5.6686910994764395,837.5
M,300.9,310.5,1444,43.2,27,0,0,0,0,0,0,9.600000000000023,6.532020942408377,1166.4
L,300.9,310.4,2021,18.8,30,0,0,0,0,0,0,9.5,3.978513089005236,564.0
M,300.9,310.5,1702,29.3,32,0,0,0,0,0,0,9.600000000000023,5.221842931937172,937.6
M,301.1,310.6,1429,52.7,35,0,0,0,0,0,0,9.5,7.885685863874346,1844.5
L,301.2,310.8,1711,28.9,38,0,0,0,0,0,0,9.600000000000023,5.17779057591623,1098.2
M,301.2,310.7,1543,32.9,40,0,0,0,0,0,0,9.5,5.3156753926701565,1316.0
L,301.3,310.8,1628,32.2,43,0,0,0,0,0,0,9.5,5.48917277486911,1384.6000000000001
L,301.2,310.8,1233,64.6,45,0,0,0,0,0,0,9.600000000000023,8.340502617801047,2906.9999999999995
L,301.2,310.8,1461,40.6,47,0,0,0,0,0,0,9.600000000000023,6.2111623036649215,1908.2
L,301.2,310.7,1568,38.3,49,0,0,0,0,0,0,9.5,6.288418848167539,1876.6999999999998
L,301.3,310.8,1432,54.4,51,0,0,0,0,0,0,9.5,8.157151832460734,2774.4
M,301.2,310.7,1527,41.1,53,0,0,0,0,0,0,9.5,6.571696335078535,2178.3
M,301.3,310.8,1455,41.2,56,0,0,0,0,0,0,9.5,6.277068062827226,2307.2000000000003
M,301.3,310.8,1418,45.4,59,0,0,0,0,0,0,9.5,6.741068062827225,2678.6
L,301.3,310.8,1719,29.5,62,0,0,0,0,0,0,9.5,5.31,1829.0
M,301.2,310.8,1734,31.3,64,0,0,0,0,0,0,9.600000000000023,5.683162303664922,2003.2
M,301.2,310.7,1426,46.1,67,0,0,0,0,0,0,9.5,6.883623036649215,3088.7000000000003
L,301.1,310.6,1611,35.2,70,0,0,0,0,0,0,9.5,5.937926701570681,2464.0
M,301.1,310.6,1479,41.1,72,0,0,0,0,0,0,9.5,6.365120418848168,2959.2000000000003
L,301.0,310.5,1317,50.9,75,0,0,0,0,0,0,9.5,7.0194031413612565,3817.5
L,301.0,310.5,1248,61.4,77,0,0,0,0,0,0,9.5,8.02379057591623,4727.8
L,301.0,310.5,1932,21.7,79,0,0,0,0,0,0,9.5,4.3899895287958115,1714.3
M,301.1,310.5,1547,35.8,81,0,0,0,0,0,0,9.399999999999977,5.799225130890052,2899.7999999999997
L,301.0,310.4,1614,31.6,84,0,0,0,0,0,0,9.399999999999977,5.340565445026178,2654.4
H,301.0,310.4,1512,44.9,86,0,0,0,0,0,0,9.399999999999977,7.108774869109948,3861.4
L,301.1,310.5,1529,38.7,91,0,0,0,0,0,0,9.399999999999977,6.196052356020942,3521.7000000000003
H,301.1,310.6,1782,24.9,93,0,0,0,0,0,0,9.5,4.6462617801047115,2315.7
L,301.0,310.5,1429,39.4,98,0,0,0,0,0,0,9.5,5.895560209424084,3861.2
M,301.1,310.5,1309,60.7,100,0,0,0,0,0,0,9.399999999999977,8.320031413612567,6070.0
L,301.1,310.5,1428,44.1,103,0,0,0,0,0,0,9.399999999999977,6.594219895287958,4542.3
L,301.2,310.6,1385,49.2,105,0,0,0,0,0,0,9.400000000000034,7.135287958115184,5166.0
L,301.2,310.7,1517,39.4,107,0,0,0,0,0,0,9.5,6.25861780104712,4215.8
M,301.2,310.6,1576,39.6,109,0,0,0,0,0,0,9.400000000000034,6.5350366492146605,4316.400000000001
L,301.2,310.6,1437,51.2,112,0,0,0,0,0,0,9.400000000000034,7.704125654450262,5734.400000000001
H,301.2,310.6,1457,50.5,114,0,0,0,0,0,0,9.400000000000034,7.704554973821989,5757.0
L,301.1,310.5,1532,37.5,119,0,0,0,0,0,0,9.399999999999977,6.015706806282722,4462.5
M,301.1,310.5,1603,32.6,121,0,0,0,0,0,0,9.399999999999977,5.472020942408378,3944.6000000000004
L,301.0,310.4,1563,34.4,124,0,0,0,0,0,0,9.399999999999977,5.630073298429319,4265.599999999999
L,301.0,310.3,1617,34.5,126,0,0,0,0,0,0,9.300000000000011,5.84151832460733,4347.0
M,300.8,310.1,1686,26.9,128,0,0,0,0,0,0,9.300000000000011,4.749047120418847,3443.2
L,300.9,310.2,1382,50.4,131,0,0,0,0,0,0,9.300000000000011,7.293486910994765,6602.4
L,300.9,310.1,2090,17.8,133,0,0,0,0,0,0,9.200000000000045,3.8954973821989527,2367.4
L,300.9,310.3,1446,44.5,135,0,0,0,0,0,0,9.400000000000034,6.737905759162303,6007.5
M,300.9,310.2,1533,38.1,137,0,0,0,0,0,0,9.300000000000011,6.115947643979058,5219.7
L,300.9,310.3,1440,47.6,140,0,0,0,0,0,0,9.400000000000034,7.17738219895288,6664.0
M,301.0,310.4,1793,25.0,142,0,0,0,0,0,0,9.399999999999977,4.693717277486911,3550.0
M,301.0,310.4,1517,46.1,145,0,0,0,0,0,0,9.399999999999977,7.322900523560209,6684.5
L,300.9,310.4,1544,36.0,148,0,0,0,0,0,0,9.5,5.8203141361256545,5328.0
L,300.9,310.3,1321,48.8,150,0,0,0,0,0,0,9.400000000000034,6.750240837696334,7320.0
M,300.9,310.3,1416,50.9,152,0,0,0,0,0,0,9.400000000000034,7.5470575916230365,7736.8
L,300.8,310.2,1514,40.0,155,0,0,0,0,0,0,9.399999999999977,6.341361256544503,6200.0
M,300.8,310.2,1304,52.5,157,0,0,0,0,0,0,9.399999999999977,7.168586387434555,8242.5
L,300.7,310.2,1286,64.9,160,0,0,0,0,0,0,9.5,8.739413612565446,10384.0
M,300.7,310.1,1483,40.2,162,0,0,0,0,0,0,9.400000000000034,6.242575916230367,6512.400000000001
L,300.7,310.1,1351,46.9,165,0,0,0,0,0,0,9.400000000000034,6.6347539267015705,7738.5
M,300.7,310.1,1367,52.6,167,0,0,0,0,0,0,9.400000000000034,7.52923560209424,8784.2
L,300.7,310.1,1721,32.3,170,0,0,0,0,0,0,9.400000000000034,5.820764397905759,5490.999999999999
L,300.6,310.0,1455,40.4,172,0,0,0,0,0,0,9.399999999999977,6.155183246073299,6948.8
L,300.6,310.0,1425,49.5,174,0,0,0,0,0,0,9.399999999999977,7.386125654450262,8613.0
L,300.7,310.0,1672,29.7,176,0,0,0,0,0,0,9.300000000000011,5.199832460732985,5227.2
M,300.7,310.0,1641,34.6,178,0,0,0,0,0,0,9.300000000000011,5.945403141361258,6158.8
M,300.5,310.0,1580,37.0,181,0,0,0,0,0,0,9.5,6.121465968586388,6697.0
H,300.5,310.0,1495,47.4,184,0,0,0,0,0,0,9.5,7.42020942408377,8721.6
M,300.5,309.9,1994,19.8,189,0,0,0,0,0,0,9.399999999999977,4.1341570680628275,3742.2000000000003
M,300.4,309.9,1415,31.8,192,0,0,0,0,0,0,9.5,4.711727748691099,6105.6
M,300.4,309.8,1725,30.4,195,0,0,0,0,0,0,9.400000000000034,5.491099476439791,5928.0
M,300.4,309.8,1430,43.4,198,0,0,0,0,0,0,9.400000000000034,6.498638743455498,8593.199999999999
L,300.4,309.8,1395,48.1,201,0,0,0,0,0,0,9.400000000000034,7.0261256544502615,9668.1
M,300.4,309.8,1435,43.6,203,0,0,0,0,0,0,9.400000000000034,6.551413612565445,8850.800000000001
L,300.4,309.9,1681,28.6,206,0,0,0,0,0,0,9.5,5.034198952879581,5891.6
L,300.5,310.0,1451,48.6,208,0,0,0,0,0,0,9.5,7.384146596858639,10108.800000000001
H,300.5,309.9,1397,45.9,210,1,1,0,0,0,0,9.399999999999977,6.714376963350785,9639.0
M,300.4,309.8,1421,47.2,0,0,0,0,0,0,0,9.400000000000034,7.023162303664921,0.0
M,300.3,309.8,1444,42.0,3,0,0,0,0,0,0,9.5,6.350575916230366,126.0
L,300.2,309.8,1827,23.0,6,0,0,0,0,0,0,9.600000000000023,4.400104712041885,138.0
H,300.2,309.8,1374,47.7,8,0,0,0,0,0,0,9.600000000000023,6.862806282722514,381.6
L,300.2,309.8,1650,29.6,13,0,0,0,0,0,0,9.600000000000023,5.114136125654451,384.8
L,300.2,309.7,1275,60.7,15,0,0,0,0,0,0,9.5,8.10392670157068,910.5
L,300.2,309.7,1421,44.6,17,0,0,0,0,0,0,9.5,6.636293193717277,758.2
L,300.2,309.8,1557,33.8,19,0,0,0,0,0,0,9.600000000000023,5.510638743455497,642.1999999999999
L,300.1,309.8,1506,35.2,21,0,0,0,0,0,0,9.699999999999989,5.550910994764398,739.2
L,300.1,309.7,1362,49.1,23,0,0,0,0,0,0,9.599999999999966,7.002534031413612,1129.3
L,300.0,309.7,1542,47.1,25,0,0,0,0,0,0,9.699999999999989,7.605047120418848,1177.5
L,300.0,309.6,1496,38.8,27,0,0,0,0,0,0,9.600000000000023,6.077989528795811,1047.6
M,300.0,309.6,1491,42.0,29,0,0,0,0,0,0,9.600000000000023,6.557277486910995,1218.0
L,300.1,309.6,1565,34.8,32,0,0,0,0,0,0,9.5,5.702827225130889,1113.6
L,300.1,309.7,1481,37.9,34,0,0,0,0,0,0,9.599999999999966,5.877476439790576,1288.6
M,300.1,309.7,1420,48.4,36,0,0,0,0,0,0,9.599999999999966,7.196649214659685,1742.3999999999999
L,300.2,309.8,1398,54.8,39,0,0,0,0,0,0,9.600000000000023,8.022031413612565,2137.2
M,300.2,309.8,1466,45.7,41,0,0,0,0,0,0,9.600000000000023,7.01530890052356,1873.7
L,300.1,309.8,1430,56.7,44,0,0,0,0,0,0,9.699999999999989,8.490157068062826,2494.8
L,300.1,309.7,1441,40.1,46,0,0,0,0,0,0,9.599999999999966,6.05069109947644,1844.6000000000001
M,300.1,309.7,1348,57.3,48,0,0,0,0,0,0,9.599999999999966,8.088,2750.3999999999996
L,300.0,309.6,1738,28.7,51,0,0,0,0,0,0,9.600000000000023,5.22309947643979,1463.7
M,300.0,309.6,1618,36.2,53,0,0,0,0,0,0,9.600000000000023,6.133151832460734,1918.6000000000001
M,299.9,309.6,1489,41.7,56,0,0,0,0,0,0,9.700000000000045,6.501706806282723,2335.2000000000003
M,299.9,309.5,1412,57.9,59,0,0,0,0,0,0,9.600000000000023,8.560712041884818,3416.1
M,299.9,309.5,2065,18.1,62,0,0,0,0,0,0,9.600000000000023,3.9137696335078536,1122.2
L,300.0,309.6,1571,33.1,65,0,0,0,0,0,0,9.600000000000023,5.445036649214661,2151.5
M,300.0,309.6,1423,48.7,67,0,0,0,0,0,0,9.600000000000023,7.2565549738219906,3262.9
H,300.0,309.5,1781,24.9,70,0,0,0,0,0,0,9.5,4.64365445026178,1743.0
L,300.1,309.6,1321,46.9,75,0,0,0,0,0,0,9.5,6.487424083769634,3517.5
L,300.1,309.6,1546,36.7,77,0,0,0,0,0,0,9.5,5.94117277486911,2825.9
M,300.0,309.5,1879,22.4,79,0,0,0,0,0,0,9.5,4.407287958115183,1769.6
H,300.0,309.5,1735,28.9,82,0,0,0,0,0,0,9.5,5.25041884816754,2369.7999999999997
L,300.0,309.5,1506,38.8,87,0,0,0,0,0,0,9.5,6.11861780104712,3375.6
H,300.0,309.6,1629,32.3,89,0,0,0,0,0,0,9.600000000000023,5.5096020942408375,2874.7
L,300.0,309.6,1694,28.7,94,0,0,0,0,0,0,9.600000000000023,5.0908691099476435,2697.7999999999997
L,300.1,309.6,1541,37.0,96,0,0,0,0,0,0,9.5,5.970366492146597,3552.0
L,300.0,309.6,1514,44.6,98,0,0,0,0,0,0,9.600000000000023,7.0706178010471215,4370.8
L,300.1,309.7,1485,45.9,100,0,0,0,0,0,0,9.599999999999966,7.137329842931937,4590.0
L,300.2,309.8,1430,55.0,102,0,0,0,0,0,0,9.600000000000023,8.235602094240837,5610.0
L,300.2,309.7,1771,27.1,104,0,0,0,0,0,0,9.5,5.025560209424085,2818.4
L,300.2,309.8,1481,41.9,106,0,0,0,0,0,0,9.600000000000023,6.49779057591623,4441.4
H,300.2,309.7,1483,43.8,108,0,0,0,0,0,0,9.5,6.8016125654450255,4730.4
H,300.1,309.6,1463,45.1,113,0,0,0,0,0,0,9.5,6.90903664921466,5096.3
L,300.1,309.7,1410,48.3,118,0,0,0,0,0,0,9.599999999999966,7.131204188481675,5699.4
L,300.2,309.7,1656,34.3,120,0,0,0,0,0,0,9.5,5.947727748691099,4116.0
M,300.2,309.8,1487,39.2,122,0,0,0,0,0,0,9.600000000000023,6.103706806282723,4782.400000000001
H,300.3,309.9,1509,46.6,125,0,0,0,0,0,0,9.599999999999966,7.363287958115184,5825.0
H,300.3,309.9,1677,30.1,130,0,0,0,0,0,0,9.599999999999966,5.285623036649215,3913.0
L,300.3,309.8,1450,55.0,135,0,0,0,0,0,0,9.5,8.350785340314136,7425.0
M,300.2,309.7,1413,43.0,137,0,0,0,0,0,0,9.5,6.362198952879581,5891.0
L,300.1,309.7,1680,33.8,140,0,0,0,0,0,0,9.599999999999966,5.945968586387433,4732.0
L,300.2,309.7,1678,30.5,142,0,0,0,0,0,0,9.5,5.359057591623037,4331.0
M,300.2,309.7,1408,44.0,144,0,0,0,0,0,0,9.5,6.487120418848168,6336.0
M,300.1,309.6,1376,52.1,147,0,0,0,0,0,0,9.5,7.5067643979057594,7658.7
L,300.0,309.6,1526,46.4,150,0,0,0,0,0,0,9.600000000000023,7.4142827225130885,6960.0
M,300.0,309.6,1587,32.6,152,0,0,0,0,0,0,9.600000000000023,5.417403141361257,4955.2
L,300.1,309.7,1351,58.2,155,0,0,0,0,0,0,9.599999999999966,8.233319371727749,9021.0
M,300.1,309.6,1501,38.0,157,0,0,0,0,0,0,9.5,5.972565445026178,5966.0
L,300.1,309.7,1601,35.8,160,0,0,0,0,0,0,9.599999999999966,6.001654450261779,5728.0
M,300.0,309.6,1573,39.7,162,0,0,0,0,0,0,9.600000000000023,6.5390680628272255,6431.400000000001
M,300.1,309.6,1584,36.7,165,0,0,0,0,0,0,9.5,6.087204188481675,6055.500000000001
L,300.1,309.6,1649,33.6,168,0,0,0,0,0,0,9.5,5.801717277486911,5644.8
M,300.2,309.7,1183,61.4,170,0,0,0,0,0,0,9.5,7.605884816753926,10438.0
L,300.1,309.7,2151,17.5,173,0,0,0,0,0,0,9.599999999999966,3.9416230366492147,3027.5
L,300.2,309.8,1526,45.6,175,0,0,0,0,0,0,9.600000000000023,7.2864502617801055,7980.0
M,300.3,309.9,1611,29.0,177,0,0,0,0,0,0,9.599999999999966,4.892041884816754,5133.0
L,300.3,309.9,1601,31.7,180,0,0,0,0,0,0,9.599999999999966,5.314314136125654,5706.0
L,300.3,310.0,1560,40.8,182,0,0,0,0,0,0,9.699999999999989,6.664712041884816,7425.599999999999
L,300.4,310.1,1544,41.9,184,0,0,0,0,0,0,9.700000000000045,6.774198952879581,7709.599999999999
M,300.4,310.0,1560,42.3,186,0,0,0,0,0,0,9.600000000000023,6.909738219895288,7867.799999999999
L,300.4,310.0,1423,44.2,189,0,0,0,0,0,0,9.600000000000023,6.586031413612566,8353.800000000001
L,300.4,310.1,1614,33.5,191,0,0,0,0,0,0,9.700000000000045,5.661675392670157,6398.5
M,300.4,310.1,1457,35.1,193,0,0,0,0,0,0,9.700000000000045,5.355047120418849,6774.3
L,300.4,310.1,1503,42.2,196,0,0,0,0,0,0,9.700000000000045,6.641528795811519,8271.2
H,300.4,310.1,1484,38.0,198,0,0,0,0,0,0,9.700000000000045,5.904921465968586,7524.0
L,300.3,309.9,1540,39.9,203,0,0,0,0,0,0,9.599999999999966,6.43413612565445,8099.7
H,300.3,309.9,1405,52.1,205,0,0,0,0,0,0,9.599999999999966,7.664973821989529,10680.5
H,300.3,309.9,1394,46.7,210,1,1,0,0,0,0,9.599999999999966,6.816732984293194,9807.0
L,300.3,309.9,1518,36.4,0,0,0,0,0,0,0,9.599999999999966,5.785884816753926,0.0
L,300.3,309.9,1527,41.4,2,0,0,0,0,0,0,9.599999999999966,6.619664921465968,82.8
L,300.3,309.9,1377,55.3,4,0,0,0,0,0,0,9.599999999999966,7.973623036649213,221.2
M,300.3,310.0,1537,37.5,6,0,0,0,0,0,0,9.699999999999989,6.035340314136126,225.0
M,300.3,310.0,1409,43.2,9,0,0,0,0,0,0,9.699999999999989,6.3736963350785345,388.8
L,300.3,309.9,1393,56.1,12,0,0,0,0,0,0,9.599999999999966,8.182963350785341,673.2
L,300.2,309.7,1448,36.8,14,0,0,0,0,0,0,9.5,5.5797277486910986,515.1999999999999
L,300.2,309.8,1418,49.3,16,0,0,0,0,0,0,9.600000000000023,7.320146596858638,788.8
M,300.2,309.8,1743,24.1,18,0,0,0,0,0,0,9.600000000000023,4.398565445026178,433.8
M,300.2,309.8,1394,47.4,21,0,0,0,0,0,0,9.600000000000023,6.918910994764397,995.4
L,300.3,309.8,1523,39.2,24,0,0,0,0,0,0,9.5,6.251476439790577,940.8000000000001
L,300.2,309.8,1353,59.4,26,0,0,0,0,0,0,9.600000000000023,8.41551832460733,1544.3999999999999
M,300.3,309.9,1447,46.5,28,0,0,0,0,0,0,9.599999999999966,7.045602094240838,1302.0
L,300.3,309.9,1570,34.0,31,0,0,0,0,0,0,9.599999999999966,5.5895287958115185,1054.0
M,300.3,309.9,1494,38.5,33,0,0,0,0,0,0,9.599999999999966,6.022931937172775,1270.5
L,300.3,309.9,1621,34.1,36,0,0,0,0,0,0,9.599999999999966,5.78807329842932,1227.6000000000001
L,300.4,310.0,1769,26.1,38,0,0,0,0,0,0,9.600000000000023,4.834649214659686,991.8000000000001
L,300.4,310.0,1282,66.1,40,0,0,0,0,0,0,9.600000000000023,8.873319371727748,2644.0
L,300.4,310.0,1581,30.3,42,0,0,0,0,0,0,9.600000000000023,5.016157068062827,1272.6000000000001
L,300.6,310.1,1656,32.7,44,0,0,0,0,0,0,9.5,5.67028272251309,1438.8000000000002
L,300.6,310.2,1648,31.7,46,0,0,0,0,0,0,9.599999999999966,5.470324607329843,1458.2
L,300.7,310.2,1639,31.4,48,0,0,0,0,0,0,9.5,5.38896335078534,1507.1999999999998
L,300.7,310.2,1348,54.8,50,0,0,0,0,0,0,9.5,7.735120418848167,2740.0
L,300.8,310.3,1537,33.3,52,0,0,0,0,0,0,9.5,5.359382198952879,1731.6
M,300.8,310.3,1270,61.0,54,0,0,0,0,0,0,9.5,8.112041884816755,3294.0
L,300.7,310.3,1662,34.4,57,0,0,0,0,0,0,9.600000000000023,5.986680628272251,1960.8
M,300.7,310.3,1471,40.2,59,0,0,0,0,0,0,9.600000000000023,6.192062827225131,2371.8
L,300.6,310.1,1337,45.8,62,0,0,0,0,0,0,9.5,6.412,2839.6
H,300.7,310.2,1877,24.8,64,0,0,0,0,0,0,9.5,4.874303664921466,1587.2
L,300.6,310.2,1519,44.6,69,0,0,0,0,0,0,9.599999999999966,7.093968586387436,3077.4
L,300.6,310.2,1378,47.3,71,0,0,0,0,0,0,9.599999999999966,6.825068062827224,3358.2999999999997
L,300.7,310.2,1696,27.5,73,0,0,0,0,0,0,9.5,4.883769633507853,2007.5
L,300.7,310.1,1376,50.8,75,0,0,0,0,0,0,9.400000000000034,7.319455497382199,3810.0
L,300.7,310.2,1807,24.2,77,0,0,0,0,0,0,9.5,4.578994764397906,1863.3999999999999
L,300.7,310.1,1598,32.8,79,0,0,0,0,0,0,9.400000000000034,5.488418848167538,2591.2
L,300.7,310.1,1565,40.2,81,0,0,0,0,0,0,9.400000000000034,6.587748691099478,3256.2000000000003
L,300.7,310.2,1387,50.6,83,0,0,0,0,0,0,9.5,7.348921465968586,4199.8
L,300.7,310.0,1395,48.0,85,0,0,0,0,0,0,9.300000000000011,7.01151832460733,4080.0
M,300.6,310.0,1302,62.9,87,0,0,0,0,0,0,9.399999999999977,8.575476439790576,5472.3
M,300.6,310.0,1397,55.2,90,0,0,0,0,0,0,9.399999999999977,8.074806282722514,4968.0
L,300.6,310.0,1313,52.9,93,0,0,0,0,0,0,9.399999999999977,7.2730575916230364,4919.7
L,300.6,310.0,1505,35.9,95,0,0,0,0,0,0,9.399999999999977,5.657539267015707,3410.5
H,300.6,310.0,1483,44.0,97,0,0,0,0,0,0,9.399999999999977,6.832670157068063,4268.0
H,300.5,310.0,1358,60.4,102,0,0,0,0,0,0,9.5,8.588816753926702,6160.8
M,300.5,309.9,1735,27.0,107,0,0,0,0,0,0,9.399999999999977,4.9052356020942405,2889.0
M,300.5,309.8,1416,48.5,110,0,0,0,0,0,0,9.300000000000011,7.1912041884816755,5335.0
L,300.4,309.7,1740,31.1,113,0,0,0,0,0,0,9.300000000000011,5.666387434554974,3514.3
L,300.4,309.7,1692,27.4,115,0,0,0,0,0,0,9.300000000000011,4.854534031413612,3151.0
L,300.5,309.8,1507,42.5,117,0,0,0,0,0,0,9.300000000000011,6.706544502617801,4972.5
M,300.4,309.6,1521,35.0,119,0,0,0,0,0,0,9.200000000000045,5.5743455497382195,4165.0
L,300.4,309.6,1379,54.5,122,0,0,0,0,0,0,9.200000000000045,7.869685863874346,6649.0
L,300.4,309.6,1523,38.5,124,0,0,0,0,0,0,9.200000000000045,6.139842931937173,4774.0
H,300.4,309.6,1571,33.6,126,0,0,0,0,0,0,9.200000000000045,5.527287958115184,4233.6
H,300.4,309.5,1547,50.7,131,0,0,0,0,0,0,9.100000000000023,8.212869109947645,6641.700000000001
M,300.5,309.7,1347,54.3,136,0,0,0,0,0,0,9.199999999999989,7.658858638743455,7384.799999999999
L,300.5,309.7,1560,30.2,139,0,0,0,0,0,0,9.199999999999989,4.933193717277487,4197.8
L,300.5,309.7,1384,48.6,141,0,0,0,0,0,0,9.199999999999989,7.0431832460732995,6852.6
L,300.5,309.7,1841,24.6,143,0,0,0,0,0,0,9.199999999999989,4.742261780104712,3517.8
L,300.5,309.8,1663,29.1,145,1,0,0,0,0,0,9.300000000000011,5.067361256544503,4219.5
L,300.6,309.8,1418,42.7,147,0,0,0,0,0,0,9.199999999999989,6.340167539267016,6276.900000000001
L,300.7,309.9,1775,26.6,149,0,0,0,0,0,0,9.199999999999989,4.943979057591623,3963.4
L,300.7,309.8,1406,48.4,151,0,0,0,0,0,0,9.100000000000023,7.125696335078533,7308.4
L,300.6,309.9,1480,43.7,153,0,0,0,0,0,0,9.299999999999955,6.772356020942409,6686.1
L,300.7,309.9,1412,45.3,155,0,0,0,0,0,0,9.199999999999989,6.697759162303665,7021.5
H,300.6,309.8,1913,22.5,157,0,0,0,0,0,0,9.199999999999989,4.5070680628272255,3532.5
L,300.6,309.8,1629,37.6,162,0,0,0,0,0,0,9.199999999999989,6.41365445026178,6091.2
L,300.5,309.8,1939,21.4,164,0,0,0,0,0,0,9.300000000000011,4.3449842931937175,3509.6
H,300.6,309.8,1541,36.2,166,0,0,0,0,0,0,9.199999999999989,5.841277486910995,6009.200000000001
L,300.7,309.8,1330,54.4,171,0,0,0,0,0,0,9.100000000000023,7.576125654450262,9302.4
M,300.7,309.8,1490,38.8,173,0,0,0,0,0,0,9.100000000000023,6.053612565445025,6712.4
L,300.7,309.9,1383,44.5,176,0,0,0,0,0,0,9.199999999999989,6.44434554973822,7832.0
L,300.8,310.0,1468,52.7,178,0,0,0,0,0,0,9.199999999999989,8.10090052356021,9380.6
M,300.8,309.9,1444,46.0,180,0,0,0,0,0,0,9.099999999999966,6.955392670157068,8280.0
L,300.7,309.8,1363,53.1,183,0,0,0,0,0,0,9.100000000000023,7.578565445026178,9717.300000000001
L,300.6,309.7,1617,33.2,185,0,0,0,0,0,0,9.099999999999966,5.621403141361257,6142.000000000001
M,300.6,309.8,1694,31.1,187,0,0,0,0,0,0,9.199999999999989,5.516586387434555,5815.7
L,300.7,309.9,1815,27.0,190,0,0,0,0,0,0,9.199999999999989,5.131413612565445,5130.0
L,300.8,309.9,1312,65.3,192,1,0,0,0,1,0,9.099999999999966,8.971057591623035,12537.599999999999
H,300.8,309.9,2041,19.2,194,0,0,0,0,0,0,9.099999999999966,4.103371727748691,3724.7999999999997
L,300.9,310.0,1671,26.8,199,0,0,0,0,0,0,9.100000000000023,4.689298429319372,5333.2
M,300.9,310.0,1416,46.6,201,0,0,0,0,0,0,9.100000000000023,6.909486910994765,9366.6
M,300.9,310.0,1600,36.0,204,0,0,0,0,0,0,9.100000000000023,6.031413612565445,7344.0
L,300.9,310.0,2595,13.7,207,0,0,0,0,0,0,9.100000000000023,3.722670157068063,2835.8999999999996
M,300.9,309.9,1465,42.9,209,0,0,0,0,0,0,9.0,6.580994764397905,8966.1
M,301.0,310.1,1681,27.4,212,0,0,0,0,0,0,9.100000000000023,4.822973821989528,5808.799999999999
L,301.1,310.1,1457,39.6,215,0,0,0,0,0,0,9.0,6.041591623036649,8514.0
H,301.0,310.1,1454,44.1,217,0,0,0,0,0,0,9.100000000000023,6.714282722513089,9569.7
L,301.0,310.1,1558,32.6,0,0,0,0,0,0,0,9.100000000000023,5.318408376963351,0.0
H,301.0,310.1,1756,30.7,2,0,0,0,0,0,0,9.100000000000023,5.644942408376963,61.4
L,301.1,310.1,1564,36.8,7,0,0,0,0,0,0,9.0,6.0267225130890045,257.59999999999997
L,301.1,310.2,1455,55.3,9,0,0,0,0,0,0,9.099999999999966,8.425287958115183,497.7
M,301.2,310.1,2280,15.7,11,0,0,0,0,0,0,8.900000000000034,3.7482722513089004,172.7
M,301.1,310.0,1433,48.1,14,0,0,0,0,0,0,8.899999999999977,7.2175183246073304,673.4
L,301.1,310.0,1513,38.0,17,0,0,0,0,0,0,8.899999999999977,6.020314136125655,646.0
L,301.0,309.9,1507,41.8,19,0,0,0,0,0,0,8.899999999999977,6.596083769633507,794.1999999999999
L,301.0,310.0,1480,43.5,21,0,0,0,0,0,0,9.0,6.7413612565445025,913.5
H,301.1,310.0,1470,40.1,23,0,0,0,0,0,0,8.899999999999977,6.172460732984293,922.3000000000001
L,301.1,310.1,1540,36.6,28,0,0,0,0,0,0,9.0,5.901989528795812,1024.8
H,301.0,310.0,1212,67.9,30,0,0,0,0,0,0,9.0,8.617256544502618,2037.0000000000002
L,301.1,310.1,1417,46.9,35,0,0,0,0,0,0,9.0,6.958879581151833,1641.5
M,301.2,310.1,1666,34.9,37,0,0,0,0,0,0,8.900000000000034,6.088314136125653,1291.3
L,301.1,310.1,1666,27.2,40,0,0,0,0,0,0,9.0,4.745047120418848,1088.0
L,301.1,310.1,1489,45.8,42,0,0,0,0,0,0,9.0,7.14096335078534,1923.6
M,301.1,310.2,1850,27.7,44,0,0,0,0,0,0,9.099999999999966,5.365968586387434,1218.8
L,301.1,310.4,1874,24.8,47,0,0,0,0,0,0,9.299999999999955,4.866513089005236,1165.6000000000001
L,301.1,310.4,1312,73.6,49,1,0,0,1,0,0,9.299999999999955,10.111329842931937,3606.3999999999996
L,301.2,310.4,1515,38.4,51,0,0,0,0,0,0,9.199999999999989,6.0917277486911,1958.3999999999999
L,301.2,310.4,1516,44.4,53,0,0,0,0,0,0,9.199999999999989,7.048209424083769,2353.2
L,301.2,310.5,1546,40.0,55,0,0,0,0,0,0,9.300000000000011,6.475392670157068,2200.0
L,301.3,310.6,1481,40.9,57,0,0,0,0,0,0,9.300000000000011,6.342712041884817,2331.2999999999997
H,301.3,310.6,1605,32.5,59,0,0,0,0,0,0,9.300000000000011,5.462041884816754,1917.5
H,301.2,310.7,1656,26.2,64,0,0,0,0,0,0,9.5,4.543162303664921,1676.8
H,301.2,310.6,1352,52.0,69,0,0,0,0,0,0,9.400000000000034,7.361675392670157,3588.0
L,301.3,310.7,1504,47.2,74,0,0,0,0,0,0,9.399999999999977,7.43338219895288,3492.8
L,301.3,310.6,1436,44.2,76,0,0,0,0,0,0,9.300000000000011,6.6461989528795815,3359.2000000000003
H,301.2,310.5,1505,43.6,78,0,0,0,0,0,0,9.300000000000011,6.8709947643979055,3400.8
L,301.3,310.5,1406,47.1,83,0,0,0,0,0,0,9.199999999999989,6.934303664921466,3909.3
M,301.3,310.5,1481,39.7,85,0,0,0,0,0,0,9.199999999999989,6.156617801047121,3374.5000000000005
L,301.4,310.7,1487,44.6,88,0,0,0,0,0,0,9.300000000000011,6.944523560209424,3924.8
L,301.4,310.7,1436,54.1,90,0,0,0,0,0,0,9.300000000000011,8.134827225130891,4869.0
M,301.4,310.7,1368,63.7,92,1,0,0,1,0,0,9.300000000000011,9.124774869109949,5860.400000000001
L,301.4,310.7,1509,38.3,95,0,0,0,0,0,0,9.300000000000011,6.051801047120419,3638.4999999999995
L,301.4,310.8,1543,36.9,97,0,0,0,0,0,0,9.400000000000034,5.961958115183246,3579.2999999999997
L,301.4,310.8,1698,29.6,99,0,0,0,0,0,0,9.400000000000034,5.262910994764399,2930.4
M,301.4,310.7,1470,46.5,101,0,0,0,0,0,0,9.300000000000011,7.157591623036649,4696.5
M,301.4,310.8,1738,30.3,104,0,0,0,0,0,0,9.400000000000034,5.514282722513089,3151.2000000000003
M,301.4,310.8,1530,39.9,107,0,0,0,0,0,0,9.400000000000034,6.392356020942408,4269.3
L,301.4,310.8,1740,29.2,110,0,0,0,0,0,0,9.400000000000034,5.32020942408377,3212.0
L,301.4,310.8,1770,24.1,112,0,0,0,0,0,0,9.400000000000034,4.466701570680629,2699.2000000000003
H,301.3,310.6,1527,44.0,114,0,0,0,0,0,0,9.300000000000011,7.035392670157068,5016.0
L,301.3,310.7,1516,46.0,119,0,0,0,0,0,0,9.399999999999977,7.302198952879581,5474.0
L,301.4,310.7,1616,36.5,121,0,0,0,0,0,0,9.300000000000011,6.176335078534032,4416.5
L,301.4,310.7,1786,26.1,123,0,0,0,0,0,0,9.300000000000011,4.88110994764398,3210.3
L,301.4,310.8,1389,52.7,125,0,0,0,0,0,0,9.400000000000034,7.664952879581152,6587.5
M,301.4,310.7,1639,29.8,127,0,0,0,0,0,0,9.300000000000011,5.114366492146598,3784.6
H,301.5,310.7,1394,46.7,130,0,0,0,0,0,0,9.199999999999989,6.816732984293194,6071.0
L,301.5,310.7,1686,27.9,135,0,0,0,0,0,0,9.199999999999989,4.925591623036649,3766.5
M,301.5,310.6,1638,31.9,137,0,0,0,0,0,0,9.100000000000023,5.471434554973822,4370.3
M,301.5,310.6,1447,41.9,140,0,0,0,0,0,0,9.100000000000023,6.34861780104712,5866.0
H,301.5,310.6,1512,39.0,143,0,0,0,0,0,0,9.100000000000023,6.174659685863874,5577.0
L,301.6,310.8,1961,21.8,148,0,0,0,0,0,0,9.199999999999989,4.4764188481675395,3226.4
L,301.5,310.7,1596,35.4,150,0,0,0,0,0,0,9.199999999999989,5.91606282722513,5310.0
M,301.5,310.7,1871,21.3,152,0,0,0,0,0,0,9.199999999999989,4.173015706806283,3237.6
L,301.5,310.7,1942,20.5,155,0,0,0,0,0,0,9.199999999999989,4.1686910994764395,3177.5
L,301.4,310.6,1557,38.2,157,0,0,0,0,0,0,9.200000000000045,6.228,5997.400000000001
L,301.4,310.6,1550,36.8,159,0,0,0,0,0,0,9.200000000000045,5.972774869109947,5851.2
L,301.3,310.6,1966,22.6,161,0,0,0,0,0,0,9.300000000000011,4.652523560209425,3638.6000000000004
M,301.3,310.6,1499,36.1,163,0,0,0,0,0,0,9.300000000000011,5.6663769633507854,5884.3
L,301.3,310.6,1521,36.3,166,0,0,0,0,0,0,9.300000000000011,5.781392670157068,6025.799999999999
M,301.4,310.7,1375,42.0,168,0,0,0,0,0,0,9.300000000000011,6.047120418848167,7056.0
L,301.4,310.6,1634,31.1,171,0,0,0,0,0,0,9.200000000000045,5.321193717277487,5318.1
M,301.3,310.6,1378,49.4,173,0,0,0,0,0,0,9.300000000000011,7.128083769633507,8546.199999999999
L,301.4,310.7,1428,53.7,176,0,0,0,0,0,0,9.300000000000011,8.029696335078535,9451.2
M,301.4,310.6,1855,25.3,178,0,0,0,0,0,0,9.200000000000045,4.914293193717278,4503.400000000001
L,301.4,310.6,1578,33.0,181,0,0,0,0,0,0,9.200000000000045,5.452774869109947,5973.0
M,301.4,310.5,1451,45.3,183,0,0,0,0,0,0,9.100000000000023,6.882753926701571,8289.9
L,301.5,310.5,1644,34.9,186,0,0,0,0,0,0,9.0,6.007916230366492,6491.4
L,301.4,310.4,1388,45.3,188,0,0,0,0,0,0,9.0,6.5839162303664915,8516.4
L,301.4,310.4,1543,40.9,190,0,0,0,0,0,0,9.0,6.608240837696335,7771.0
L,301.3,310.4,1501,41.6,192,0,0,0,0,0,0,9.099999999999966,6.5383874345549735,7987.200000000001
L,301.3,310.4,1507,39.1,194,0,0,0,0,0,0,9.099999999999966,6.170020942408377,7585.400000000001
L,301.4,310.4,1559,36.0,196,0,0,0,0,0,0,9.0,5.876858638743456,7056.0
L,301.5,310.5,1528,35.7,198,0,0,0,0,0,0,9.0,5.712000000000001,7068.6
M,301.5,310.5,1503,38.2,200,0,0,0,0,0,0,9.0,6.0120000000000005,7640.000000000001
L,301.5,310.5,1372,44.0,203,0,0,0,0,0,0,9.0,6.321256544502618,8932.0
M,301.5,310.5,1600,32.8,205,0,0,0,0,0,0,9.0,5.495287958115182,6723.999999999999
L,301.5,310.6,1453,44.0,208,0,0,0,0,0,0,9.100000000000023,6.694450261780105,9152.0
M,301.6,310.7,1813,24.6,210,0,0,0,0,0,0,9.099999999999966,4.670136125654451,5166.0
L,301.6,310.7,1457,40.4,213,0,0,0,0,0,0,9.099999999999966,6.163643979057591,8605.199999999999
M,301.6,310.6,1553,38.9,0,0,0,0,0,0,0,9.0,6.325832460732984,0.0
L,301.7,310.7,1763,25.9,3,0,0,0,0,0,0,9.0,4.781329842931937,77.69999999999999
L,301.7,310.7,2023,20.9,5,0,0,0,0,0,0,9.0,4.427298429319372,104.5
M,301.6,310.7,1457,47.8,7,0,0,0,0,0,0,9.099999999999966,7.292628272251308,334.59999999999997
L,301.6,310.7,1679,29.5,10,0,0,0,0,0,0,9.099999999999966,5.186439790575916,295.0
L,301.6,310.6,2103,19.7,12,0,0,0,0,0,0,9.0,4.338125654450262,236.39999999999998
M,301.5,310.7,1460,38.6,14,0,0,0,0,0,0,9.199999999999989,5.901151832460733,540.4
M,301.5,310.7,1454,39.4,17,0,0,0,0,0,0,9.199999999999989,5.998701570680628,669.8
L,301.5,310.6,1481,46.8,20,0,0,0,0,0,0,9.100000000000023,7.257675392670158,936.0
L,301.5,310.7,1424,51.1,22,0,0,0,0,0,0,9.199999999999989,7.619518324607331,1124.2
L,301.6,310.7,1494,39.5,24,0,0,0,0,0,0,9.099999999999966,6.179371727748691,948.0
M,301.5,310.6,1424,47.0,26,0,0,0,0,0,0,9.100000000000023,7.008167539267015,1222.0
M,301.5,310.7,1347,47.9,29,0,0,0,0,0,0,9.199999999999989,6.7561570680628265,1389.1
L,301.5,310.6,1374,46.7,32,0,0,0,0,0,0,9.100000000000023,6.718931937172775,1494.4
M,301.5,310.6,1403,47.4,34,0,0,0,0,0,0,9.100000000000023,6.963581151832461,1611.6
M,301.5,310.6,1573,37.4,37,0,0,0,0,0,0,9.100000000000023,6.160230366492146,1383.8
M,301.6,310.6,1691,30.1,40,0,0,0,0,0,0,9.0,5.329748691099477,1204.0
H,301.5,310.5,1538,44.3,43,0,0,0,0,0,0,9.0,7.134387434554974,1904.8999999999999
L,301.5,310.5,1556,39.1,48,0,0,0,0,0,0,9.0,6.370638743455498,1876.8000000000002
M,301.5,310.4,1593,36.8,50,0,0,0,0,0,0,8.899999999999977,6.138471204188481,1839.9999999999998
L,301.5,310.4,1474,39.9,53,0,0,0,0,0,0,8.899999999999977,6.158387434554974,2114.7
L,301.5,310.4,1543,34.0,55,0,0,0,0,0,0,8.899999999999977,5.493403141361257,1870.0
H,301.5,310.5,1587,33.8,57,0,0,0,0,0,0,9.0,5.6168167539267015,1926.6
L,301.6,310.6,1222,70.0,62,0,0,0,0,0,0,9.0,8.957068062827226,4340.0
L,301.7,310.6,1513,41.1,64,0,0,0,0,0,0,8.900000000000034,6.511445026178011,2630.4
L,301.7,310.6,1660,28.7,66,0,0,0,0,0,0,8.900000000000034,4.98869109947644,1894.2
L,301.7,310.6,1545,42.1,68,0,0,0,0,0,0,8.900000000000034,6.810942408376963,2862.8
M,301.7,310.6,1380,45.8,70,0,0,0,0,0,0,8.900000000000034,6.618219895287957,3206.0
L,301.6,310.6,1321,60.8,73,0,0,0,0,0,0,9.0,8.41013612565445,4438.4
M,301.6,310.6,1309,65.8,75,1,0,0,1,0,0,9.0,9.019078534031413,4935.0
M,301.7,310.7,1627,31.3,78,0,0,0,0,0,0,9.0,5.332471204188481,2441.4
M,301.6,310.7,1791,23.8,81,0,0,0,0,0,0,9.099999999999966,4.463434554973822,1927.8
M,301.7,310.7,1861,21.8,84,0,0,0,0,0,0,9.0,4.248146596858639,1831.2
L,301.7,310.7,1493,51.1,87,0,0,0,0,0,0,9.0,7.988722513089005,4445.7
M,301.7,310.7,1442,41.1,89,0,0,0,0,0,0,9.0,6.205884816753927,3657.9
L,301.7,310.7,1532,39.8,92,0,0,0,0,0,0,9.0,6.384670157068062,3661.6
M,301.6,310.7,1421,44.4,94,0,0,0,0,0,0,9.099999999999966,6.606534031413613,4173.599999999999
L,301.6,310.6,1613,42.5,97,0,0,0,0,0,0,9.0,7.178272251308901,4122.5
M,301.7,310.6,1876,22.1,99,0,0,0,0,0,0,8.900000000000034,4.341319371727749,2187.9
L,301.6,310.5,1593,34.5,102,0,0,0,0,0,0,8.899999999999977,5.7548167539267014,3519.0
L,301.6,310.5,1397,49.4,104,0,0,0,0,0,0,8.899999999999977,7.226366492146597,5137.599999999999
M,301.6,310.5,1414,49.3,106,0,0,0,0,0,0,8.899999999999977,7.299497382198952,5225.799999999999
M,301.5,310.4,1378,55.3,109,0,0,0,0,0,0,8.899999999999977,7.979413612565445,6027.7
L,301.4,310.4,1301,51.2,112,0,0,0,0,0,0,9.0,6.9749947643979056,5734.400000000001
M,301.5,310.5,1737,29.3,114,0,0,0,0,0,0,9.0,5.329225130890052,3340.2000000000003
L,301.5,310.5,1396,44.5,117,0,0,0,0,0,0,9.0,6.504921465968587,5206.5
L,301.5,310.5,1534,39.3,119,0,0,0,0,0,0,9.0,6.31269109947644,4676.7
M,301.5,310.5,1774,25.5,121,0,0,0,0,0,0,9.0,4.736858638743455,3085.5
H,301.5,310.5,1453,48.0,124,0,0,0,0,0,0,9.0,7.3030366492146594,5952.0
L,301.5,310.5,1453,44.2,129,0,0,0,0,0,0,9.0,6.724879581151833,5701.8
L,301.4,310.5,1380,48.4,131,0,0,0,0,0,0,9.100000000000023,6.993926701570681,6340.4
L,301.4,310.4,1334,43.2,133,0,0,0,0,0,0,9.0,6.034429319371728,5745.6
L,301.5,310.5,1702,28.7,135,0,0,0,0,0,0,9.0,5.114910994764398,3874.5
L,301.6,310.6,1431,37.5,137,0,0,0,0,0,0,9.0,5.619109947643979,5137.5
M,301.5,310.5,1308,60.5,139,0,0,0,0,0,0,9.0,8.28628272251309,8409.5
L,301.5,310.6,1565,43.9,142,0,0,0,0,0,0,9.100000000000023,7.194083769633508,6233.8
M,301.5,310.4,1486,39.6,144,0,0,0,0,0,0,8.899999999999977,6.161842931937173,5702.400000000001
L,301.5,310.5,1479,34.2,147,0,0,0,0,0,0,9.0,5.296523560209424,5027.400000000001
L,301.5,310.5,1927,22.4,149,0,0,0,0,0,0,9.0,4.519874345549738,3337.6
L,301.5,310.4,1488,41.1,151,0,0,0,0,0,0,8.899999999999977,6.403853403141362,6206.1
M,301.5,310.4,1350,54.9,153,0,0,0,0,0,0,8.899999999999977,7.760732984293194,8399.699999999999
L,301.6,310.4,1561,35.3,156,0,0,0,0,0,0,8.799999999999955,5.769979057591622,5506.799999999999
M,301.5,310.4,1276,55.6,158,0,0,0,0,0,0,8.899999999999977,7.428858638743456,8784.800000000001
H,301.5,310.4,1580,35.7,161,0,0,0,0,0,0,8.899999999999977,5.906387434554975,5747.700000000001
M,301.4,310.3,1610,29.1,166,0,0,0,0,0,0,8.900000000000034,4.90586387434555,4830.6
L,301.4,310.3,2203,16.6,169,0,0,0,0,0,0,8.900000000000034,3.829298429319372,2805.4
L,301.4,310.3,1639,32.7,171,0,0,0,0,0,0,8.900000000000034,5.61207329842932,5591.700000000001
M,301.4,310.4,1553,44.7,173,0,0,0,0,0,0,9.0,7.269015706806283,7733.1
L,301.4,310.3,1374,47.6,176,0,0,0,0,0,0,8.900000000000034,6.848418848167539,8377.6
L,301.4,310.4,1430,50.9,178,0,0,0,0,0,0,9.0,7.6216753926701575,9060.199999999999
L,301.3,310.3,1626,31.3,180,0,0,0,0,0,0,9.0,5.329193717277487,5634.0
H,301.4,310.5,1421,43.8,182,0,0,0,0,0,0,9.100000000000023,6.517256544502617,7971.599999999999
M,301.3,310.4,1501,39.8,187,0,0,0,0,0,0,9.099999999999966,6.255476439790575,7442.599999999999
M,301.3,310.4,2093,18.7,190,0,0,0,0,0,0,9.099999999999966,4.098335078534031,3553.0
L,301.3,310.4,1504,47.2,193,0,0,0,0,0,0,9.099999999999966,7.43338219895288,9109.6
L,301.3,310.4,1538,38.4,195,0,0,0,0,0,0,9.099999999999966,6.184209424083769,7488.0
L,301.3,310.4,1440,41.5,197,0,0,0,0,0,0,9.099999999999966,6.2575916230366495,8175.5
L,301.3,310.4,1414,51.4,199,0,0,0,0,0,0,9.099999999999966,7.610429319371727,10228.6
H,301.4,310.5,1536,39.9,201,0,0,0,0,0,0,9.100000000000023,6.417424083769633,8019.9
L,301.4,310.5,1476,39.2,206,0,0,0,0,0,0,9.100000000000023,6.05855497382199,8075.200000000001
L,301.4,310.5,1571,33.9,208,0,0,0,0,0,0,9.100000000000023,5.576638743455497,7051.2
L,301.5,310.6,1998,20.2,210,0,0,0,0,0,0,9.100000000000023,4.22613612565445,4242.0
L,301.5,310.6,1357,42.1,212,0,0,0,0,0,0,9.100000000000023,5.982167539267016,8925.2
L,301.6,310.7,1424,50.5,214,0,0,0,0,0,0,9.099999999999966,7.530052356020942,10807.0
L,301.6,310.7,1380,51.8,216,1,0,0,0,1,0,9.099999999999966,7.4852356020942405,11188.8
L,301.5,310.7,1618,35.5,218,0,0,0,0,0,0,9.199999999999989,6.01455497382199,7739.0
L,301.5,310.6,1579,28.0,220,0,0,0,0,0,0,9.100000000000023,4.6295287958115185,6160.0
L,301.5,310.7,1423,44.0,222,0,0,0,0,0,0,9.199999999999989,6.556230366492146,9768.0
L,301.5,310.7,1435,38.5,224,0,0,0,0,0,0,9.199999999999989,5.785078534031413,8624.0
M,301.5,310.7,1336,65.6,0,1,0,0,1,0,0,9.199999999999989,9.177130890052355,0.0
L,301.6,310.8,1392,42.4,3,0,0,0,0,0,0,9.199999999999989,6.180188481675392,127.19999999999999
L,301.5,310.8,1417,49.7,5,0,0,0,0,0,0,9.300000000000011,7.374335078534032,248.5
L,301.4,310.7,1425,45.1,7,0,0,0,0,0,0,9.300000000000011,6.729581151832461,315.7
L,301.5,310.8,1512,38.9,9,0,0,0,0,0,0,9.300000000000011,6.1588272251308895,350.09999999999997
L,301.5,310.9,1318,50.6,11,0,0,0,0,0,0,9.399999999999977,6.983329842931937,556.6
L,301.6,310.9,1538,40.4,13,0,0,0,0,0,0,9.299999999999955,6.506303664921465,525.1999999999999
L,301.6,310.9,1532,43.6,15,0,0,0,0,0,0,9.299999999999955,6.994261780104711,654.0
L,301.7,311.0,1715,24.8,17,0,0,0,0,0,0,9.300000000000011,4.4536125654450265,421.6
L,301.7,311.0,1700,28.7,19,0,0,0,0,0,0,9.300000000000011,5.10890052356021,545.3
L,301.7,311.0,1548,40.3,21,0,0,0,0,0,0,9.300000000000011,6.5323979057591615,846.3
L,301.7,311.0,1546,43.0,23,0,0,0,0,0,0,9.300000000000011,6.961047120418848,989.0
L,301.7,311.0,1343,49.2,25,0,0,0,0,0,0,9.300000000000011,6.918910994764398,1230.0
M,301.7,311.0,1510,47.8,27,0,0,0,0,0,0,9.300000000000011,7.557905759162304,1290.6
M,301.8,311.0,1839,23.6,30,0,0,0,0,0,0,9.199999999999989,4.544544502617801,708.0
M,301.8,311.0,1756,26.7,33,0,0,0,0,0,0,9.199999999999989,4.90944502617801,881.1
M,301.7,310.9,1300,62.7,36,0,0,0,0,0,0,9.199999999999989,8.535078534031413,2257.2000000000003
M,301.7,311.0,1311,55.8,39,0,0,0,0,0,0,9.300000000000011,7.660083769633508,2176.2
L,301.7,310.9,1636,31.3,42,0,0,0,0,0,0,9.199999999999989,5.361968586387435,1314.6000000000001
L,301.6,310.9,1643,34.1,44,0,0,0,0,0,0,9.299999999999955,5.866628272251309,1500.4
L,301.6,310.8,1418,44.7,46,0,0,0,0,0,0,9.199999999999989,6.637130890052356,2056.2000000000003
M,301.7,310.8,1516,40.4,48,0,0,0,0,0,0,9.100000000000023,6.413235602094241,1939.1999999999998
H,301.6,310.9,1419,50.2,51,0,0,0,0,0,0,9.299999999999955,7.45903664921466,2560.2000000000003
L,301.6,310.9,1623,34.1,56,0,0,0,0,0,0,9.299999999999955,5.795214659685864,1909.6000000000001
M,301.6,310.8,1664,32.0,58,0,0,0,0,0,0,9.199999999999989,5.575706806282723,1856.0
M,301.5,310.7,1744,28.2,61,0,0,0,0,0,0,9.199999999999989,5.149821989528795,1720.2
M,301.5,310.7,1510,36.0,64,0,0,0,0,0,0,9.199999999999989,5.692146596858639,2304.0
M,301.5,310.6,1382,58.1,67,0,0,0,0,0,0,9.100000000000023,8.407769633507852,3892.7000000000003
L,301.4,310.6,1381,46.1,70,0,0,0,0,0,0,9.200000000000045,6.666397905759162,3227.0
L,301.3,310.6,1556,39.0,72,0,0,0,0,0,0,9.300000000000011,6.35434554973822,2808.0
M,301.4,310.6,1464,37.4,74,0,0,0,0,0,0,9.200000000000045,5.7333612565445025,2767.6
L,301.4,310.6,1481,37.6,77,0,0,0,0,0,0,9.200000000000045,5.830952879581152,2895.2000000000003
L,301.5,310.7,1323,49.7,79,0,0,0,0,0,0,9.199999999999989,6.8851413612565455,3926.3
L,301.5,310.7,1426,46.1,81,0,0,0,0,0,0,9.199999999999989,6.883623036649215,3734.1
H,301.4,310.7,1516,36.4,83,0,0,0,0,0,0,9.300000000000011,5.778261780104712,3021.2
L,301.3,310.6,1416,45.2,88,0,0,0,0,0,0,9.300000000000011,6.701905759162304,3977.6000000000004
L,301.3,310.6,1440,53.8,90,0,0,0,0,0,0,9.300000000000011,8.112251308900523,4842.0
L,301.3,310.6,1576,30.4,92,0,0,0,0,0,0,9.300000000000011,5.016795811518324,2796.7999999999997
L,301.3,310.6,1387,53.6,94,0,0,0,0,0,0,9.300000000000011,7.784628272251308,5038.400000000001
M,301.4,310.6,1464,48.6,96,0,0,0,0,0,0,9.200000000000045,7.450303664921467,4665.6
L,301.4,310.6,2137,18.0,99,0,0,0,0,0,0,9.200000000000045,4.0278534031413615,1782.0
M,301.4,310.6,1431,40.6,101,0,0,0,0,0,0,9.200000000000045,6.0836230366492146,4100.6
L,301.3,310.6,1458,48.0,104,0,0,0,0,0,0,9.300000000000011,7.328167539267016,4992.0
L,301.4,310.7,1280,61.0,106,0,0,0,0,0,0,9.300000000000011,8.175916230366493,6466.0
L,301.4,310.7,1657,28.7,108,0,0,0,0,0,0,9.300000000000011,4.979675392670157,3099.6
M,301.4,310.6,1565,36.1,110,0,0,0,0,0,0,9.200000000000045,5.91586387434555,3971.0
L,301.3,310.6,1560,36.8,113,0,0,0,0,0,0,9.300000000000011,6.011308900523559,4158.4
M,301.5,310.7,1359,47.1,115,0,0,0,0,0,0,9.199999999999989,6.702502617801048,5416.5
L,301.5,310.8,1500,41.0,118,0,0,0,0,0,0,9.300000000000011,6.439790575916231,4838.0
L,301.5,310.8,1785,25.5,120,0,0,0,0,0,0,9.300000000000011,4.766230366492146,3060.0
L,301.5,310.9,1891,23.2,122,0,0,0,0,0,0,9.399999999999977,4.593842931937172,2830.4
H,301.5,310.9,1524,40.4,124,0,0,0,0,0,0,9.399999999999977,6.447078534031413,5009.599999999999
M,301.6,311.0,1431,42.3,129,0,0,0,0,0,0,9.399999999999977,6.338356020942408,5456.7
L,301.6,310.9,1385,51.2,132,0,0,0,0,0,0,9.299999999999955,7.425340314136125,6758.400000000001
L,301.7,311.0,1503,44.8,134,0,0,0,0,0,0,9.300000000000011,7.0507225130890046,6003.2
M,301.7,311.0,1311,46.8,136,0,0,0,0,0,0,9.300000000000011,6.424586387434554,6364.799999999999
M,301.6,310.9,1575,40.1,139,0,0,0,0,0,0,9.299999999999955,6.613350785340314,5573.900000000001
L,301.6,311.0,1485,40.1,142,0,0,0,0,0,0,9.399999999999977,6.23544502617801,5694.2
L,301.7,311.0,1527,42.2,144,0,0,0,0,0,0,9.300000000000011,6.747581151832461,6076.8
M,301.7,311.0,1537,33.5,146,0,0,0,0,0,0,9.300000000000011,5.391570680628273,4891.0
H,301.8,311.1,1463,50.1,149,0,0,0,0,0,0,9.300000000000011,7.675005235602095,7464.900000000001
L,301.7,311.2,1482,43.6,154,0,0,0,0,0,0,9.5,6.765989528795812,6714.400000000001
L,301.8,311.2,1417,55.9,156,0,0,0,0,0,0,9.399999999999977,8.2942722513089,8720.4
M,301.7,311.1,1506,39.5,158,0,0,0,0,0,0,9.400000000000034,6.229005235602094,6241.0
H,301.7,311.2,1639,30.0,161,0,0,0,0,0,0,9.5,5.14869109947644,4830.0
L,301.7,311.2,1418,38.0,166,0,0,0,0,0,0,9.5,5.642303664921466,6308.0
M,301.7,311.0,1298,58.1,168,0,0,0,0,0,0,9.300000000000011,7.896732984293194,9760.800000000001
M,301.8,311.1,1395,44.6,171,0,0,0,0,0,0,9.300000000000011,6.514869109947644,7626.6
M,301.7,311.1,1578,40.5,174,0,0,0,0,0,0,9.400000000000034,6.692041884816754,7047.0
M,301.8,311.1,1597,29.8,177,0,0,0,0,0,0,9.300000000000011,4.98330890052356,5274.6
H,301.7,311.0,2016,19.3,180,0,0,0,0,0,0,9.300000000000011,4.074219895287959,3474.0
L,301.7,311.0,1585,35.9,185,0,0,0,0,0,0,9.300000000000011,5.958272251308901,6641.5
M,301.7,311.0,1505,44.0,187,0,0,0,0,0,0,9.300000000000011,6.934031413612566,8228.0
M,301.7,311.0,1505,37.1,190,0,0,0,0,0,0,9.300000000000011,5.846649214659686,7049.0
L,301.6,310.9,1706,29.5,193,0,0,0,0,0,0,9.299999999999955,5.2698429319371725,5693.5
L,301.6,310.9,1385,50.7,195,0,0,0,0,0,0,9.299999999999955,7.35282722513089,9886.5
L,301.8,311.1,1495,36.9,197,0,0,0,0,0,0,9.300000000000011,5.776492146596858,7269.299999999999
M,301.8,311.1,1663,31.6,199,0,0,0,0,0,0,9.300000000000011,5.502701570680628,6288.400000000001
L,301.8,311.2,1840,26.6,202,0,0,0,0,0,0,9.399999999999977,5.125026178010471,5373.200000000001
L,301.8,311.2,1822,26.2,204,0,0,0,0,0,0,9.399999999999977,4.998575916230367,5344.8
L,301.7,311.1,1644,32.8,206,0,0,0,0,0,0,9.400000000000034,5.64640837696335,6756.799999999999
L,301.7,311.0,1441,44.3,208,1,1,0,0,0,0,9.300000000000011,6.684429319371727,9214.4
L,301.5,310.9,1451,40.6,0,0,0,0,0,0,0,9.399999999999977,6.168649214659686,0.0
L,301.5,310.9,1400,50.8,2,0,0,0,0,0,0,9.399999999999977,7.447120418848168,101.6
L,301.4,310.8,1362,53.2,4,0,0,0,0,0,0,9.400000000000034,7.587267015706807,212.8
M,301.4,310.8,1782,26.5,6,0,0,0,0,0,0,9.400000000000034,4.944816753926702,159.0
L,301.4,310.9,1536,38.3,9,0,0,0,0,0,0,9.5,6.160083769633507,344.7
L,301.5,310.9,1580,32.3,11,0,0,0,0,0,0,9.399999999999977,5.343874345549738,355.29999999999995
M,301.4,311.0,1427,43.2,13,0,0,0,0,0,0,9.600000000000023,6.455120418848168,561.6
L,301.3,310.9,1509,41.7,16,0,0,0,0,0,0,9.599999999999966,6.58903664921466,667.2
H,301.3,310.8,1434,39.5,18,0,0,0,0,0,0,9.5,5.931204188481676,711.0
L,301.2,310.8,1392,52.6,23,0,0,0,0,0,0,9.600000000000023,7.666931937172775,1209.8
M,301.3,310.8,1509,40.1,25,0,0,0,0,0,0,9.5,6.336219895287958,1002.5
M,301.2,310.7,1962,22.5,28,0,0,0,0,0,0,9.5,4.622513089005236,630.0
L,301.3,310.7,1536,39.3,31,0,0,0,0,0,0,9.399999999999977,6.320921465968586,1218.3
L,301.3,310.8,1381,47.9,33,0,0,0,0,0,0,9.5,6.9266910994764395,1580.7
H,301.2,310.7,1747,27.3,35,0,0,0,0,0,0,9.5,4.994041884816753,955.5
L,301.2,310.6,1670,30.0,40,0,0,0,0,0,0,9.400000000000034,5.2460732984293195,1200.0
L,301.3,310.6,1451,47.5,42,0,0,0,0,0,0,9.300000000000011,7.217015706806283,1995.0
L,301.2,310.7,1951,21.3,44,0,0,0,0,0,0,9.5,4.351445026178011,937.2
M,301.3,310.7,1819,25.5,46,0,0,0,0,0,0,9.399999999999977,4.8570157068062825,1173.0
M,301.3,310.8,1372,54.2,49,0,0,0,0,0,0,9.5,7.786638743455498,2655.8
L,301.3,310.8,1560,38.5,52,0,0,0,0,0,0,9.5,6.289005235602095,2002.0
M,301.3,310.8,1494,35.3,54,0,0,0,0,0,0,9.5,5.522324607329843,1906.1999999999998
L,301.3,310.8,1531,53.4,57,0,0,0,0,0,0,9.5,8.560774869109947,3043.7999999999997
L,301.3,310.8,1450,46.9,59,0,0,0,0,0,0,9.5,7.120942408376964,2767.1
M,301.3,310.7,1391,52.5,61,0,0,0,0,0,0,9.399999999999977,7.646858638743455,3202.5
L,301.2,310.6,1389,45.3,64,0,0,0,0,0,0,9.400000000000034,6.588659685863874,2899.2
L,301.2,310.6,1409,50.9,66,0,0,0,0,0,0,9.400000000000034,7.5097486910994755,3359.4
H,301.1,310.6,1388,58.5,68,0,0,0,0,0,0,9.5,8.50240837696335,3978.0
M,301.1,310.6,1410,43.9,73,0,0,0,0,0,0,9.5,6.4815706806282725,3204.7
M,301.1,310.5,1646,30.7,76,0,0,0,0,0,0,9.399999999999977,5.291329842931937,2333.2
M,301.1,310.7,2219,16.7,79,0,0,0,0,0,0,9.599999999999966,3.8803455497382195,1319.3
L,301.2,310.7,1551,41.2,82,0,0,0,0,0,0,9.5,6.691225130890053,3378.4
L,301.2,310.6,1811,24.0,84,0,0,0,0,0,0,9.400000000000034,4.551204188481675,2016.0
L,301.3,310.7,1608,31.4,86,0,0,0,0,0,0,9.399999999999977,5.287036649214659,2700.4
L,301.3,310.8,1428,55.2,88,0,0,0,0,0,0,9.5,8.253989528795811,4857.6
L,301.4,310.8,1477,50.4,90,0,0,0,0,0,0,9.400000000000034,7.794848167539267,4536.0
M,301.3,310.7,1300,58.3,92,0,0,0,0,0,0,9.399999999999977,7.936125654450262,5363.599999999999
M,301.2,310.7,1615,34.9,95,0,0,0,0,0,0,9.5,5.901937172774869,3315.5
L,301.2,310.7,1676,32.4,98,0,0,0,0,0,0,9.5,5.686115183246073,3175.2
M,301.1,310.7,2636,12.2,100,1,0,0,1,0,0,9.599999999999966,3.3674554973821986,1220.0
M,301.1,310.6,1310,48.8,103,0,0,0,0,0,0,9.5,6.6940314136125645,5026.4
L,301.1,310.7,1334,48.2,106,0,0,0,0,0,0,9.599999999999966,6.732858638743456,5109.200000000001
M,301.1,310.7,1621,31.0,108,0,0,0,0,0,0,9.599999999999966,5.261884816753927,3348.0
M,301.1,310.7,1367,43.4,111,0,0,0,0,0,0,9.599999999999966,6.212335078534031,4817.4
L,301.0,310.6,1588,33.7,114,0,0,0,0,0,0,9.600000000000023,5.6037277486911,3841.8
M,301.0,310.7,1497,37.6,116,0,0,0,0,0,0,9.699999999999989,5.893947643979058,4361.6
L,301.1,310.8,1608,32.9,119,0,0,0,0,0,0,9.699999999999989,5.539602094240838,3915.1
L,301.0,310.8,1549,41.4,121,0,0,0,0,0,0,9.800000000000011,6.715036649214659,5009.4
L,301.0,310.7,1391,45.0,123,0,0,0,0,0,0,9.699999999999989,6.554450261780104,5535.0
L,300.9,310.8,1490,38.1,125,0,0,0,0,0,0,9.900000000000034,5.944397905759162,4762.5
L,301.0,310.7,1727,34.5,127,0,0,0,0,0,0,9.699999999999989,6.2389005235602095,4381.5
L,300.9,310.6,1504,46.4,129,0,0,0,0,0,0,9.700000000000045,7.307392670157067,5985.599999999999
L,300.9,310.6,1350,53.8,131,0,0,0,0,0,0,9.700000000000045,7.605235602094241,7047.799999999999
M,300.9,310.7,1420,43.0,133,0,0,0,0,0,0,9.800000000000011,6.393717277486911,5719.0
H,300.8,310.6,1465,44.1,136,0,0,0,0,0,0,9.800000000000011,6.765078534031414,5997.6
L,300.9,310.7,1427,44.1,141,0,0,0,0,0,0,9.800000000000011,6.589602094240838,6218.1
L,300.9,310.7,1477,43.2,143,0,0,0,0,0,0,9.800000000000011,6.681298429319372,6177.6
M,301.0,310.7,1493,48.1,145,0,0,0,0,0,0,9.699999999999989,7.519717277486912,6974.5
M,301.0,310.7,1657,29.9,148,0,0,0,0,0,0,9.699999999999989,5.187884816753926,4425.2
L,300.9,310.7,1359,46.0,151,0,0,0,0,0,0,9.800000000000011,6.545968586387435,6946.0
L,300.8,310.6,1551,34.5,153,0,0,0,0,0,0,9.800000000000011,5.603089005235602,5278.5
M,300.8,310.6,1545,37.5,155,0,0,0,0,0,0,9.800000000000011,6.066753926701571,5812.5
M,300.9,310.6,1709,29.2,158,0,0,0,0,0,0,9.700000000000045,5.225424083769633,4613.599999999999
M,300.9,310.7,1268,56.3,161,0,0,0,0,0,0,9.800000000000011,7.475225130890052,9064.3
L,300.9,310.7,1740,25.3,164,0,0,0,0,0,0,9.800000000000011,4.609633507853403,4149.2
L,301.0,310.9,1828,25.1,166,0,0,0,0,0,0,9.899999999999977,4.804481675392671,4166.6
L,301.0,310.9,1822,21.6,168,0,0,0,0,0,0,9.899999999999977,4.120963350785341,3628.8
M,301.0,310.9,1515,41.8,170,0,0,0,0,0,0,9.899999999999977,6.63109947643979,7105.999999999999
L,301.0,310.9,1392,52.9,173,0,0,0,0,0,0,9.899999999999977,7.710659685863875,9151.699999999999
H,300.9,310.9,1474,35.7,175,0,0,0,0,0,0,10.0,5.5101361256544505,6247.500000000001
M,301.0,310.9,1359,53.4,180,0,0,0,0,0,0,9.899999999999977,7.599015706806282,9612.0
L,301.1,311.0,1565,52.3,183,0,0,0,0,0,0,9.899999999999977,8.570628272251309,9570.9
M,301.1,311.1,1384,42.5,185,0,0,0,0,0,0,10.0,6.159162303664922,7862.5
L,301.1,311.1,1387,53.1,188,0,0,0,0,0,0,10.0,7.712010471204188,9982.800000000001
L,301.1,311.0,1378,51.1,190,0,0,0,0,0,0,9.899999999999977,7.37338219895288,9709.0
L,301.0,310.9,1809,25.7,192,0,0,0,0,0,0,9.899999999999977,4.868198952879581,4934.4
H,301.1,311.0,1339,52.8,194,0,0,0,0,0,0,9.899999999999977,7.403057591623036,10243.199999999999
M,301.0,311.0,1423,38.6,199,0,0,0,0,0,0,10.0,5.751602094240838,7681.400000000001
L,301.1,311.1,1570,41.6,202,0,0,0,0,0,0,10.0,6.838952879581152,8403.2
L,301.2,311.2,1558,34.1,204,0,0,0,0,0,0,10.0,5.563120418848168,6956.400000000001
L,301.1,311.1,1799,21.7,206,0,0,0,0,0,0,10.0,4.087780104712041,4470.2
M,301.1,311.2,1591,35.0,208,0,0,0,0,0,0,10.099999999999966,5.830890052356021,7280.0
L,301.2,311.2,1635,29.6,211,0,0,0,0,0,0,10.0,5.067643979057592,6245.6
L,301.3,311.3,1509,42.5,213,0,0,0,0,0,0,10.0,6.715445026178011,9052.5
M,301.3,311.4,1838,23.2,215,0,0,0,0,0,0,10.099999999999966,4.465089005235602,4988.0
M,301.3,311.5,1648,32.4,0,0,0,0,0,0,0,10.199999999999989,5.591120418848167,0.0
M,301.2,311.5,1498,49.5,3,0,0,0,0,0,0,10.300000000000011,7.764502617801047,148.5
L,301.2,311.4,1757,28.0,6,0,0,0,0,0,0,10.199999999999989,5.151413612565445,168.0
M,301.1,311.3,1389,53.3,8,0,0,0,0,0,0,10.199999999999989,7.752219895287958,426.4
L,301.1,311.3,1498,37.6,11,0,0,0,0,0,0,10.199999999999989,5.897884816753927,413.6
M,301.0,311.2,1521,35.8,13,0,0,0,0,0,0,10.199999999999989,5.701759162303665,465.4
M,301.0,311.2,1394,41.3,16,0,0,0,0,0,0,10.199999999999989,6.028502617801047,660.8
H,301.0,311.2,1602,32.7,19,0,0,0,0,0,0,10.199999999999989,5.4853821989528795,621.3000000000001
L,300.9,311.1,1417,40.7,24,0,0,0,0,0,0,10.200000000000045,6.038942408376964,976.8000000000001
L,301.0,311.2,1511,42.9,26,0,0,0,0,0,0,10.199999999999989,6.787633507853403,1115.3999999999999
M,301.1,311.3,1654,30.7,28,0,0,0,0,0,0,10.199999999999989,5.317047120418848,859.6
M,301.1,311.3,1836,22.8,31,0,0,0,0,0,0,10.199999999999989,4.383329842931937,706.8000000000001
L,301.1,311.3,1622,35.6,34,0,0,0,0,0,0,10.199999999999989,6.046408376963352,1210.4
L,301.0,311.2,1467,45.4,36,0,0,0,0,0,0,10.199999999999989,6.974010471204188,1634.3999999999999
M,301.1,311.3,1909,22.7,38,0,0,0,0,0,0,10.199999999999989,4.537623036649214,862.6
L,301.1,311.2,1910,20.2,41,0,0,0,0,0,0,10.099999999999966,4.04,828.1999999999999
H,301.1,311.3,2207,16.6,43,0,0,0,0,0,0,10.199999999999989,3.836251308900524,713.8000000000001
M,301.1,311.2,1384,49.4,48,0,0,0,0,0,0,10.099999999999966,7.1591204188481665,2371.2
L,301.1,311.3,1630,29.5,51,0,0,0,0,0,0,10.199999999999989,5.035078534031413,1504.5
L,301.1,311.3,1268,60.0,53,0,0,0,0,0,0,10.199999999999989,7.966492146596859,3180.0
L,301.1,311.4,1531,38.7,55,0,0,0,0,0,0,10.299999999999955,6.204157068062828,2128.5
M,301.0,311.3,1454,41.5,57,0,0,0,0,0,0,10.300000000000011,6.318429319371727,2365.5
L,301.0,311.3,1342,50.9,60,0,0,0,0,0,0,10.300000000000011,7.152649214659686,3054.0
L,301.0,311.2,1363,46.3,62,0,0,0,0,0,0,10.199999999999989,6.608052356020941,2870.6
L,301.0,311.2,1412,42.1,64,0,0,0,0,0,0,10.199999999999989,6.2246282722513095,2694.4
H,301.0,311.3,1597,39.2,66,0,0,0,0,0,0,10.300000000000011,6.555225130890053,2587.2000000000003
L,301.0,311.3,1349,47.0,71,0,0,0,0,0,0,10.300000000000011,6.639057591623037,3337.0
L,301.0,311.3,1472,35.3,73,0,0,0,0,0,0,10.300000000000011,5.441005235602094,2576.8999999999996
L,301.0,311.4,1478,39.5,75,0,0,0,0,0,0,10.399999999999977,6.113193717277487,2962.5
H,300.9,311.3,1295,58.9,77,0,0,0,0,0,0,10.400000000000034,7.986963350785341,4535.3
M,300.8,311.2,1592,32.9,82,0,0,0,0,0,0,10.399999999999977,5.4844816753926695,2697.7999999999997
L,300.8,311.2,1430,54.4,85,0,0,0,0,0,0,10.399999999999977,8.145759162303666,4624.0
M,300.8,311.2,1488,40.1,87,0,0,0,0,0,0,10.399999999999977,6.248041884816754,3488.7000000000003
H,300.9,311.2,1518,35.0,90,0,0,0,0,0,0,10.300000000000011,5.563350785340314,3150.0
H,300.8,311.2,2237,17.0,95,0,0,0,0,0,0,10.399999999999977,3.9820942408376965,1615.0
M,300.9,311.3,1801,24.6,100,0,0,0,0,0,0,10.400000000000034,4.639225130890053,2460.0
L,301.0,311.4,1573,37.6,103,0,0,0,0,0,0,10.399999999999977,6.19317277486911,3872.8
L,300.9,311.4,2073,21.4,105,0,0,0,0,0,0,10.5,4.645256544502618,2247.0
L,300.9,311.3,1953,19.4,107,0,0,0,0,0,0,10.400000000000034,3.967350785340314,2075.7999999999997
L,300.8,311.2,1492,39.0,109,0,0,0,0,0,0,10.399999999999977,6.092984293193718,4251.0
L,300.8,311.2,1397,48.7,111,0,0,0,0,0,0,10.399999999999977,7.123968586387435,5405.700000000001
M,300.8,311.3,1465,43.2,113,0,0,0,0,0,0,10.5,6.627015706806284,4881.6
L,300.8,311.3,1782,26.9,116,0,0,0,0,0,0,10.5,5.019455497382198,3120.3999999999996
M,300.9,311.4,1434,45.4,118,0,0,0,0,0,0,10.5,6.817130890052356,5357.2
H,300.9,311.4,1387,42.7,121,0,0,0,0,0,0,10.5,6.201560209424084,5166.700000000001
M,300.9,311.4,1532,41.5,126,0,0,0,0,0,0,10.5,6.657382198952879,5229.0
L,300.9,311.5,1505,41.1,129,0,0,0,0,0,0,10.600000000000023,6.477015706806283,5301.900000000001
L,301.0,311.6,1440,43.3,131,0,0,0,0,0,0,10.600000000000023,6.529005235602093,5672.299999999999
L,301.0,311.6,1470,43.4,133,0,0,0,0,0,0,10.600000000000023,6.680418848167539,5772.2
L,301.1,311.7,1408,46.3,135,0,0,0,0,0,0,10.599999999999966,6.826219895287958,6250.5
M,301.0,311.6,1357,45.6,137,0,0,0,0,0,0,10.600000000000023,6.479497382198954,6247.2
M,301.0,311.6,1454,40.0,140,0,0,0,0,0,0,10.600000000000023,6.0900523560209425,5600.0
L,301.0,311.6,1352,63.5,143,0,0,0,0,0,0,10.600000000000023,8.989738219895289,9080.5
M,301.0,311.6,1448,43.9,145,0,0,0,0,0,0,10.600000000000023,6.656251308900523,6365.5
L,300.9,311.6,1671,33.5,148,0,0,0,0,0,0,10.700000000000045,5.861623036649215,4958.0
L,301.0,311.7,1670,31.3,150,0,0,0,0,0,0,10.699999999999989,5.473403141361256,4695.0
L,301.0,311.7,1547,34.5,152,0,0,0,0,0,0,10.699999999999989,5.588638743455498,5244.0
L,301.0,311.6,1461,40.6,154,0,0,0,0,0,0,10.600000000000023,6.2111623036649215,6252.400000000001
M,301.0,311.6,1609,35.8,156,0,0,0,0,0,0,10.600000000000023,6.031643979057591,5584.799999999999
M,300.9,311.5,1704,31.3,159,0,0,0,0,0,0,10.600000000000023,5.584837696335079,4976.7
M,301.0,311.5,1550,34.9,162,0,0,0,0,0,0,10.5,5.664397905759162,5653.8
M,301.0,311.5,1530,43.9,165,0,0,0,0,0,0,10.5,7.033193717277487,7243.5
L,300.9,311.3,1449,40.2,168,0,0,0,0,0,0,10.400000000000034,6.099455497382199,6753.6
L,300.9,311.3,1613,32.7,170,0,0,0,0,0,0,10.400000000000034,5.523047120418849,5559.000000000001
L,300.8,311.2,1376,48.1,172,0,0,0,0,0,0,10.399999999999977,6.930429319371728,8273.2
L,300.8,311.2,1434,45.6,174,0,0,0,0,0,0,10.399999999999977,6.847162303664922,7934.400000000001
L,300.8,311.1,1480,41.1,176,0,0,0,0,0,0,10.300000000000011,6.369424083769633,7233.6
M,300.8,311.2,1634,31.9,178,0,0,0,0,0,0,10.399999999999977,5.458073298429319,5678.2
L,300.8,311.2,1481,38.5,181,0,0,0,0,0,1,10.399999999999977,5.970523560209424,6968.5
H,300.9,311.3,1668,28.9,183,0,0,0,0,0,0,10.400000000000034,5.047664921465969,5288.7
L,301.0,311.4,1484,36.2,188,0,0,0,0,0,0,10.399999999999977,5.625214659685864,6805.6
M,300.9,311.3,1603,31.8,190,0,0,0,0,0,0,10.400000000000034,5.3377382198952885,6042.0
L,301.0,311.4,1481,37.5,193,0,0,0,0,0,0,10.399999999999977,5.81544502617801,7237.5
L,301.0,311.5,1559,31.8,195,0,0,0,0,0,0,10.5,5.191225130890053,6201.0
L,301.0,311.5,1444,39.8,197,0,0,0,0,0,0,10.5,6.01792670157068,7840.599999999999
M,301.2,311.6,1423,48.0,199,0,0,0,0,0,0,10.400000000000034,7.1522513089005235,9552.0
L,301.1,311.6,1432,48.1,202,0,0,0,0,0,0,10.5,7.21248167539267,9716.2
L,301.2,311.7,1463,48.3,204,0,0,0,0,0,0,10.5,7.3992565445026175,9853.199999999999
L,301.2,311.7,1433,49.3,206,0,0,0,0,0,0,10.5,7.39758115183246,10155.8
L,301.2,311.6,1461,52.9,208,1,0,0,0,1,0,10.400000000000034,8.092869109947644,11003.199999999999
M,301.1,311.6,1266,55.5,210,0,0,0,0,0,0,10.5,7.357382198952879,11655.0
H,301.1,311.6,1417,53.4,0,0,0,0,0,0,0,10.5,7.923329842931937,0.0
L,301.1,311.6,1488,43.4,5,0,0,0,0,0,0,10.5,6.7622198952879575,217.0
L,301.1,311.7,1816,24.5,7,0,0,0,0,0,0,10.599999999999966,4.658848167539267,171.5
M,301.0,311.6,1301,55.0,9,0,0,0,0,0,0,10.600000000000023,7.492670157068063,495.0
M,300.9,311.5,1836,21.8,12,0,0,0,0,0,0,10.600000000000023,4.191078534031414,261.6
M,300.8,311.4,1521,39.9,15,0,0,0,0,0,0,10.599999999999966,6.354753926701571,598.5
L,300.8,311.4,1322,67.2,18,1,0,0,1,0,0,10.599999999999966,9.302450261780105,1209.6000000000001
L,300.8,311.4,1492,40.6,20,0,0,0,0,0,0,10.599999999999966,6.342952879581152,812.0
L,300.8,311.4,1536,40.9,22,0,0,0,0,0,0,10.599999999999966,6.578261780104712,899.8
L,300.7,311.2,1878,24.3,24,0,0,0,0,0,0,10.5,4.778575916230366,583.2
L,300.6,311.1,1471,40.7,26,0,0,0,0,0,0,10.5,6.269078534031414,1058.2
H,300.6,311.1,1452,40.2,28,0,0,0,0,0,0,10.5,6.112083769633508,1125.6000000000001
L,300.7,311.2,1452,44.4,33,0,0,0,0,0,0,10.5,6.750659685863874,1465.2
M,300.7,311.3,1348,53.0,35,0,0,0,0,0,0,10.600000000000023,7.4810471204188485,1855.0
H,300.8,311.4,1453,44.6,38,0,0,0,0,0,0,10.599999999999966,6.785738219895288,1694.8
L,300.8,311.4,1316,57.6,43,0,0,0,0,0,0,10.599999999999966,7.937340314136126,2476.8
M,300.8,311.4,1732,26.9,45,0,0,0,0,0,0,10.599999999999966,4.87861780104712,1210.5
L,300.7,311.3,1522,35.2,48,0,0,0,0,0,0,10.600000000000023,5.609884816753927,1689.6000000000001
M,300.7,311.3,1487,39.8,50,0,0,0,0,0,0,10.600000000000023,6.197130890052356,1989.9999999999998
M,300.8,311.4,1852,22.2,53,0,0,0,0,0,0,10.599999999999966,4.30517277486911,1176.6
L,300.7,311.2,1486,46.8,56,0,0,0,0,0,0,10.5,7.282178010471204,2620.7999999999997
M,300.7,311.3,1562,37.1,58,0,0,0,0,0,0,10.600000000000023,6.068083769633509,2151.8
L,300.7,311.2,1457,51.4,61,0,0,0,0,0,0,10.5,7.84186387434555,3135.4
M,300.7,311.2,1769,26.5,63,0,0,0,0,0,0,10.5,4.908743455497382,1669.5
H,300.7,311.3,1374,53.1,66,0,0,0,0,0,0,10.600000000000023,7.639727748691101,3504.6
L,300.8,311.3,1524,43.5,71,0,0,0,0,0,0,10.5,6.941780104712042,3088.5
L,300.8,311.3,1498,40.2,73,0,0,0,0,0,0,10.5,6.305717277486911,2934.6000000000004
L,300.8,311.3,1462,41.4,75,0,0,0,0,0,0,10.5,6.337884816753927,3105.0
M,300.8,311.2,1429,52.3,77,0,0,0,0,0,0,10.399999999999977,7.825832460732984,4027.1
L,300.7,311.2,1399,47.9,80,0,0,0,0,0,0,10.5,7.016973821989528,3832.0
M,300.8,311.2,1434,39.1,82,0,0,0,0,0,0,10.399999999999977,5.871141361256544,3206.2000000000003
L,300.7,311.1,1324,52.2,85,0,0,0,0,0,0,10.400000000000034,7.236942408376963,4437.0
L,300.6,311.0,1563,40.7,87,0,0,0,0,0,0,10.399999999999977,6.661162303664922,3540.9
L,300.6,311.0,1543,34.7,89,0,0,0,0,0,0,10.399999999999977,5.6065026178010475,3088.3
L,300.7,311.0,1413,52.0,91,0,0,0,0,0,1,10.300000000000011,7.693821989528796,4732.0
M,300.7,311.0,1378,41.2,93,0,0,0,0,0,0,10.300000000000011,5.944879581151833,3831.6000000000004
M,300.7,311.1,1373,49.9,96,0,0,0,0,0,0,10.400000000000034,7.174104712041885,4790.4
H,300.7,311.0,1981,19.9,99,0,0,0,0,0,0,10.300000000000011,4.127947643979057,1970.1
M,300.7,311.0,1263,52.3,104,0,0,0,0,0,0,10.300000000000011,6.9167434554973815,5439.2
L,300.7,311.0,1312,52.1,107,0,0,0,0,0,0,10.300000000000011,7.157612565445026,5574.7
L,300.7,311.0,1969,20.7,109,0,0,0,0,0,0,10.300000000000011,4.267884816753926,2256.2999999999997
M,300.8,311.2,1365,51.7,111,0,0,0,0,0,0,10.399999999999977,7.389581151832461,5738.700000000001
L,300.9,311.2,1789,25.5,114,0,0,0,0,0,0,10.300000000000011,4.776910994764398,2907.0
M,300.8,311.1,1583,32.1,116,0,0,0,0,0,0,10.300000000000011,5.320869109947644,3723.6000000000004
L,300.7,311.0,1436,44.9,119,0,0,0,0,0,0,10.300000000000011,6.751455497382199,5343.099999999999
M,300.7,311.0,1559,42.8,121,0,0,0,0,0,0,10.300000000000011,6.986931937172774,5178.799999999999
L,300.7,311.0,1377,49.9,124,0,0,0,0,0,0,10.300000000000011,7.195005235602094,6187.599999999999
L,300.7,311.0,1462,41.9,126,0,0,0,0,0,0,10.300000000000011,6.4144293193717274,5279.4
L,300.7,311.0,1318,48.2,128,0,0,0,0,0,0,10.300000000000011,6.6521047120418855,6169.6
M,300.7,311.0,1378,51.6,130,0,0,0,0,0,0,10.300000000000011,7.445528795811518,6708.0
L,300.6,310.9,1344,46.7,133,0,0,0,0,0,0,10.299999999999955,6.572230366492147,6211.1
L,300.7,311.1,2377,14.3,135,0,0,0,0,0,0,10.400000000000034,3.5592774869109944,1930.5
L,300.7,311.1,1427,50.3,137,0,0,0,0,0,0,10.400000000000034,7.5160314136125645,6891.099999999999
L,300.9,311.2,1353,60.4,139,0,0,0,0,0,0,10.300000000000011,8.557193717277487,8395.6
L,300.8,311.3,1505,45.5,141,0,0,0,0,0,0,10.5,7.1704188481675395,6415.5
H,300.8,311.2,1612,32.5,143,0,0,0,0,0,0,10.399999999999977,5.48586387434555,4647.5
L,300.7,311.1,1440,43.0,148,0,0,0,0,0,0,10.400000000000034,6.483769633507854,6364.0
M,300.7,311.0,1334,53.9,150,0,0,0,0,0,0,10.300000000000011,7.529068062827224,8085.0
M,300.7,311.0,1706,25.0,153,0,0,0,0,0,0,10.300000000000011,4.465968586387435,3825.0
H,300.8,311.1,1698,24.8,156,0,0,0,0,0,0,10.300000000000011,4.409465968586388,3868.8
L,300.7,311.1,1688,30.7,161,0,0,0,0,0,0,10.400000000000034,5.42634554973822,4942.7
L,300.7,311.1,2437,13.8,163,0,0,0,0,0,0,10.400000000000034,3.521528795811518,2249.4
L,300.7,311.1,1478,46.8,165,0,0,0,0,0,0,10.400000000000034,7.242973821989528,7721.999999999999
M,300.7,311.1,1608,35.3,167,0,0,0,0,0,0,10.400000000000034,5.943706806282722,5895.099999999999
L,300.7,311.1,2478,13.4,170,1,0,0,1,0,0,10.400000000000034,3.4769842931937176,2278.0
L,300.8,311.1,1509,33.4,172,0,0,0,0,0,0,10.300000000000011,5.2775497382198955,5744.8
L,300.7,311.0,1596,36.9,174,0,0,0,0,0,0,10.300000000000011,6.1667434554973815,6420.599999999999
M,300.7,311.0,1740,25.6,176,0,0,0,0,0,0,10.300000000000011,4.664293193717278,4505.6
L,300.6,310.8,1375,53.2,179,0,0,0,0,0,0,10.199999999999989,7.659685863874346,9522.800000000001
M,300.6,310.7,1705,31.2,181,0,0,0,0,0,0,10.099999999999966,5.570261780104712,5647.2
M,300.5,310.6,1621,32.0,184,0,0,0,0,0,0,10.100000000000023,5.431623036649214,5888.0
M,300.6,310.7,1566,38.2,187,0,0,0,0,0,0,10.099999999999966,6.264,7143.400000000001
M,300.6,310.7,1388,42.9,190,0,0,0,0,0,0,10.099999999999966,6.235099476439791,8151.0
M,300.6,310.7,1457,36.7,193,0,0,0,0,0,0,10.099999999999966,5.599151832460733,7083.1
M,300.6,310.6,1463,45.5,196,0,0,0,0,0,0,10.0,6.970314136125655,8918.0
L,300.5,310.5,1564,38.2,199,0,0,0,0,0,0,10.0,6.256,7601.8
H,300.5,310.6,1411,47.2,201,0,0,0,0,0,0,10.100000000000023,6.973738219895288,9487.2
L,300.5,310.6,1540,46.7,206,0,0,0,0,0,0,10.100000000000023,7.530680628272251,9620.2
L,300.5,310.6,1950,20.3,208,0,0,0,0,0,0,10.100000000000023,4.145026178010471,4222.400000000001
M,300.6,310.7,1339,52.9,0,0,0,0,0,0,0,10.099999999999966,7.417078534031413,0.0
H,300.6,310.6,1419,39.6,3,0,0,0,0,0,0,10.0,5.884020942408377,118.80000000000001
L,300.5,310.6,1499,45.2,8,0,0,0,0,0,0,10.100000000000023,7.094743455497382,361.6
L,300.5,310.6,1368,49.6,10,0,0,0,0,0,0,10.100000000000023,7.1050052356020945,496.0
L,300.5,310.5,1536,36.2,12,0,0,0,0,0,0,10.0,5.822324607329843,434.40000000000003
M,300.5,310.5,1469,42.9,14,0,0,0,0,0,0,10.0,6.59896335078534,600.6
L,300.5,310.5,2633,12.2,17,1,0,0,1,0,0,10.0,3.3636230366492144,207.39999999999998
L,300.4,310.4,1298,61.4,19,0,0,0,0,0,0,10.0,8.345256544502618,1166.6
M,300.4,310.4,1544,36.3,21,0,0,0,0,0,0,10.0,5.868816753926701,762.3
H,300.5,310.5,1403,47.7,24,0,0,0,0,0,0,10.0,7.00765445026178,1144.8000000000002
L,300.5,310.5,1452,42.9,29,0,0,0,0,0,0,10.0,6.522596858638743,1244.1
L,300.6,310.5,1509,43.1,31,0,0,0,0,0,0,9.899999999999977,6.810251308900524,1336.1000000000001
M,300.7,310.6,1474,37.0,33,0,0,0,0,0,0,9.900000000000034,5.710785340314136,1221.0
M,300.7,310.7,1377,46.7,36,0,0,0,0,0,0,10.0,6.733602094240838,1681.2
L,300.8,310.8,1741,27.1,39,0,0,0,0,0,0,10.0,4.940429319371728,1056.9
L,300.8,310.8,1460,53.8,41,0,0,0,0,0,0,10.0,8.224921465968587,2205.7999999999997
H,300.7,310.6,1631,32.6,43,0,0,0,0,0,0,9.900000000000034,5.567602094240838,1401.8
L,300.7,310.5,1561,33.2,48,0,0,0,0,0,0,9.800000000000011,5.426722513089006,1593.6000000000001
M,300.7,310.6,1572,38.5,50,0,0,0,0,0,0,9.900000000000034,6.33738219895288,1925.0
L,300.6,310.6,2127,18.7,53,0,0,0,0,0,0,10.0,4.164910994764398,991.0999999999999
H,300.6,310.6,1448,44.7,55,0,0,0,0,0,0,10.0,6.7775497382198955,2458.5
L,300.6,310.7,1543,39.6,60,0,0,0,0,0,0,10.099999999999966,6.398198952879581,2376.0
L,300.6,310.6,1508,34.8,62,0,0,0,0,0,0,10.0,5.495120418848167,2157.6
M,300.6,310.6,1403,50.4,64,0,0,0,0,0,0,10.0,7.404314136125654,3225.6
L,300.6,310.6,1454,39.7,67,0,0,0,0,0,0,10.0,6.044376963350786,2659.9
L,300.7,310.8,1772,27.3,69,0,0,0,0,0,0,10.100000000000023,5.065507853403141,1883.7
L,300.7,310.8,1479,49.1,71,0,0,0,0,0,0,10.100000000000023,7.60407329842932,3486.1
L,300.7,310.9,1723,31.0,73,0,0,0,0,0,0,10.199999999999989,5.592984293193718,2263.0
M,300.7,310.8,1469,46.4,75,0,0,0,0,0,0,10.100000000000023,7.137340314136125,3480.0
H,300.6,310.6,1830,26.2,78,0,0,0,0,0,0,10.0,5.0205235602094245,2043.6
L,300.6,310.6,1497,38.2,83,0,0,0,0,0,0,10.0,5.988,3170.6000000000004
L,300.7,310.6,1540,52.7,85,0,0,0,0,0,0,9.900000000000034,8.498219895287958,4479.5
L,300.6,310.6,1514,39.5,87,0,0,0,0,0,0,10.0,6.262094240837697,3436.5
L,300.7,310.6,1654,34.2,89,0,0,0,0,0,0,9.900000000000034,5.923225130890053,3043.8
H,300.6,310.5,1519,37.0,91,0,0,0,0,0,0,9.899999999999977,5.8851308900523565,3367.0
L,300.7,310.6,1720,30.3,96,0,0,0,0,0,0,9.900000000000034,5.45717277486911,2908.8
L,300.6,310.5,1470,37.7,98,0,0,0,0,0,0,9.899999999999977,5.80303664921466,3694.6000000000004
L,300.6,310.5,1642,29.9,100,0,0,0,0,0,0,9.899999999999977,5.140921465968586,2990.0
M,300.7,310.6,2006,19.1,102,0,0,0,0,0,0,9.900000000000034,4.0120000000000005,1948.2
M,300.7,310.6,1505,35.6,105,0,0,0,0,0,0,9.900000000000034,5.610261780104712,3738.0
M,300.7,310.6,1609,27.6,108,0,0,0,0,0,0,9.900000000000034,4.650094240837697,2980.8
M,300.7,310.5,1863,22.2,111,0,0,0,0,0,0,9.800000000000011,4.330743455497382,2464.2
L,300.6,310.4,1401,42.6,114,0,0,0,0,0,0,9.799999999999955,6.249486910994764,4856.400000000001
L,300.6,310.4,2007,19.8,116,0,0,0,0,0,0,9.799999999999955,4.161109947643979,2296.8
L,300.6,310.4,1494,47.3,118,0,0,0,0,0,0,9.799999999999955,7.399602094240837,5581.4
L,300.6,310.4,1457,47.7,120,0,0,0,0,0,0,9.799999999999955,7.277371727748692,5724.0
L,300.6,310.4,1556,37.7,122,0,0,0,0,0,0,9.799999999999955,6.142534031413613,4599.400000000001
H,300.6,310.4,1510,42.8,124,0,0,0,0,0,0,9.799999999999955,6.767329842931937,5307.2
H,300.7,310.5,1567,38.7,129,0,0,0,0,0,0,9.800000000000011,6.350041884816754,4992.3
H,300.7,310.5,1476,43.1,134,0,0,0,0,0,0,9.800000000000011,6.661319371727749,5775.400000000001
L,300.8,310.6,1663,30.6,139,0,0,0,0,0,0,9.800000000000011,5.328565445026178,4253.400000000001
M,300.8,310.5,1409,50.6,141,0,0,0,0,0,0,9.699999999999989,7.465486910994765,7134.6
L,300.8,310.6,1666,36.2,144,0,0,0,0,0,0,9.800000000000011,6.315099476439791,5212.8
L,300.7,310.6,1520,45.9,146,0,0,0,0,0,0,9.900000000000034,7.305549738219895,6701.4
L,300.6,310.5,1644,33.8,148,0,0,0,0,0,0,9.899999999999977,5.818554973821989,5002.4
H,300.6,310.4,1479,35.6,150,0,0,0,0,0,0,9.799999999999955,5.5133403141361255,5340.0
L,300.6,310.4,1446,49.7,155,0,0,0,0,0,0,9.799999999999955,7.525256544502618,7703.5
M,300.6,310.4,1407,51.1,157,0,0,0,0,0,0,9.799999999999955,7.528554973821989,8022.7
L,300.7,310.4,1234,51.7,160,0,0,0,0,0,0,9.699999999999989,6.680397905759163,8272.0
M,300.8,310.5,1696,29.7,162,0,0,0,0,0,0,9.699999999999989,5.274471204188481,4811.4
L,300.8,310.6,1384,52.9,165,0,0,0,0,0,0,9.800000000000011,7.666345549738219,8728.5
M,300.8,310.7,1572,36.2,167,0,0,0,0,0,0,9.899999999999977,5.958785340314137,6045.400000000001
M,300.8,310.7,1386,42.1,170,0,0,0,0,0,0,9.899999999999977,6.1100104712041885,7157.0
L,300.8,310.7,1461,42.8,173,0,0,0,0,0,0,9.899999999999977,6.547727748691099,7404.4
L,300.8,310.7,1525,39.4,175,0,0,0,0,0,0,9.899999999999977,6.291623036649215,6895.0
L,300.7,310.7,1333,61.0,177,0,0,0,0,0,0,10.0,8.514450261780105,10797.0
H,300.7,310.6,1505,40.6,179,0,0,0,0,0,0,9.900000000000034,6.3982198952879585,7267.400000000001
M,300.7,310.6,1439,41.7,184,0,0,0,0,0,0,9.900000000000034,6.2833821989528795,7672.8
L,300.7,310.6,1491,43.2,187,0,0,0,0,0,0,9.900000000000034,6.744628272251309,8078.400000000001
M,300.7,310.6,1488,39.2,189,0,0,0,0,0,0,9.900000000000034,6.107811518324608,7408.8
L,300.7,310.5,1536,47.4,192,0,0,0,0,0,0,9.800000000000011,7.623706806282722,9100.8
L,300.7,310.5,1960,21.0,194,0,0,0,0,0,0,9.800000000000011,4.309947643979058,4074.0
M,300.7,310.5,1594,31.0,196,0,0,0,0,0,0,9.800000000000011,5.174240837696335,6076.0
L,300.7,310.5,1357,52.6,199,0,0,0,0,0,0,9.800000000000011,7.474157068062827,10467.4
L,300.7,310.5,1445,41.1,201,0,0,0,0,0,0,9.800000000000011,6.218795811518325,8261.1
L,300.7,310.4,1543,47.3,203,0,0,0,0,0,0,9.699999999999989,7.6422931937172764,9601.9
L,300.7,310.4,1366,52.6,205,0,0,0,0,0,0,9.699999999999989,7.5237277486911,10783.0
L,300.7,310.3,1458,40.0,207,0,0,0,0,0,0,9.600000000000023,6.106806282722513,8280.0
L,300.7,310.4,1416,61.8,209,1,0,0,1,1,0,9.699999999999989,9.163225130890053,12916.199999999999
L,300.6,310.3,1794,24.4,211,0,0,0,0,0,0,9.699999999999989,4.5836230366492146,5148.4
L,300.6,310.3,1484,41.0,213,0,0,0,0,0,0,9.699999999999989,6.371099476439791,8733.0
L,300.6,310.4,2514,13.4,215,0,0,0,0,0,0,9.799999999999955,3.527497382198953,2881.0
L,300.6,310.3,1648,30.5,217,1,1,0,0,0,0,9.699999999999989,5.263246073298429,6618.5
M,300.6,310.3,1614,32.7,0,0,0,0,0,0,0,9.699999999999989,5.526471204188482,0.0
L,300.6,310.2,1622,34.1,3,0,0,0,0,0,0,9.599999999999966,5.791643979057592,102.30000000000001
M,300.6,310.2,1478,40.1,5,0,0,0,0,0,0,9.599999999999966,6.206052356020943,200.5
L,300.6,310.2,1318,51.0,8,0,0,0,0,0,0,9.599999999999966,7.0385340314136124,408.0
L,300.7,310.2,1493,35.9,10,0,0,0,0,0,0,9.5,5.612429319371728,359.0
H,300.7,310.3,1369,50.7,12,0,0,0,0,0,0,9.600000000000023,7.267884816753927,608.4000000000001
L,300.6,310.2,1447,45.9,17,0,0,0,0,0,0,9.599999999999966,6.95469109947644,780.3
L,300.6,310.1,1485,49.9,19,0,0,0,0,0,0,9.5,7.759319371727749,948.1
L,300.6,310.2,1489,47.8,21,0,0,0,0,0,0,9.599999999999966,7.452795811518325,1003.8
M,300.6,310.2,1233,52.3,23,0,0,0,0,0,0,9.599999999999966,6.752450261780104,1202.8999999999999
L,300.7,310.2,1642,32.6,26,0,0,0,0,0,0,9.5,5.6051518324607335,847.6
M,300.7,310.2,1373,44.1,28,0,0,0,0,0,0,9.5,6.340240837696335,1234.8
L,300.7,310.2,1569,32.8,31,0,0,0,0,0,0,9.5,5.388816753926701,1016.8
L,300.8,310.2,1850,22.8,33,0,0,0,0,0,0,9.399999999999977,4.4167539267015705,752.4
M,300.8,310.3,1494,42.2,35,0,0,0,0,0,0,9.5,6.601759162303665,1477.0
H,300.8,310.3,1777,30.1,38,0,0,0,0,0,0,9.5,5.600806282722513,1143.8
L,300.9,310.4,1454,43.1,43,0,0,0,0,0,0,9.5,6.562031413612566,1853.3
L,300.9,310.4,1536,34.2,45,0,0,0,0,0,0,9.5,5.500649214659687,1539.0000000000002
L,300.8,310.5,1482,39.0,47,0,0,0,0,0,0,9.699999999999989,6.0521465968586385,1833.0
H,300.9,310.5,1512,41.2,49,0,0,0,0,0,0,9.600000000000023,6.522973821989529,2018.8000000000002
M,300.8,310.5,1511,35.8,54,0,0,0,0,0,0,9.699999999999989,5.6642722513089,1933.1999999999998
L,300.9,310.5,1599,40.5,57,0,0,0,0,0,0,9.600000000000023,6.781099476439791,2308.5
M,300.8,310.4,1518,36.0,59,0,0,0,0,0,0,9.599999999999966,5.722303664921466,2124.0
M,300.8,310.4,1450,39.4,62,0,0,0,0,0,0,9.599999999999966,5.982198952879581,2442.7999999999997
L,300.9,310.4,1427,47.0,65,0,0,0,0,0,0,9.5,7.022931937172775,3055.0
L,300.9,310.4,1561,32.7,67,0,0,0,0,0,0,9.5,5.3449947643979066,2190.9
H,300.9,310.4,1457,43.8,69,0,0,0,0,0,0,9.5,6.682366492146596,3022.2
M,301.0,310.6,1460,53.6,74,0,0,0,0,0,0,9.600000000000023,8.19434554973822,3966.4
L,301.0,310.5,1601,33.2,77,0,0,0,0,0,0,9.5,5.565780104712043,2556.4
L,300.9,310.5,1570,40.1,79,0,0,0,0,0,0,9.600000000000023,6.592356020942408,3167.9
L,300.9,310.5,1565,35.9,81,0,0,0,0,0,0,9.600000000000023,5.883089005235602,2907.9
L,301.0,310.5,1378,44.4,83,0,0,0,0,0,0,9.5,6.40661780104712,3685.2
L,300.9,310.5,2288,16.1,85,0,0,0,0,0,0,9.600000000000023,3.857256544502618,1368.5000000000002
M,300.9,310.4,1375,44.7,87,0,0,0,0,0,0,9.5,6.43586387434555,3888.9
L,300.9,310.4,1788,27.8,90,0,0,0,0,0,0,9.5,5.204858638743455,2502.0
M,300.9,310.4,1576,40.4,92,0,0,0,0,0,0,9.5,6.667057591623036,3716.7999999999997
M,300.8,310.3,1868,24.5,95,0,0,0,0,0,0,9.5,4.792251308900523,2327.5
L,300.7,310.1,1261,56.6,98,0,0,0,0,0,0,9.400000000000034,7.4735706806282725,5546.8
M,300.6,310.0,1542,33.9,100,0,0,0,0,0,0,9.399999999999977,5.473696335078533,3390.0
L,300.6,310.0,1438,53.8,103,0,0,0,0,0,0,9.399999999999977,8.100984293193717,5541.4
L,300.6,310.0,1511,36.9,105,0,0,0,0,0,0,9.399999999999977,5.838314136125654,3874.5
L,300.6,310.0,1635,31.0,107,0,0,0,0,0,0,9.399999999999977,5.307329842931937,3317.0
L,300.6,309.9,1428,48.8,109,0,0,0,0,0,0,9.299999999999955,7.297005235602094,5319.2
M,300.5,309.8,1410,44.4,111,0,0,0,0,0,0,9.300000000000011,6.555392670157068,4928.4
L,300.5,309.9,1423,47.9,114,0,0,0,0,0,0,9.399999999999977,7.137350785340314,5460.599999999999
M,300.5,309.9,1552,41.3,116,0,0,0,0,0,0,9.399999999999977,6.71179057591623,4790.799999999999
M,300.5,310.0,1406,50.2,119,0,0,0,0,0,0,9.5,7.390701570680628,5973.8
L,300.5,309.9,1443,48.3,122,0,0,0,0,0,0,9.399999999999977,7.2981047120418845,5892.599999999999
M,300.5,309.9,1343,63.7,124,0,0,0,0,0,0,9.399999999999977,8.958020942408378,7898.8
M,300.6,310.0,1486,41.2,127,0,0,0,0,0,0,9.399999999999977,6.410806282722514,5232.400000000001
L,300.6,310.1,1297,50.0,130,0,0,0,0,0,0,9.5,6.790575916230367,6500.0
L,300.6,310.1,1495,42.3,132,0,0,0,0,0,0,9.5,6.621832460732984,5583.599999999999
L,300.5,309.9,1382,46.5,134,0,0,0,0,0,0,9.399999999999977,6.729109947643979,6231.0
M,300.4,309.8,1356,44.4,136,0,0,0,0,0,0,9.400000000000034,6.304335078534032,6038.4
H,300.3,309.7,1452,41.5,139,0,0,0,0,0,0,9.399999999999977,6.309738219895288,5768.5
H,300.3,309.7,1582,30.8,144,0,0,0,0,0,0,9.399999999999977,5.102157068062827,4435.2
M,300.4,309.8,1517,40.3,149,0,0,0,0,0,0,9.400000000000034,6.401581151832461,6004.7
L,300.5,310.0,1413,44.5,152,0,0,0,0,0,0,9.5,6.58413612565445,6764.0
L,300.4,309.9,1496,31.8,154,0,0,0,0,0,0,9.5,4.981445026178011,4897.2
L,300.3,309.8,1466,41.2,156,0,0,0,0,0,0,9.5,6.324523560209425,6427.200000000001
M,300.3,309.8,1617,40.8,158,0,0,0,0,0,0,9.5,6.908230366492146,6446.4
L,300.2,309.8,1506,41.8,161,0,0,0,0,0,0,9.600000000000023,6.591706806282722,6729.799999999999
L,300.2,309.8,1401,49.3,163,0,0,0,0,0,0,9.600000000000023,7.232387434554974,8035.9
H,300.2,309.9,1906,22.9,165,0,0,0,0,0,0,9.699999999999989,4.57040837696335,3778.4999999999995
L,300.2,309.9,1566,36.4,170,0,0,0,0,0,0,9.699999999999989,5.968837696335078,6188.0
L,300.2,310.0,1493,47.3,172,0,0,0,0,0,0,9.800000000000011,7.394649214659685,8135.599999999999
L,300.3,310.1,1483,39.9,174,0,0,0,0,0,0,9.800000000000011,6.1959895287958116,6942.599999999999
M,300.2,309.9,1569,31.2,176,0,0,0,0,0,0,9.699999999999989,5.125947643979057,5491.2
M,300.2,310.0,1664,30.7,179,0,0,0,0,0,0,9.800000000000011,5.349193717277487,5495.3
L,300.2,310.0,1486,40.1,182,0,0,0,0,0,0,9.800000000000011,6.2396439790575915,7298.2
L,300.2,310.0,1389,53.6,184,0,0,0,0,0,0,9.800000000000011,7.795853403141362,9862.4
L,300.1,310.0,1511,41.7,186,0,0,0,0,0,0,9.899999999999977,6.597769633507854,7756.200000000001
M,300.2,310.1,1485,40.5,188,0,0,0,0,0,0,9.900000000000034,6.297643979057591,7614.0
L,300.2,310.2,1440,42.9,191,0,0,0,0,0,0,10.0,6.46869109947644,8193.9
L,300.2,310.2,1378,43.9,193,0,0,0,0,0,0,10.0,6.334471204188481,8472.699999999999
M,300.1,310.1,1501,39.3,195,0,0,0,0,0,0,10.0,6.17689005235602,7663.499999999999
M,300.2,310.1,1474,44.0,198,0,0,0,0,0,0,9.900000000000034,6.791204188481675,8712.0
L,300.2,310.1,1392,47.9,201,0,0,0,0,0,0,9.900000000000034,6.98186387434555,9627.9
M,300.3,310.2,1429,44.7,203,0,0,0,0,0,0,9.899999999999977,6.688617801047121,9074.1
L,300.3,310.3,1362,60.3,206,1,0,0,0,1,0,10.0,8.59985340314136,12421.8
L,300.3,310.3,1704,29.5,0,0,0,0,0,0,0,10.0,5.263664921465969,0.0
L,300.3,310.2,1492,52.3,2,0,0,0,0,0,0,9.899999999999977,8.170848167539265,104.6
M,300.3,310.2,1442,39.5,4,0,0,0,0,0,0,9.899999999999977,5.964293193717277,158.0
M,300.2,310.2,1438,51.5,7,0,0,0,0,0,0,10.0,7.754659685863874,360.5
M,300.1,310.1,1402,46.6,10,0,0,0,0,0,0,10.0,6.8411727748691105,466.0
L,300.1,310.1,1684,30.8,13,0,0,0,0,0,0,10.0,5.431120418848168,400.40000000000003
L,300.2,310.2,1530,48.5,15,0,0,0,0,0,0,10.0,7.770157068062828,727.5
L,300.1,310.1,1569,43.5,17,0,0,0,0,0,0,10.0,7.146753926701571,739.5
L,300.1,310.1,1650,31.6,19,0,0,0,0,0,0,10.0,5.459685863874346,600.4
L,300.2,310.2,1415,49.6,21,0,0,0,0,0,0,10.0,7.349109947643979,1041.6000000000001
L,300.2,310.2,1600,31.5,23,0,0,0,0,0,0,10.0,5.277486910994765,724.5
L,300.2,310.1,1523,42.3,25,0,0,0,0,0,0,9.900000000000034,6.745853403141361,1057.5
M,300.2,310.2,1628,30.3,27,0,0,0,0,0,0,10.0,5.165277486910995,818.1
L,300.2,310.3,1331,52.1,30,0,0,0,0,0,0,10.100000000000023,7.261267015706807,1563.0
L,300.3,310.3,2158,16.8,32,0,0,0,0,0,0,10.0,3.796272251308901,537.6
L,300.2,310.3,1445,50.9,34,0,0,0,0,0,0,10.100000000000023,7.701623036649215,1730.6
M,300.2,310.3,1593,36.1,36,0,0,0,0,0,0,10.100000000000023,6.021706806282723,1299.6000000000001
L,300.3,310.4,1672,29.2,39,0,0,0,0,0,0,10.099999999999966,5.112293193717278,1138.8
M,300.4,310.5,1644,31.4,41,0,0,0,0,0,0,10.100000000000023,5.405403141361257,1287.3999999999999
L,300.4,310.5,1402,54.3,44,0,0,0,0,0,0,10.100000000000023,7.97158115183246,2389.2
L,300.4,310.4,1286,56.8,46,0,0,0,0,0,0,10.0,7.6486701570680635,2612.7999999999997
L,300.4,310.4,1486,46.3,48,0,0,0,0,0,0,10.0,7.204376963350786,2222.3999999999996
L,300.3,310.3,1345,46.3,50,0,0,0,0,0,0,10.0,6.520785340314135,2315.0
L,300.3,310.3,1629,34.1,52,0,0,0,0,0,0,10.0,5.816638743455497,1773.2
M,300.2,310.2,1429,43.8,54,0,0,0,0,0,0,10.0,6.553947643979058,2365.2
L,300.1,310.1,1306,64.7,57,0,0,0,0,0,0,10.0,8.847979057591623,3687.9
L,300.1,310.1,1380,52.6,59,0,0,0,0,0,0,10.0,7.600837696335079,3103.4
M,300.1,310.1,1443,49.3,61,0,0,0,0,0,0,10.0,7.449204188481675,3007.2999999999997
H,300.1,310.1,1426,42.7,64,0,0,0,0,0,0,10.0,6.3759371727748695,2732.8
L,300.0,310.0,1486,41.8,69,0,0,0,0,0,0,10.0,6.504167539267015,2884.2
M,300.0,309.9,1530,34.5,71,0,0,0,0,0,0,9.899999999999977,5.527225130890052,2449.5
L,300.0,309.9,1507,41.4,74,0,0,0,0,0,0,9.899999999999977,6.53296335078534,3063.6
L,300.0,309.9,1608,33.4,76,0,0,0,0,0,0,9.899999999999977,5.62379057591623,2538.4
L,300.0,309.8,1474,40.6,78,0,0,0,0,0,0,9.800000000000011,6.266429319371728,3166.8
L,300.0,309.7,1326,61.9,80,0,0,0,0,0,0,9.699999999999989,8.594701570680627,4952.0
M,299.8,309.6,1434,48.0,82,0,0,0,0,0,0,9.800000000000011,7.207539267015707,3936.0
L,299.8,309.6,1526,41.7,85,0,0,0,0,0,0,9.800000000000011,6.663267015706807,3544.5000000000005
L,299.8,309.7,1483,39.6,87,0,0,0,0,0,0,9.899999999999977,6.149403141361256,3445.2000000000003
L,299.8,309.7,1457,51.9,89,0,0,0,0,0,0,9.899999999999977,7.918146596858639,4619.099999999999
M,299.7,309.6,1540,34.4,91,0,0,0,0,0,0,9.900000000000034,5.547225130890053,3130.4
L,299.8,309.7,1707,29.1,94,0,0,0,0,0,0,9.899999999999977,5.201434554973822,2735.4
L,299.8,309.7,1624,34.2,96,0,0,0,0,0,0,9.899999999999977,5.815790575916231,3283.2000000000003
M,299.8,309.6,1331,50.2,98,0,0,0,0,0,0,9.800000000000011,6.996460732984293,4919.6
L,299.8,309.7,1431,40.3,101,0,0,0,0,0,0,9.899999999999977,6.038670157068062,4070.2999999999997
M,299.8,309.7,1705,28.5,103,0,0,0,0,0,0,9.899999999999977,5.088219895287958,2935.5
M,299.8,309.8,1427,45.2,106,0,0,0,0,0,0,10.0,6.753968586387435,4791.200000000001
M,299.9,309.8,1625,41.2,109,0,0,0,0,0,0,9.900000000000034,7.010471204188482,4490.8
L,299.9,309.8,1477,47.7,112,0,0,0,0,0,0,9.900000000000034,7.377267015706807,5342.400000000001
M,300.0,309.9,1651,28.1,114,0,0,0,0,0,0,9.899999999999977,4.8579162303664924,3203.4
L,299.9,309.8,1716,28.2,117,0,0,0,0,0,0,9.900000000000034,5.067141361256544,3299.4
H,299.9,309.8,1400,48.7,119,0,0,0,0,0,0,9.900000000000034,7.139267015706806,5795.3
M,299.8,309.7,1556,37.7,124,0,0,0,0,0,0,9.899999999999977,6.142534031413613,4674.8
L,299.8,309.7,1429,42.6,127,0,0,0,0,0,0,9.899999999999977,6.374387434554974,5410.2
H,299.7,309.6,1433,49.6,129,0,0,0,0,0,0,9.900000000000034,7.442596858638744,6398.400000000001
M,299.8,309.7,1320,61.7,134,0,0,0,0,0,0,9.899999999999977,8.528167539267015,8267.800000000001
L,299.8,309.6,1374,51.6,137,0,0,0,0,0,0,9.800000000000011,7.423916230366493,7069.2
L,299.8,309.6,1598,31.0,139,0,0,0,0,0,0,9.800000000000011,5.187225130890052,4309.0
M,299.8,309.7,1910,21.8,141,0,0,0,0,0,0,9.899999999999977,4.36,3073.8
L,299.7,309.6,1399,51.3,144,0,0,0,0,0,0,9.900000000000034,7.515047120418848,7387.2
L,299.7,309.6,1720,27.1,146,0,0,0,0,0,0,9.900000000000034,4.880837696335078,3956.6000000000004
H,299.8,309.7,1368,47.4,148,0,0,0,0,0,0,9.899999999999977,6.789863874345549,7015.2
L,299.8,309.8,1749,33.4,153,0,0,0,0,0,0,10.0,6.116921465968586,5110.2
L,299.8,309.8,1542,39.4,155,0,0,0,0,0,0,10.0,6.361759162303665,6107.0
L,299.8,309.9,1553,36.6,157,0,0,0,0,0,0,10.099999999999966,5.951811518324607,5746.2
M,299.9,309.9,1639,42.1,159,0,0,0,0,0,0,10.0,7.225329842931938,6693.900000000001
L,299.9,310.0,1447,45.9,162,0,0,0,0,0,0,10.100000000000023,6.95469109947644,7435.8
M,299.8,310.0,1397,48.1,164,0,0,0,0,0,0,10.199999999999989,7.036198952879581,7888.400000000001
L,299.8,310.0,1361,53.8,167,0,0,0,0,0,0,10.199999999999989,7.6672041884816755,8984.6
M,299.8,310.0,1460,37.1,169,0,0,0,0,0,0,10.199999999999989,5.671832460732984,6269.900000000001
M,299.8,310.0,1632,33.7,172,0,0,0,0,0,0,10.199999999999989,5.758994764397906,5796.400000000001
L,299.8,310.0,1697,36.0,175,0,0,0,0,0,0,10.199999999999989,6.397068062827225,6300.0
L,299.8,310.1,1553,42.0,177,0,0,0,0,0,0,10.300000000000011,6.829947643979057,7434.0
M,299.9,310.1,1362,56.3,179,0,0,0,0,0,0,10.200000000000045,8.029382198952879,10077.699999999999
M,299.9,310.0,1484,42.1,182,0,0,0,0,0,0,10.100000000000023,6.542031413612565,7662.2
H,299.9,310.1,1447,51.4,185,0,0,0,0,0,0,10.200000000000045,7.788041884816754,9509.0
M,300.0,310.2,1393,51.2,190,0,0,0,0,0,0,10.199999999999989,7.468230366492147,9728.0
L,300.0,310.2,1760,26.9,193,0,0,0,0,0,0,10.199999999999989,4.957486910994764,5191.7
L,300.0,310.1,1477,34.6,195,0,0,0,0,0,0,10.100000000000023,5.351225130890053,6747.0
L,299.9,310.1,1681,29.1,197,0,0,0,0,0,0,10.200000000000045,5.122209424083771,5732.700000000001
M,300.0,310.1,1314,53.5,199,0,0,0,0,0,0,10.100000000000023,7.361151832460733,10646.5
L,300.0,310.1,1762,28.0,202,0,0,0,0,0,0,10.100000000000023,5.166073298429319,5656.0
L,299.9,310.0,1402,44.7,204,0,0,0,0,0,0,10.100000000000023,6.5622408376963355,9118.800000000001
M,300.1,310.2,1429,42.0,206,0,0,0,0,0,0,10.099999999999966,6.284607329842932,8652.0
M,300.2,310.3,1448,40.1,209,0,0,0,0,0,0,10.100000000000023,6.080083769633508,8380.9
H,300.2,310.4,1501,42.9,212,0,0,0,0,0,0,10.199999999999989,6.7427120418848165,9094.8
L,300.3,310.5,1522,39.1,217,0,0,0,0,0,0,10.199999999999989,6.231434554973823,8484.7
L,300.3,310.4,1493,37.5,219,0,0,0,0,0,0,10.099999999999966,5.862565445026178,8212.5
M,300.2,310.3,1704,29.4,221,0,0,0,0,0,0,10.100000000000023,5.245821989528796,6497.4
H,300.2,310.3,1408,42.5,0,0,0,0,0,0,0,10.100000000000023,6.265968586387435,0.0
L,300.2,310.4,1518,41.8,5,0,0,0,0,0,0,10.199999999999989,6.644230366492146,209.0
L,300.3,310.4,1742,25.9,7,0,0,0,0,0,0,10.099999999999966,4.724376963350785,181.29999999999998
M,300.4,310.5,1500,43.0,9,0,0,0,0,0,0,10.100000000000023,6.7539267015706805,387.0
L,300.4,310.5,2424,14.5,12,0,0,0,0,0,0,10.100000000000023,3.6804188481675393,174.0
L,300.4,310.5,1818,25.1,14,0,0,0,0,0,0,10.100000000000023,4.778198952879581,351.40000000000003
M,300.4,310.6,1545,35.6,16,0,0,0,0,0,0,10.200000000000045,5.759371727748691,569.6
L,300.4,310.6,1429,46.9,19,0,0,0,0,0,0,10.200000000000045,7.017811518324606,891.1
M,300.4,310.6,1448,44.9,21,0,0,0,0,0,0,10.200000000000045,6.807874345549738,942.9
L,300.4,310.6,1384,48.7,24,0,0,0,0,0,0,10.200000000000045,7.057675392670157,1168.8000000000002
L,300.4,310.5,1578,32.8,26,0,0,0,0,0,0,10.100000000000023,5.419727748691099,852.8
L,300.5,310.5,1695,26.7,28,0,0,0,0,0,0,10.0,4.7389005235602095,747.6
L,300.5,310.6,1543,36.2,30,0,0,0,0,0,0,10.100000000000023,5.848858638743456,1086.0
M,300.4,310.5,1540,33.4,32,0,0,0,0,0,0,10.100000000000023,5.385968586387435,1068.8
L,300.2,310.4,1808,25.8,35,0,0,0,0,0,0,10.199999999999989,4.884439790575916,903.0
M,300.3,310.4,1293,49.7,37,0,0,0,0,0,0,10.099999999999966,6.729015706806283,1838.9
L,300.2,310.3,1202,59.5,40,0,0,0,0,0,0,10.100000000000023,7.4889005235602095,2380.0
M,300.2,310.3,1704,29.2,42,0,0,0,0,0,0,10.100000000000023,5.21013612565445,1226.3999999999999
M,300.2,310.3,1478,38.1,45,0,0,0,0,0,0,10.100000000000023,5.896523560209425,1714.5
L,300.2,310.3,1514,38.7,48,0,0,0,0,0,0,10.100000000000023,6.135267015706806,1857.6000000000001
M,300.1,310.3,1350,48.8,50,0,0,0,0,0,0,10.199999999999989,6.898429319371727,2440.0
L,300.1,310.2,1475,54.2,53,0,0,0,0,0,0,10.099999999999966,8.371204188481675,2872.6000000000004
H,300.0,310.1,1714,28.7,55,0,0,0,0,0,0,10.100000000000023,5.1509738219895285,1578.5
L,300.0,310.1,1465,40.9,60,0,0,0,0,0,0,10.100000000000023,6.274188481675393,2454.0
L,299.9,310.2,1288,69.6,62,1,0,0,1,0,0,10.300000000000011,9.38689005235602,4315.2
L,300.0,310.2,1675,29.7,64,0,0,0,0,0,0,10.199999999999989,5.209162303664922,1900.8
L,300.0,310.2,1486,36.4,66,0,0,0,0,0,0,10.199999999999989,5.6639162303664925,2402.4
M,300.0,310.2,1443,58.7,68,0,0,0,0,0,0,10.199999999999989,8.869539267015707,3991.6000000000004
M,300.1,310.3,1345,57.1,71,0,0,0,0,0,0,10.199999999999989,8.041832460732984,4054.1
M,300.2,310.4,1202,61.7,74,0,0,0,0,0,0,10.199999999999989,7.76580104712042,4565.8
M,300.1,310.4,1480,37.1,77,0,0,0,0,0,0,10.299999999999955,5.749528795811519,2856.7000000000003
M,300.2,310.4,1530,35.7,80,0,0,0,0,0,0,10.199999999999989,5.719476439790577,2856.0
M,300.2,310.6,1983,20.8,83,0,0,0,0,0,0,10.400000000000034,4.318994764397906,1726.4
L,300.3,310.6,1433,53.8,86,0,0,0,0,0,0,10.300000000000011,8.0728167539267,4626.8
L,300.3,310.6,1806,24.4,88,0,0,0,0,0,0,10.300000000000011,4.614282722513089,2147.2
L,300.2,310.5,1416,46.7,90,0,0,0,0,0,0,10.300000000000011,6.924314136125654,4203.0
M,300.1,310.4,1556,38.1,92,0,0,0,0,0,0,10.299999999999955,6.207706806282723,3505.2000000000003
L,300.1,310.5,1627,29.2,95,0,0,0,0,0,0,10.399999999999977,4.974701570680629,2774.0
L,300.1,310.6,1809,24.3,97,0,0,0,0,0,0,10.5,4.603005235602095,2357.1
M,300.1,310.5,1329,57.4,99,0,0,0,0,0,0,10.399999999999977,7.9879162303664915,5682.599999999999
H,300.0,310.4,1881,21.9,102,0,0,0,0,0,0,10.399999999999977,4.313497382198952,2233.7999999999997
L,300.1,310.5,1500,39.8,107,0,0,0,0,0,0,10.399999999999977,6.25130890052356,4258.599999999999
L,300.1,310.5,1532,36.0,109,0,0,0,0,0,0,10.399999999999977,5.7750785340314135,3924.0
L,300.1,310.5,1492,50.9,111,0,0,0,0,0,0,10.399999999999977,7.952125654450262,5649.9
L,300.2,310.6,1431,42.3,113,0,0,0,0,0,0,10.400000000000034,6.338356020942408,4779.9
L,300.1,310.4,1554,39.4,115,0,0,0,0,0,0,10.299999999999955,6.411267015706806,4531.0
L,300.1,310.5,1494,44.2,117,0,0,0,0,0,0,10.399999999999977,6.914638743455498,5171.400000000001
L,300.1,310.6,1374,45.4,119,0,0,0,0,0,0,10.5,6.531895287958115,5402.599999999999
L,300.1,310.5,1394,44.3,121,0,0,0,0,0,0,10.399999999999977,6.466408376963351,5360.299999999999
M,300.0,310.5,1790,25.7,123,0,0,0,0,0,0,10.5,4.817068062827225,3161.1
L,300.1,310.5,1356,45.8,126,0,0,0,0,0,0,10.399999999999977,6.503120418848167,5770.799999999999
M,300.0,310.4,1385,52.1,128,0,0,0,0,0,0,10.399999999999977,7.55586387434555,6668.8
L,300.0,310.4,1333,49.1,131,0,0,0,0,0,0,10.399999999999977,6.8534345549738225,6432.1
L,300.0,310.4,1505,44.9,133,0,0,0,0,0,0,10.399999999999977,7.07586387434555,5971.7
L,300.0,310.5,1606,33.5,135,0,0,0,0,0,0,10.5,5.633612565445026,4522.5
H,300.0,310.5,1558,36.7,137,0,0,0,0,0,0,10.5,5.987287958115184,5027.900000000001
L,300.0,310.5,1412,52.4,142,0,0,0,0,0,0,10.5,7.74751832460733,7440.8
L,299.9,310.4,1408,38.4,144,0,0,0,0,0,0,10.5,5.661486910994764,5529.599999999999
L,299.9,310.3,1268,53.3,146,0,0,0,0,0,0,10.400000000000034,7.076900523560209,7781.799999999999
L,299.9,310.4,1470,50.0,148,0,0,0,0,0,0,10.5,7.696335078534031,7400.0
L,299.9,310.4,1497,47.0,150,0,0,0,0,0,0,10.5,7.367434554973822,7050.0
L,299.9,310.3,1638,29.1,152,0,0,0,0,0,0,10.400000000000034,4.991183246073299,4423.2
H,299.9,310.3,1535,43.9,154,0,0,0,0,0,0,10.400000000000034,7.056178010471204,6760.599999999999
L,299.8,310.2,1654,32.7,159,0,0,0,0,0,0,10.399999999999977,5.663434554973822,5199.3
H,299.8,310.2,1411,49.7,161,0,0,0,0,0,0,10.399999999999977,7.3431099476439785,8001.700000000001
L,299.8,310.2,1911,23.5,166,0,0,0,0,0,0,10.399999999999977,4.702460732984293,3901.0
H,299.8,310.2,1573,33.3,168,0,0,0,0,0,0,10.399999999999977,5.484910994764397,5594.4
L,299.9,310.2,1479,46.3,173,0,0,0,0,0,0,10.300000000000011,7.170439790575916,8009.9
M,299.9,310.4,1820,26.6,175,0,0,0,0,0,0,10.5,5.069319371727748,4655.0
L,299.9,310.4,1419,45.7,178,0,0,0,0,0,0,10.5,6.790397905759162,8134.6
M,299.9,310.5,1335,52.9,180,0,0,0,0,0,0,10.600000000000023,7.3949214659685865,9522.0
M,299.9,310.5,1576,39.4,183,0,0,0,0,0,0,10.600000000000023,6.502031413612565,7210.2
L,300.0,310.5,1517,42.2,186,0,0,0,0,0,0,10.5,6.7033926701570685,7849.200000000001
M,299.9,310.4,1576,34.3,188,0,0,0,0,0,0,10.5,5.660397905759162,6448.4
H,299.8,310.2,1537,36.6,191,0,0,0,0,0,0,10.399999999999977,5.890492146596859,6990.6
L,299.8,310.3,1524,34.2,196,0,0,0,0,0,0,10.5,5.457675392670158,6703.200000000001
M,299.8,310.3,1805,23.7,198,0,0,0,0,0,0,10.5,4.479424083769634,4692.599999999999
M,299.9,310.4,1367,53.3,201,0,0,0,0,0,0,10.5,7.629434554973821,10713.3
L,299.8,310.4,1694,30.3,204,0,0,0,0,0,0,10.599999999999966,5.374680628272252,6181.2
L,299.9,310.4,1328,49.9,206,0,0,0,0,0,0,10.5,6.938973821989529,10279.4
H,299.9,310.5,1549,42.8,208,0,0,0,0,0,0,10.600000000000023,6.942115183246073,8902.4
L,299.9,310.5,1539,32.8,213,0,0,0,0,0,0,10.600000000000023,5.285780104712042,6986.4
L,299.8,310.5,1496,38.8,215,0,0,0,0,0,0,10.699999999999989,6.077989528795811,8342.0
L,299.8,310.4,1579,36.4,0,0,0,0,0,0,0,10.599999999999966,6.018387434554974,0.0
L,299.7,310.3,1386,46.6,2,0,0,0,0,0,0,10.600000000000023,6.76309947643979,93.2
L,299.7,310.3,1505,37.7,4,0,0,0,0,0,0,10.600000000000023,5.941204188481676,150.8
M,299.7,310.3,1661,34.5,6,0,0,0,0,0,0,10.600000000000023,6.000471204188481,207.0
L,299.6,310.2,1468,48.0,9,0,0,0,0,0,0,10.599999999999966,7.378429319371728,432.0
L,299.6,310.1,1384,49.8,11,0,0,0,0,0,0,10.5,7.217089005235602,547.8
L,299.6,310.2,1381,60.5,13,0,0,0,0,0,0,10.599999999999966,8.748743455497383,786.5
L,299.6,310.2,1469,47.0,15,0,0,0,0,0,0,10.599999999999966,7.2296335078534035,705.0
L,299.6,310.2,1627,36.6,17,0,0,0,0,0,0,10.599999999999966,6.235413612565446,622.2
H,299.7,310.3,1462,40.4,19,0,0,0,0,0,0,10.600000000000023,6.184795811518324,767.6
L,299.7,310.2,1633,36.5,24,0,0,0,0,0,0,10.5,6.24130890052356,876.0
L,299.7,310.2,1469,39.5,26,0,0,0,0,0,0,10.5,6.075968586387434,1027.0
L,299.7,310.2,1458,43.4,28,0,0,0,0,0,0,10.5,6.625884816753927,1215.2
M,299.7,310.2,1440,42.8,30,0,0,0,0,0,0,10.5,6.453612565445026,1284.0
L,299.8,310.3,1687,30.4,33,0,0,0,0,0,0,10.5,5.37013612565445,1003.1999999999999
M,299.7,310.3,1429,47.7,35,0,0,0,0,0,0,10.600000000000023,7.13751832460733,1669.5
L,299.6,310.2,1588,34.1,38,0,0,0,0,0,0,10.599999999999966,5.670240837696335,1295.8
L,299.6,310.2,1333,51.2,40,0,0,0,0,0,0,10.599999999999966,7.14655497382199,2048.0
L,299.6,310.1,1487,42.9,42,0,0,0,0,0,0,10.5,6.679821989528795,1801.8
M,299.5,310.1,1659,31.5,44,0,0,0,0,0,0,10.600000000000023,5.472094240837697,1386.0
M,299.4,310.0,1512,43.2,47,0,0,0,0,0,0,10.600000000000023,6.839623036649215,2030.4
L,299.5,310.1,1585,35.2,50,0,0,0,0,0,0,10.600000000000023,5.842094240837697,1760.0000000000002
L,299.5,310.0,1502,38.5,52,0,0,0,0,0,0,10.5,6.055183246073298,2002.0
L,299.5,310.0,1594,35.1,54,0,0,0,0,0,0,10.5,5.858575916230366,1895.4
L,299.5,310.0,1412,48.9,56,0,0,0,0,0,0,10.5,7.230031413612566,2738.4
L,299.5,309.9,1402,51.7,58,0,0,0,0,0,0,10.399999999999977,7.589884816753927,2998.6000000000004
L,299.6,310.1,2057,20.4,60,0,0,0,0,0,0,10.5,4.394010471204188,1224.0
H,299.6,310.1,1531,36.8,62,0,0,0,0,0,0,10.5,5.8995602094240835,2281.6
M,299.5,310.1,1359,61.1,67,0,0,0,0,0,0,10.600000000000023,8.694753926701571,4093.7000000000003
M,299.6,310.2,1620,30.0,70,0,0,0,0,0,0,10.599999999999966,5.0890052356020945,2100.0
M,299.6,310.1,1646,29.6,73,0,0,0,0,0,0,10.5,5.101738219895289,2160.8
M,299.6,310.1,1455,46.1,76,0,0,0,0,0,0,10.5,7.023612565445026,3503.6
L,299.6,310.2,1512,44.0,79,0,0,0,0,0,0,10.599999999999966,6.966282722513089,3476.0
L,299.6,310.2,1473,42.7,81,0,0,0,0,0,0,10.599999999999966,6.586083769633508,3458.7000000000003
L,299.6,310.1,1553,38.0,83,0,0,0,0,0,0,10.5,6.179476439790576,3154.0
L,299.5,310.0,1379,50.4,85,0,0,0,0,0,0,10.5,7.277654450261779,4284.0
M,299.4,309.9,1567,40.6,87,0,0,0,0,0,0,10.5,6.661801047120419,3532.2000000000003
L,299.5,310.0,1481,43.1,90,0,0,0,0,0,0,10.5,6.683884816753927,3879.0
L,299.5,310.0,1349,52.7,92,0,0,0,0,0,0,10.5,7.444219895287959,4848.400000000001
L,299.5,310.0,1388,52.4,94,0,0,0,0,0,0,10.5,7.615832460732984,4925.599999999999
M,299.6,310.1,1357,48.7,96,0,0,0,0,0,0,10.5,6.919989528795813,4675.200000000001
L,299.6,310.2,1743,24.8,99,0,0,0,0,0,0,10.599999999999966,4.526324607329843,2455.2000000000003
L,299.7,310.3,1495,43.1,101,0,0,0,0,0,0,10.600000000000023,6.747068062827225,4353.1
L,299.8,310.4,1698,28.3,103,0,0,0,0,0,0,10.599999999999966,5.031769633507854,2914.9
M,299.7,310.4,1410,44.5,105,0,0,0,0,0,0,10.699999999999989,6.570157068062827,4672.5
L,299.7,310.4,1614,36.2,108,0,0,0,0,0,0,10.699999999999989,6.117989528795812,3909.6000000000004
M,299.8,310.5,1375,53.9,110,0,0,0,0,0,0,10.699999999999989,7.760471204188482,5929.0
M,299.8,310.6,1574,31.8,113,0,0,0,0,0,0,10.800000000000011,5.241172774869111,3593.4
H,299.8,310.6,1423,44.6,116,0,0,0,0,0,0,10.800000000000011,6.645633507853403,5173.6
M,299.8,310.6,1694,31.3,121,0,0,0,0,0,0,10.800000000000011,5.552062827225131,3787.3
L,299.8,310.6,1707,32.5,124,0,0,0,0,0,0,10.800000000000011,5.809162303664921,4030.0
M,299.7,310.5,1490,41.2,126,0,0,0,0,0,0,10.800000000000011,6.428062827225132,5191.200000000001
L,299.7,310.6,1675,31.3,129,0,0,0,0,0,0,10.900000000000034,5.48979057591623,4037.7000000000003
M,299.7,310.5,1492,39.3,131,0,0,0,0,0,0,10.800000000000011,6.139853403141361,5148.299999999999
M,299.7,310.5,1594,35.4,134,0,0,0,0,0,0,10.800000000000011,5.908649214659686,4743.599999999999
L,299.7,310.6,1479,38.0,137,0,0,0,0,0,0,10.900000000000034,5.885026178010471,5206.0
M,299.7,310.6,1572,38.0,139,0,0,0,0,0,0,10.900000000000034,6.255078534031414,5282.0
L,299.7,310.6,1616,35.1,142,0,0,0,0,0,0,10.900000000000034,5.939434554973823,4984.2
L,299.7,310.6,1737,26.1,144,0,0,0,0,0,0,10.900000000000034,4.747193717277487,3758.4
M,299.7,310.7,1498,37.8,146,0,0,0,0,0,0,11.0,5.929256544502617,5518.799999999999
L,299.6,310.6,1642,35.1,149,0,0,0,0,0,0,11.0,6.034994764397906,5229.900000000001
M,299.6,310.6,1633,34.2,151,0,0,0,0,0,0,11.0,5.848020942408378,5164.200000000001
L,299.8,310.8,1409,51.9,154,0,0,0,0,0,0,11.0,7.657287958115182,7992.599999999999
M,299.8,310.8,1463,43.5,156,0,0,0,0,0,0,11.0,6.663926701570681,6786.0
L,299.8,310.8,1376,48.6,159,0,0,0,0,0,0,11.0,7.002471204188482,7727.400000000001
L,299.8,310.8,1553,32.2,161,0,0,0,0,0,0,11.0,5.2362931937172785,5184.200000000001
M,299.8,310.8,1530,35.2,163,0,0,0,0,0,0,11.0,5.639371727748692,5737.6
L,299.8,310.9,1545,40.7,166,0,0,0,0,0,0,11.099999999999966,6.5844502617801055,6756.200000000001
H,299.8,310.9,1427,47.2,168,0,0,0,0,0,0,11.099999999999966,7.052816753926702,7929.6
L,299.9,310.9,1292,51.1,173,0,0,0,0,0,0,11.0,6.913214659685863,8840.300000000001
L,299.8,310.9,2084,17.6,175,0,0,0,0,0,0,11.099999999999966,3.840670157068063,3080.0000000000005
L,299.9,311.0,1747,27.6,177,0,0,0,0,0,0,11.100000000000023,5.048921465968587,4885.2
L,300.0,311.1,1425,47.8,179,0,0,0,0,0,0,11.100000000000023,7.132460732984293,8556.199999999999
L,300.0,311.0,1637,33.6,181,0,0,0,0,0,0,11.0,5.759497382198953,6081.6
M,300.1,311.1,1616,35.2,183,0,0,0,0,0,0,11.0,5.956356020942409,6441.6
L,300.1,311.1,1619,33.4,186,0,0,0,0,0,0,11.0,5.6622617801047115,6212.4
L,300.1,311.2,1489,39.1,188,0,0,0,0,0,0,11.099999999999966,6.096324607329843,7350.8
M,300.1,311.2,1452,42.4,190,0,0,0,0,0,0,11.099999999999966,6.446575916230366,8056.0
M,300.1,311.3,1495,41.0,193,0,0,0,0,0,0,11.199999999999989,6.418324607329843,7913.0
M,300.2,311.4,1427,39.7,196,0,0,0,0,0,0,11.199999999999989,5.93213612565445,7781.200000000001
L,300.1,311.4,1572,36.2,199,0,0,0,0,0,0,11.299999999999955,5.958785340314137,7203.8
L,300.1,311.3,1547,40.0,201,0,0,0,0,0,0,11.199999999999989,6.479581151832461,8040.0
M,300.1,311.4,1342,48.5,203,0,0,0,0,0,0,11.299999999999955,6.815392670157068,9845.5
L,300.0,311.2,1351,44.1,206,0,0,0,0,0,0,11.199999999999989,6.238649214659686,9084.6
L,300.0,311.3,1407,47.3,208,0,0,0,0,0,0,11.300000000000011,6.9687015706806275,9838.4
M,300.1,311.4,1575,29.8,210,0,0,0,0,0,0,11.299999999999955,4.9146596858638745,6258.0
M,300.0,311.4,1791,24.1,213,0,0,0,0,0,0,11.399999999999977,4.519696335078534,5133.3
M,300.0,311.4,1692,29.0,216,1,1,0,0,0,0,11.399999999999977,5.138010471204188,6264.0
L,300.0,311.4,1634,31.9,0,0,0,0,0,0,0,11.399999999999977,5.458073298429319,0.0
M,300.0,311.4,1864,23.3,2,0,0,0,0,0,0,11.399999999999977,4.547769633507854,46.6
L,300.0,311.4,1590,33.6,5,0,0,0,0,0,0,11.399999999999977,5.59413612565445,168.0
M,300.0,311.4,1384,46.1,7,0,0,0,0,0,0,11.399999999999977,6.6808795811518324,322.7
M,300.0,311.4,1352,61.8,10,0,0,0,0,0,0,11.399999999999977,8.749068062827224,618.0
L,300.1,311.4,1484,43.1,13,0,0,0,0,0,0,11.299999999999955,6.697424083769634,560.3000000000001
M,300.1,311.4,1913,21.9,15,0,0,0,0,0,0,11.299999999999955,4.386879581151832,328.5
L,300.0,311.4,1508,38.2,18,0,0,0,0,0,0,11.399999999999977,6.032000000000001,687.6
L,299.9,311.3,1504,40.7,20,0,0,0,0,0,0,11.400000000000034,6.409717277486911,814.0
L,300.0,311.4,1487,41.2,22,0,0,0,0,0,0,11.399999999999977,6.415120418848168,906.4000000000001
L,299.8,311.3,1727,30.0,24,0,0,0,0,0,0,11.5,5.425130890052356,720.0
L,299.9,311.3,1647,27.5,26,0,0,0,0,0,0,11.400000000000034,4.742670157068063,715.0
L,300.0,311.3,1493,41.4,28,0,0,0,0,0,0,11.300000000000011,6.4722722513089,1159.2
L,300.0,311.4,1655,29.6,30,0,0,0,0,0,0,11.399999999999977,5.129633507853403,888.0
M,299.9,311.4,1337,54.8,32,0,0,0,0,0,0,11.5,7.671999999999999,1753.6
L,300.0,311.5,1601,36.9,35,0,0,0,0,0,0,11.5,6.18606282722513,1291.5
H,300.1,311.6,1589,37.9,37,0,0,0,0,0,0,11.5,6.306083769633508,1402.3
L,300.2,311.7,1286,55.1,42,0,0,0,0,0,0,11.5,7.419748691099477,2314.2000000000003
L,300.2,311.7,1553,41.3,44,0,0,0,0,0,0,11.5,6.716115183246073,1817.1999999999998
L,300.2,311.8,1379,51.0,46,0,0,0,0,0,0,11.600000000000023,7.364293193717278,2346.0
M,300.3,311.9,1677,30.8,48,0,0,0,0,0,0,11.599999999999966,5.408544502617801,1478.4
L,300.3,311.8,1488,38.4,51,0,0,0,0,0,0,11.5,5.983162303664921,1958.3999999999999
L,300.3,311.8,1418,45.9,53,0,0,0,0,0,0,11.5,6.81530890052356,2432.7
L,300.3,311.8,1451,41.0,55,0,0,0,0,0,0,11.5,6.229424083769634,2255.0
L,300.3,311.8,1508,43.1,57,0,0,0,0,0,0,11.5,6.8057382198952885,2456.7000000000003
L,300.3,311.7,1579,33.6,59,0,0,0,0,0,0,11.399999999999977,5.555434554973822,1982.4
H,300.3,311.7,1432,47.7,61,0,0,0,0,0,0,11.399999999999977,7.152502617801048,2909.7000000000003
L,300.2,311.6,1446,47.3,66,0,0,0,0,0,0,11.400000000000034,7.16186387434555,3121.7999999999997
M,300.2,311.7,1597,39.5,68,0,0,0,0,0,0,11.5,6.605392670157068,2686.0
M,300.2,311.7,1397,50.2,71,0,0,0,0,0,0,11.5,7.343392670157069,3564.2000000000003
L,300.1,311.6,1530,36.6,74,0,0,0,0,0,0,11.5,5.863664921465968,2708.4
M,300.1,311.6,1433,51.4,76,0,0,0,0,0,0,11.5,7.712691099476439,3906.4
L,300.0,311.5,1591,32.0,79,0,0,0,0,0,0,11.5,5.331099476439791,2528.0
L,300.0,311.5,1445,41.6,81,0,0,0,0,0,0,11.5,6.294450261780105,3369.6
L,300.0,311.5,1749,28.3,83,0,0,0,0,0,0,11.5,5.1829005235602095,2348.9
L,300.0,311.3,1703,30.4,85,0,0,0,0,0,0,11.300000000000011,5.421068062827225,2584.0
H,300.1,311.4,1518,46.9,87,0,0,0,0,0,0,11.299999999999955,7.454890052356021,4080.2999999999997
L,300.1,311.3,1535,42.3,92,0,0,0,0,0,0,11.199999999999989,6.799005235602094,3891.6
M,300.1,311.4,1390,52.1,94,0,0,0,0,0,0,11.299999999999955,7.583141361256544,4897.400000000001
H,300.3,311.6,1801,23.6,97,0,0,0,0,0,0,11.300000000000011,4.450638743455498,2289.2000000000003
H,300.3,311.6,1463,41.6,102,0,0,0,0,0,0,11.300000000000011,6.372858638743455,4243.2
L,300.3,311.6,1560,37.7,107,0,0,0,0,0,0,11.300000000000011,6.158324607329844,4033.9
L,300.3,311.6,1607,33.5,109,0,0,0,0,0,0,11.300000000000011,5.637120418848167,3651.5
L,300.4,311.6,1332,54.6,111,0,0,0,0,0,0,11.200000000000045,7.615413612565445,6060.6
L,300.3,311.7,1365,53.3,113,0,0,0,0,0,0,11.399999999999977,7.618272251308901,6022.9
M,300.3,311.6,1617,32.5,115,0,0,0,0,0,0,11.300000000000011,5.5028795811518325,3737.5
M,300.3,311.6,1304,62.8,118,0,0,0,0,0,0,11.300000000000011,8.574994764397905,7410.4
L,300.3,311.7,1989,22.3,121,0,0,0,0,0,0,11.399999999999977,4.644471204188482,2698.3
H,300.3,311.6,1339,53.4,123,0,0,0,0,0,0,11.300000000000011,7.487183246073298,6568.2
L,300.2,311.5,1492,41.8,128,0,0,0,0,0,0,11.300000000000011,6.530429319371728,5350.4
M,300.1,311.3,1518,40.2,130,0,0,0,0,0,0,11.199999999999989,6.389905759162304,5226.0
L,300.1,311.3,1479,39.5,133,0,0,0,0,0,0,11.199999999999989,6.117329842931937,5253.5
M,300.1,311.3,1523,34.1,135,0,0,0,0,0,0,11.199999999999989,5.438146596858639,4603.5
M,300.2,311.4,1570,35.3,138,0,0,0,0,0,0,11.199999999999989,5.803246073298428,4871.4
H,300.2,311.4,1506,36.1,141,0,0,0,0,0,0,11.199999999999989,5.692837696335078,5090.1
M,300.2,311.6,1510,47.5,146,0,0,0,0,0,0,11.400000000000034,7.510471204188482,6935.0
L,300.2,311.6,1671,28.8,149,0,0,0,0,0,0,11.400000000000034,5.03924607329843,4291.2
M,300.3,311.6,1312,53.4,151,0,0,0,0,0,0,11.300000000000011,7.33620942408377,8063.4
L,300.3,311.6,1595,38.8,154,0,0,0,0,0,0,11.300000000000011,6.480209424083768,5975.2
L,300.3,311.7,1635,31.8,156,0,0,0,0,0,0,11.399999999999977,5.444293193717278,4960.8
L,300.3,311.7,1707,33.6,158,0,0,0,0,0,0,11.399999999999977,6.005780104712042,5308.8
L,300.3,311.7,1545,43.5,160,0,0,0,0,0,1,11.399999999999977,7.037434554973822,6960.0
M,300.2,311.6,1751,28.0,162,0,0,0,0,0,0,11.400000000000034,5.133821989528796,4536.0
M,300.4,311.8,1707,30.0,165,0,0,0,0,0,0,11.400000000000034,5.362303664921466,4950.0
L,300.4,311.8,1320,57.9,168,0,0,0,0,0,0,11.400000000000034,8.002931937172775,9727.199999999999
M,300.3,311.7,1319,51.4,170,0,0,0,0,0,0,11.399999999999977,7.099120418848167,8738.0
L,300.2,311.7,1448,54.2,173,0,0,0,0,0,0,11.5,8.217968586387435,9376.6
L,300.2,311.8,1436,48.2,175,0,0,0,0,0,0,11.600000000000023,7.247664921465968,8435.0
L,300.3,311.9,1609,34.0,177,0,0,0,0,0,0,11.599999999999966,5.728376963350786,6018.0
L,300.2,311.8,1464,44.5,179,0,0,0,0,0,0,11.600000000000023,6.821780104712042,7965.5
M,300.3,311.8,1483,45.1,181,0,0,0,0,0,0,11.5,7.003486910994765,8163.1
M,300.2,311.8,1748,28.5,184,0,0,0,0,0,0,11.600000000000023,5.2165445026178014,5244.0
L,300.3,311.8,1746,26.3,187,0,0,0,0,0,0,11.5,4.8083560209424085,4918.1
L,300.2,311.8,1410,51.4,189,0,0,0,0,0,0,11.600000000000023,7.588900523560209,9714.6
L,300.2,311.7,1640,30.8,191,0,0,0,0,0,0,11.5,5.289214659685864,5882.8
H,300.3,311.7,1655,29.9,193,0,0,0,0,0,0,11.399999999999977,5.181623036649214,5770.7
M,300.3,311.7,1646,28.9,198,0,0,0,0,0,0,11.399999999999977,4.981089005235601,5722.2
L,300.4,311.8,1589,42.0,201,0,0,0,0,0,0,11.400000000000034,6.9882722513089,8442.0
L,300.5,311.9,1546,39.4,203,0,0,0,0,0,0,11.399999999999977,6.378261780104712,7998.2
L,300.5,311.9,1511,41.8,205,0,0,0,0,0,0,11.399999999999977,6.6135916230366485,8569.0
L,300.5,311.9,1750,28.3,207,0,0,0,0,0,0,11.399999999999977,5.18586387434555,5858.1
M,300.5,311.9,1730,27.5,209,0,0,0,0,0,0,11.399999999999977,4.981675392670157,5747.5
L,300.6,311.9,1372,60.1,212,1,0,0,0,1,0,11.299999999999955,8.634261780104712,12741.2
L,300.5,311.8,1524,38.9,214,1,1,0,0,0,0,11.300000000000011,6.207706806282722,8324.6
L,300.4,311.8,1601,36.1,0,0,0,0,0,0,0,11.400000000000034,6.051947643979058,0.0
M,300.5,311.8,1636,34.4,2,0,0,0,0,0,0,11.300000000000011,5.89302617801047,68.8
L,300.4,311.8,2261,14.9,5,0,0,0,0,0,0,11.400000000000034,3.527633507853403,74.5
L,300.4,311.8,1636,32.3,7,0,0,0,0,0,0,11.400000000000034,5.533277486910994,226.09999999999997
M,300.4,311.9,1335,58.3,9,0,0,0,0,0,0,11.5,8.14979057591623,524.6999999999999
M,300.3,311.7,1236,57.5,12,0,0,0,0,0,0,11.399999999999977,7.441884816753927,690.0
L,300.3,311.7,1445,47.3,15,0,0,0,0,0,0,11.399999999999977,7.156910994764398,709.5
L,300.2,311.5,1500,40.8,17,0,0,0,0,0,0,11.300000000000011,6.4083769633507845,693.5999999999999
L,300.2,311.6,1999,21.0,19,0,0,0,0,0,0,11.400000000000034,4.395706806282723,399.0
L,300.2,311.6,1529,35.5,21,0,0,0,0,0,0,11.400000000000034,5.683717277486911,745.5
M,300.2,311.6,1467,40.7,23,0,0,0,0,0,0,11.400000000000034,6.252031413612565,936.1
L,300.1,311.5,1334,54.0,26,0,0,0,0,0,0,11.399999999999977,7.54303664921466,1404.0
M,300.1,311.5,1343,46.2,28,0,0,0,0,0,0,11.399999999999977,6.497026178010472,1293.6000000000001
L,300.2,311.5,1639,31.1,31,0,0,0,0,0,0,11.300000000000011,5.337476439790576,964.1
H,300.1,311.5,1383,49.1,33,0,0,0,0,0,0,11.399999999999977,7.110502617801047,1620.3
L,300.1,311.4,1660,31.4,38,0,0,0,0,0,0,11.299999999999955,5.458010471204188,1193.2
L,300.1,311.3,1470,45.2,40,0,0,0,0,0,0,11.199999999999989,6.957486910994764,1808.0
M,300.1,311.3,1748,26.6,42,0,0,0,0,0,0,11.199999999999989,4.868774869109948,1117.2
L,300.1,311.4,1467,35.7,45,0,0,0,0,0,0,11.299999999999955,5.483968586387435,1606.5000000000002
M,300.1,311.4,1617,39.3,47,0,0,0,0,0,0,11.299999999999955,6.654251308900523,1847.1
H,300.1,311.4,1377,56.7,50,0,0,0,0,0,0,11.299999999999955,8.175486910994765,2835.0
M,300.0,311.3,1629,32.1,55,0,0,0,0,0,0,11.300000000000011,5.475486910994764,1765.5
L,300.0,311.2,1504,37.9,58,0,0,0,0,0,0,11.199999999999989,5.96875392670157,2198.2
L,300.0,311.2,1418,47.3,60,0,0,0,0,0,0,11.199999999999989,7.023183246073298,2838.0
L,300.0,311.2,1629,31.7,62,0,0,0,0,0,0,11.199999999999989,5.4072565445026175,1965.3999999999999
L,300.1,311.3,2579,12.5,64,1,0,0,1,0,0,11.199999999999989,3.3756544502617802,800.0
L,300.1,311.3,1305,64.7,66,0,0,0,0,0,0,11.199999999999989,8.841204188481676,4270.2
M,300.2,311.4,1450,38.5,68,0,0,0,0,0,0,11.199999999999989,5.845549738219895,2618.0
L,300.2,311.3,1487,36.9,71,0,0,0,0,0,0,11.100000000000023,5.74558115183246,2619.9
M,300.2,311.3,1587,31.2,73,0,0,0,0,0,0,11.100000000000023,5.184753926701571,2277.6
M,300.3,311.5,1528,40.9,76,0,0,0,0,0,0,11.199999999999989,6.544,3108.4
M,300.4,311.6,1401,49.9,79,0,0,0,0,0,0,11.200000000000045,7.32040837696335,3942.1
L,300.3,311.5,1446,45.0,82,0,0,0,0,0,0,11.199999999999989,6.813612565445026,3690.0
L,300.2,311.4,1425,44.2,84,0,0,0,0,0,0,11.199999999999989,6.595287958115184,3712.8
L,300.2,311.4,1891,22.6,86,0,0,0,0,0,0,11.199999999999989,4.47503664921466,1943.6000000000001
H,300.2,311.5,1454,42.8,88,0,0,0,0,0,0,11.300000000000011,6.516356020942408,3766.3999999999996
L,300.1,311.4,1430,40.9,93,0,0,0,0,0,0,11.299999999999955,6.1242931937172775,3803.7
L,300.2,311.4,1495,43.6,95,0,0,0,0,0,0,11.199999999999989,6.825340314136126,4142.0
L,300.3,311.4,1544,41.6,97,0,0,0,0,0,0,11.099999999999966,6.725696335078534,4035.2000000000003
M,300.3,311.4,1554,34.3,99,0,0,0,0,0,0,11.099999999999966,5.58138219895288,3395.7
M,300.2,311.3,1491,37.3,102,0,0,0,0,0,0,11.100000000000023,5.823486910994764,3804.6
L,300.3,311.3,1525,40.7,105,0,0,0,0,0,0,11.0,6.499214659685864,4273.5
L,300.3,311.3,1505,39.6,107,0,0,0,0,0,0,11.0,6.240628272251309,4237.2
M,300.3,311.4,1371,50.2,109,0,0,0,0,0,0,11.099999999999966,7.206722513089005,5471.8
L,300.3,311.3,1332,60.5,112,0,0,0,0,0,0,11.0,8.438324607329843,6776.0
L,300.3,311.4,1471,37.0,114,0,0,0,0,0,0,11.099999999999966,5.699162303664921,4218.0
M,300.4,311.5,1750,27.3,116,0,0,0,0,0,0,11.100000000000023,5.00261780104712,3166.8
M,300.3,311.4,1386,48.1,119,0,0,0,0,0,0,11.099999999999966,6.980795811518325,5723.900000000001
M,300.4,311.4,1355,56.2,122,0,0,0,0,0,0,11.0,7.97392670157068,6856.400000000001
M,300.3,311.3,1377,53.8,125,0,0,0,0,0,0,11.0,7.757340314136124,6725.0
L,300.3,311.1,1388,49.4,128,0,0,0,0,0,0,10.800000000000011,7.179811518324607,6323.2
M,300.3,311.1,1350,58.7,130,0,0,0,0,0,0,10.800000000000011,8.297905759162303,7631.0
M,300.4,311.2,1831,23.4,133,0,0,0,0,0,0,10.800000000000011,4.4864293193717275,3112.2
M,300.3,311.2,1381,65.2,136,1,0,0,1,0,0,10.899999999999977,9.428397905759162,8867.2
M,300.3,311.2,1783,25.6,139,0,0,0,0,0,0,10.899999999999977,4.779560209424084,3558.4
L,300.3,311.0,1613,34.7,142,0,0,0,0,0,0,10.699999999999989,5.860848167539268,4927.400000000001
M,300.2,311.0,2370,14.7,144,0,0,0,0,0,0,10.800000000000011,3.648062827225131,2116.7999999999997
L,300.2,311.0,1627,33.7,147,0,0,0,0,0,0,10.800000000000011,5.741350785340314,4953.900000000001
L,300.2,311.0,1255,71.8,149,1,0,0,1,0,0,10.800000000000011,9.435497382198953,10698.199999999999
H,300.2,311.0,1777,27.5,151,0,0,0,0,0,0,10.800000000000011,5.117015706806283,4152.5
L,300.3,311.1,1606,30.9,156,0,0,0,0,0,0,10.800000000000011,5.196376963350785,4820.4
L,300.3,311.1,1676,28.6,158,0,0,0,0,0,0,10.800000000000011,5.019225130890053,4518.8
L,300.3,311.1,1605,37.1,160,0,0,0,0,0,0,10.800000000000011,6.235130890052356,5936.0
L,300.4,311.1,1487,37.4,162,0,0,0,0,0,0,10.700000000000045,5.823434554973821,6058.8
L,300.4,311.2,1471,46.5,164,0,0,0,0,0,0,10.800000000000011,7.162460732984293,7626.0
M,300.3,311.1,1477,44.2,166,0,0,0,0,0,0,10.800000000000011,6.835958115183246,7337.200000000001
L,300.4,311.2,1530,32.0,169,0,0,0,0,0,0,10.800000000000011,5.126701570680629,5408.0
L,300.4,311.2,1673,28.9,171,0,0,0,0,0,0,10.800000000000011,5.062795811518324,4941.9
L,300.4,311.2,1436,56.8,173,0,0,0,0,0,0,10.800000000000011,8.540816753926702,9826.4
L,300.4,311.3,1495,51.2,175,0,0,0,0,0,0,10.900000000000034,8.015078534031414,8960.0
M,300.4,311.2,1366,56.1,177,0,0,0,0,0,0,10.800000000000011,8.02435602094241,9929.7
H,300.4,311.2,1489,45.3,180,0,0,0,0,0,0,10.800000000000011,7.063005235602094,8153.999999999999
L,300.3,311.1,1480,46.6,185,0,0,0,0,0,0,10.800000000000011,7.221780104712042,8621.0
L,300.4,311.2,1472,37.3,187,0,0,0,0,0,0,10.800000000000011,5.749277486910994,6975.099999999999
L,300.4,311.1,1397,50.8,189,0,0,0,0,0,0,10.700000000000045,7.43116230366492,9601.199999999999
L,300.4,311.1,1589,35.5,191,0,0,0,0,0,0,10.700000000000045,5.906753926701571,6780.5
L,300.4,311.1,1405,54.1,193,0,0,0,0,0,0,10.700000000000045,7.9592146596858635,10441.300000000001
L,300.4,311.1,2013,20.1,195,0,0,0,0,0,0,10.700000000000045,4.236785340314136,3919.5000000000005
L,300.4,311.0,1802,26.0,197,0,0,0,0,0,0,10.600000000000023,4.905968586387434,5122.0
M,300.4,311.0,1433,46.1,199,0,0,0,0,0,0,10.600000000000023,6.917413612565445,9173.9
M,300.5,311.1,1296,61.3,202,1,0,0,0,1,0,10.600000000000023,8.31882722513089,12382.599999999999
M,300.5,311.2,1551,36.6,205,0,0,0,0,0,0,10.699999999999989,5.94414659685864,7503.0
L,300.5,311.2,1270,67.5,208,1,0,0,0,1,0,10.699999999999989,8.976439790575917,14040.0
L,300.6,311.3,1531,38.5,0,0,0,0,0,0,0,10.699999999999989,6.172094240837696,0.0
H,300.5,311.2,1397,45.2,2,0,0,0,0,0,0,10.699999999999989,6.611979057591623,90.4
L,300.5,311.1,1547,37.2,7,0,0,0,0,0,0,10.600000000000023,6.026010471204189,260.40000000000003
L,300.5,311.0,2074,18.9,9,0,0,0,0,0,0,10.5,4.104565445026178,170.1
L,300.5,311.1,1491,42.6,11,0,0,0,0,0,0,10.600000000000023,6.650952879581152,468.6
L,300.5,311.0,1759,28.3,13,0,0,0,0,0,0,10.5,5.212534031413613,367.90000000000003
M,300.4,311.0,1595,35.4,15,0,0,0,0,0,0,10.600000000000023,5.912356020942409,531.0
L,300.4,311.2,1351,62.0,18,0,0,0,0,0,0,10.800000000000011,8.770890052356021,1116.0
L,300.4,311.2,1705,28.7,20,0,0,0,0,0,0,10.800000000000011,5.123926701570681,574.0
L,300.4,311.2,1406,43.6,22,0,0,0,0,0,0,10.800000000000011,6.419015706806283,959.2
L,300.4,311.3,1639,34.6,24,0,0,0,0,0,0,10.900000000000034,5.938157068062828,830.4000000000001
H,300.4,311.3,2026,20.3,26,0,0,0,0,0,0,10.900000000000034,4.306575916230367,527.8000000000001
M,300.4,311.3,1350,56.5,31,0,0,0,0,0,0,10.900000000000034,7.986910994764398,1751.5
M,300.5,311.3,1468,41.1,34,0,0,0,0,0,0,10.800000000000011,6.3177801047120425,1397.4
L,300.5,311.4,1642,27.1,37,0,0,0,0,0,0,10.899999999999977,4.659497382198953,1002.7
L,300.5,311.3,1490,41.8,39,0,0,0,0,0,0,10.800000000000011,6.521675392670156,1630.1999999999998
M,300.5,311.3,1507,43.4,41,0,0,0,0,0,0,10.800000000000011,6.8485654450261775,1779.3999999999999
L,300.5,311.4,1611,32.7,44,0,0,0,0,0,0,10.899999999999977,5.516198952879582,1438.8000000000002
M,300.5,311.4,1743,27.6,46,0,0,0,0,0,0,10.899999999999977,5.037361256544503,1269.6000000000001
L,300.5,311.3,1475,46.3,49,0,0,0,0,0,0,10.800000000000011,7.151047120418848,2268.7
L,300.5,311.4,1432,47.5,51,0,0,0,0,0,0,10.899999999999977,7.122513089005236,2422.5
L,300.5,311.4,1442,47.0,53,0,0,0,0,0,0,10.899999999999977,7.096753926701571,2491.0
M,300.6,311.4,1468,40.4,55,0,0,0,0,0,0,10.799999999999955,6.210178010471204,2222.0
L,300.5,311.4,1556,45.3,58,0,0,0,0,0,0,10.899999999999977,7.3808167539267,2627.3999999999996
M,300.5,311.4,1312,51.4,60,0,0,0,0,0,0,10.899999999999977,7.061445026178011,3084.0
L,300.6,311.5,1459,47.0,63,0,0,0,0,0,0,10.899999999999977,7.180418848167539,2961.0
L,300.5,311.5,1651,36.9,65,0,0,0,0,0,0,11.0,6.379256544502617,2398.5
L,300.5,311.5,1490,38.4,67,0,0,0,0,0,0,11.0,5.991204188481675,2572.7999999999997
M,300.6,311.6,1473,31.5,69,0,0,0,0,0,0,11.0,4.858586387434555,2173.5
L,300.6,311.7,1734,29.9,72,0,0,0,0,0,0,11.099999999999966,5.42896335078534,2152.7999999999997
L,300.6,311.7,1507,45.5,74,0,0,0,0,0,0,11.099999999999966,7.179947643979058,3367.0
L,300.6,311.7,1556,34.9,76,0,0,0,0,0,0,11.099999999999966,5.686324607329842,2652.4
H,300.5,311.6,1351,53.5,78,0,0,0,0,0,0,11.100000000000023,7.568429319371727,4173.0
L,300.5,311.7,1445,44.8,83,0,0,0,0,0,0,11.199999999999989,6.778638743455496,3718.3999999999996
L,300.5,311.7,1619,32.7,85,0,0,0,0,0,0,11.199999999999989,5.543591623036649,2779.5000000000005
M,300.5,311.7,1269,64.0,87,0,0,0,0,0,0,11.199999999999989,8.504293193717277,5568.0
L,300.5,311.6,1534,37.7,90,0,0,0,0,0,0,11.100000000000023,6.055685863874346,3393.0000000000005
L,300.5,311.6,1444,49.3,92,0,0,0,0,0,0,11.100000000000023,7.454366492146597,4535.599999999999
L,300.5,311.6,1744,26.8,94,0,0,0,0,0,0,11.100000000000023,4.894157068062827,2519.2000000000003
L,300.4,311.5,1441,44.6,96,0,0,0,0,0,0,11.100000000000023,6.7296963350785335,4281.6
M,300.3,311.3,1506,40.7,98,0,0,0,0,0,0,11.0,6.418240837696335,3988.6000000000004
L,300.3,311.4,1526,38.5,101,0,0,0,0,0,0,11.099999999999966,6.151937172774869,3888.5
L,300.4,311.5,1704,29.7,103,0,0,0,0,0,0,11.100000000000023,5.299350785340314,3059.1
H,300.4,311.4,1445,52.4,105,0,0,0,0,0,0,11.0,7.928586387434555,5502.0
L,300.5,311.5,1661,35.9,110,0,0,0,0,0,0,11.0,6.243968586387434,3949.0
L,300.5,311.4,1466,41.8,112,0,0,0,0,0,0,10.899999999999977,6.416628272251309,4681.599999999999
L,300.4,311.3,1608,35.1,114,0,0,0,0,0,0,10.900000000000034,5.910031413612566,4001.4
M,300.4,311.4,1352,57.3,116,0,0,0,0,0,0,11.0,8.111999999999998,6646.799999999999
M,300.4,311.4,1604,31.7,119,0,0,0,0,0,0,11.0,5.3242722513089005,3772.2999999999997
H,300.4,311.4,1427,50.7,122,0,0,0,0,0,0,11.0,7.57580104712042,6185.400000000001
L,300.4,311.4,1424,44.6,127,0,0,0,0,0,0,11.0,6.650303664921466,5664.2
L,300.4,311.4,1662,29.3,129,0,0,0,0,0,0,11.0,5.099120418848168,3779.7000000000003
L,300.4,311.4,1936,23.9,131,0,0,0,0,0,0,11.0,4.845068062827225,3130.8999999999996
L,300.4,311.4,1728,31.7,133,0,0,0,0,0,0,11.0,5.735874345549738,4216.099999999999
L,300.4,311.4,1552,28.8,135,0,0,0,0,0,0,11.0,4.680376963350785,3888.0
H,300.4,311.5,1662,29.0,137,0,0,0,0,0,0,11.100000000000023,5.0469109947643975,3973.0
L,300.3,311.4,1343,57.7,142,0,0,0,0,0,0,11.099999999999966,8.114251308900524,8193.4
M,300.4,311.5,1476,32.6,144,0,0,0,0,0,0,11.100000000000023,5.038492146596859,4694.400000000001
L,300.3,311.4,1346,51.1,147,0,0,0,0,0,0,11.099999999999966,7.202157068062828,7511.7
L,300.4,311.5,1492,44.6,149,0,0,0,0,0,0,11.100000000000023,6.967874345549738,6645.400000000001
M,300.3,311.5,1540,41.5,151,0,0,0,0,0,0,11.199999999999989,6.692146596858639,6266.5
L,300.4,311.5,1596,32.5,154,0,0,0,0,0,0,11.100000000000023,5.431413612565445,5005.0
L,300.5,311.6,1541,47.8,156,0,0,0,0,0,0,11.100000000000023,7.713068062827224,7456.799999999999
L,300.5,311.6,1661,30.0,158,0,0,0,0,0,0,11.100000000000023,5.217801047120419,4740.0
M,300.4,311.6,1359,55.4,160,0,0,0,0,0,0,11.200000000000045,7.8836230366492135,8864.0
L,300.5,311.6,1528,42.4,163,0,0,0,0,0,0,11.100000000000023,6.784,6911.2
M,300.5,311.6,1246,52.9,165,0,0,0,0,0,0,11.100000000000023,6.90192670157068,8728.5
L,300.5,311.6,1575,32.5,168,0,0,0,0,0,0,11.100000000000023,5.359947643979058,5460.0
M,300.5,311.6,1658,30.4,170,0,0,0,0,0,0,11.100000000000023,5.277821989528795,5168.0
L,300.5,311.6,1385,54.8,173,0,0,0,0,0,0,11.100000000000023,7.947434554973822,9480.4
H,300.5,311.7,1454,50.3,175,0,0,0,0,0,0,11.199999999999989,7.658240837696335,8802.5
L,300.5,311.6,1497,40.5,180,0,0,0,0,0,0,11.100000000000023,6.348534031413613,7290.0
M,300.6,311.7,1424,50.8,182,0,0,0,0,0,0,11.099999999999966,7.574785340314135,9245.6
L,300.6,311.7,1528,43.9,185,0,0,0,0,0,0,11.099999999999966,7.024,8121.5
L,300.6,311.8,1539,37.0,187,0,0,0,0,0,0,11.199999999999989,5.96261780104712,6919.0
L,300.7,311.8,1336,58.4,189,1,0,0,0,1,0,11.100000000000023,8.169884816753926,11037.6
L,300.5,311.6,1525,37.6,191,0,0,0,0,0,0,11.100000000000023,6.004188481675393,7181.6
M,300.5,311.6,1456,51.1,193,0,0,0,0,0,0,11.100000000000023,7.790743455497383,9862.300000000001
M,300.5,311.7,2141,17.2,196,0,0,0,0,0,0,11.199999999999989,3.8560418848167535,3371.2
M,300.5,311.6,1476,39.1,199,0,0,0,0,0,0,11.100000000000023,6.0430994764397905,7780.900000000001
L,300.5,311.6,1509,47.2,202,0,0,0,0,0,0,11.100000000000023,7.4580942408376965,9534.400000000001
L,300.5,311.6,1447,45.4,204,0,0,0,0,0,0,11.100000000000023,6.8789319371727755,9261.6
L,300.6,311.7,1448,49.1,206,0,0,0,0,0,0,11.099999999999966,7.44469109947644,10114.6
L,300.6,311.7,1428,52.6,208,0,0,0,0,0,0,11.099999999999966,7.865214659685864,10940.800000000001
M,300.6,311.7,1389,52.1,210,0,0,0,0,0,0,11.099999999999966,7.577685863874346,10941.0
L,300.7,311.7,1635,32.4,213,0,0,0,0,0,0,11.0,5.547015706806283,6901.2
L,300.7,311.7,1395,43.7,215,0,0,0,0,0,0,11.0,6.383403141361257,9395.5
L,300.7,311.8,1443,43.7,217,0,0,0,0,0,0,11.100000000000023,6.603047120418848,9482.900000000001
M,300.7,311.7,1412,49.1,219,0,0,0,0,0,0,11.0,7.2596020942408375,10752.9
L,300.7,311.7,1524,43.5,222,0,0,0,0,0,0,11.0,6.941780104712042,9657.0
M,300.7,311.8,1407,42.4,224,0,0,0,0,0,0,11.100000000000023,6.246785340314136,9497.6
L,300.8,311.7,1397,43.5,227,0,0,0,0,0,0,10.899999999999977,6.3632984293193715,9874.5
M,300.7,311.7,1504,36.9,229,0,0,0,0,0,0,11.0,5.8112670157068065,8450.1
M,300.7,311.7,2097,18.9,232,1,1,0,0,0,0,11.0,4.150083769633508,4384.799999999999
L,300.6,311.7,1553,39.8,0,0,0,0,0,0,0,11.099999999999966,6.472188481675392,0.0
L,300.6,311.7,1432,39.2,2,0,0,0,0,0,0,11.099999999999966,5.8779476439790574,78.4
M,300.5,311.6,1577,36.5,4,0,0,0,0,0,0,11.100000000000023,6.027277486910995,146.0
M,300.5,311.5,1370,56.1,7,0,0,0,0,0,0,11.0,8.047853403141362,392.7
H,300.5,311.6,1506,36.2,10,0,0,0,0,0,0,11.100000000000023,5.708607329842932,362.0
L,300.6,311.6,1964,21.4,15,0,0,0,0,0,0,11.0,4.401005235602094,321.0
H,300.6,311.7,1500,36.7,17,0,0,0,0,0,0,11.099999999999966,5.764397905759163,623.9000000000001
L,300.6,311.7,1488,47.7,22,0,0,0,0,0,0,11.099999999999966,7.43220942408377,1049.4
H,300.6,311.5,1282,60.2,24,0,0,0,0,0,0,10.899999999999977,8.081298429319373,1444.8000000000002
L,300.5,311.4,1400,45.1,29,0,0,0,0,0,0,10.899999999999977,6.61151832460733,1307.9
L,300.6,311.5,1419,38.6,31,0,0,0,0,0,0,10.899999999999977,5.735434554973822,1196.6000000000001
M,300.7,311.5,1441,40.6,33,0,0,0,0,0,0,10.800000000000011,6.12613612565445,1339.8
M,300.7,311.6,1348,62.5,36,0,0,0,0,0,0,10.900000000000034,8.821989528795811,2250.0
H,300.8,311.7,1468,38.7,39,0,0,0,0,0,0,10.899999999999977,5.948858638743456,1509.3000000000002
M,300.7,311.7,1701,30.8,44,0,0,0,0,0,0,11.0,5.485947643979058,1355.2
H,300.7,311.7,1864,23.6,47,0,0,0,0,0,0,11.0,4.606324607329843,1109.2
M,300.6,311.6,1630,31.8,52,0,0,0,0,0,0,11.0,5.427643979057591,1653.6000000000001
L,300.5,311.5,1316,49.7,55,0,0,0,0,0,0,11.0,6.848712041884817,2733.5
L,300.5,311.5,1708,31.2,57,0,0,0,0,0,0,11.0,5.580062827225131,1778.3999999999999
H,300.5,311.4,1679,27.5,59,0,0,0,0,0,0,10.899999999999977,4.8348167539267015,1622.5
L,300.5,311.4,1709,32.3,64,0,0,0,0,0,0,10.899999999999977,5.780178010471204,2067.2
L,300.5,311.4,1445,41.5,66,0,0,0,0,0,0,10.899999999999977,6.279319371727749,2739.0
M,300.5,311.4,1390,51.9,68,0,0,0,0,0,0,10.899999999999977,7.554031413612566,3529.2
L,300.4,311.4,1309,55.5,71,0,0,0,0,0,0,11.0,7.607277486910995,3940.5
L,300.5,311.5,1499,37.6,73,0,0,0,0,0,0,11.0,5.901821989528796,2744.8
M,300.5,311.4,2072,18.8,75,0,0,0,0,0,0,10.899999999999977,4.078910994764398,1410.0
L,300.5,311.5,1487,43.0,78,0,0,0,0,0,0,11.0,6.695392670157068,3354.0
L,300.5,311.5,1302,49.6,80,0,0,0,0,0,0,11.0,6.762219895287958,3968.0
M,300.5,311.5,1378,48.2,82,0,0,0,0,0,0,11.0,6.954931937172775,3952.4
L,300.5,311.6,1365,53.0,85,0,0,0,0,0,0,11.100000000000023,7.575392670157068,4505.0
H,300.6,311.7,1427,44.6,87,0,0,0,0,0,0,11.099999999999966,6.664314136125655,3880.2000000000003
H,300.6,311.7,1535,33.3,92,0,0,0,0,0,0,11.099999999999966,5.35240837696335,3063.6
H,300.5,311.6,1476,41.7,97,0,0,0,0,0,0,11.100000000000023,6.4449424083769635,4044.9
L,300.5,311.6,1425,42.4,102,0,0,0,0,0,0,11.100000000000023,6.326701570680628,4324.8
L,300.5,311.7,1409,54.7,104,0,0,0,0,0,0,11.199999999999989,8.070397905759163,5688.8
L,300.5,311.6,1730,30.2,106,0,0,0,0,0,0,11.100000000000023,5.470785340314136,3201.2
M,300.5,311.6,1454,41.4,108,0,0,0,0,0,0,11.100000000000023,6.303204188481676,4471.2
L,300.6,311.7,1744,26.9,111,0,0,0,0,0,0,11.099999999999966,4.9124188481675395,2985.8999999999996
M,300.8,311.9,1761,29.0,113,0,0,0,0,0,0,11.099999999999966,5.347539267015707,3277.0
M,300.7,311.9,1657,30.9,116,0,0,0,0,0,0,11.199999999999989,5.361392670157068,3584.3999999999996
L,300.7,311.8,1420,47.0,119,0,0,0,0,0,0,11.100000000000023,6.98848167539267,5593.0
H,300.7,311.9,1329,59.2,121,0,0,0,0,0,0,11.199999999999989,8.238408376963351,7163.200000000001
L,300.6,311.9,1472,44.2,126,0,0,0,0,0,0,11.299999999999955,6.812816753926702,5569.200000000001
L,300.6,312.0,1566,30.1,128,0,0,0,0,0,0,11.399999999999977,4.935769633507854,3852.8
L,300.6,312.0,1430,42.7,130,0,0,0,0,0,0,11.399999999999977,6.393821989528797,5551.0
L,300.6,312.0,1481,40.9,132,0,0,0,0,0,0,11.399999999999977,6.342712041884817,5398.8
L,300.6,312.0,1670,29.4,134,0,0,0,0,0,0,11.399999999999977,5.141151832460733,3939.6
L,300.6,312.0,1406,55.1,136,0,0,0,0,0,0,11.399999999999977,8.112104712041885,7493.6
H,300.6,312.1,1354,46.9,138,0,0,0,0,0,0,11.5,6.6494869109947645,6472.2
M,300.5,312.0,1985,19.3,143,0,0,0,0,0,0,11.5,4.011570680628272,2759.9
M,300.5,312.0,1263,60.8,146,0,0,0,0,0,0,11.5,8.040879581151831,8876.8
L,300.5,311.9,1576,31.1,149,0,0,0,0,0,0,11.399999999999977,5.132314136125655,4633.900000000001
L,300.5,312.0,1453,45.1,151,0,0,0,0,0,0,11.5,6.861811518324608,6810.1
L,300.5,312.0,1478,39.0,153,0,0,0,0,0,0,11.5,6.035811518324607,5967.0
M,300.5,311.9,1323,57.9,155,0,0,0,0,0,0,11.399999999999977,8.021120418848167,8974.5
L,300.5,311.9,1710,28.4,158,0,0,0,0,0,0,11.399999999999977,5.085235602094241,4487.2
L,300.4,311.7,1314,59.5,160,0,0,0,0,0,0,11.300000000000011,8.186701570680627,9520.0
L,300.4,311.7,1460,39.6,162,0,0,0,0,0,0,11.300000000000011,6.054031413612566,6415.2
M,300.4,311.7,1508,45.4,164,0,0,0,0,0,0,11.300000000000011,7.1689214659685865,7445.599999999999
M,300.5,311.8,1331,55.3,167,0,0,0,0,0,0,11.300000000000011,7.707256544502618,9235.1
L,300.4,311.7,1515,47.4,170,0,0,0,0,0,0,11.300000000000011,7.519476439790576,8058.0
L,300.4,311.6,1674,33.0,172,0,0,0,0,0,0,11.200000000000045,5.7845026178010475,5676.0
L,300.4,311.7,1444,51.2,174,0,0,0,0,0,0,11.300000000000011,7.74165445026178,8908.800000000001
M,300.4,311.7,1398,42.6,176,0,0,0,0,0,0,11.300000000000011,6.236104712041885,7497.6
M,300.4,311.7,1832,24.2,179,0,0,0,0,0,0,11.300000000000011,4.64234554973822,4331.8
M,300.5,311.8,1591,42.0,182,0,0,0,0,0,0,11.300000000000011,6.997068062827225,7644.0
M,300.4,311.7,1478,39.9,185,0,0,0,0,0,0,11.300000000000011,6.17509947643979,7381.5
M,300.4,311.8,1362,47.6,188,0,0,0,0,0,0,11.400000000000034,6.788607329842932,8948.800000000001
L,300.5,311.8,1368,57.9,191,1,0,0,0,1,0,11.300000000000011,8.293947643979058,11058.9
M,300.3,311.7,1723,28.3,193,0,0,0,0,0,0,11.399999999999977,5.105853403141362,5461.900000000001
L,300.4,311.8,1689,30.8,196,0,0,0,0,0,0,11.400000000000034,5.447246073298429,6036.8
L,300.4,311.8,1272,59.2,198,1,0,0,0,1,0,11.400000000000034,7.885068062827226,11721.6
M,300.4,311.7,1511,33.0,200,0,0,0,0,0,0,11.300000000000011,5.221256544502618,6600.0
H,300.4,311.6,1715,30.8,203,0,0,0,0,0,0,11.200000000000045,5.531099476439791,6252.400000000001
M,300.3,311.5,1400,43.8,0,0,0,0,0,0,0,11.199999999999989,6.420942408376963,0.0
L,300.4,311.6,1200,76.6,3,1,0,0,1,0,0,11.200000000000045,9.625130890052356,229.79999999999998
M,300.4,311.7,1555,38.7,5,0,0,0,0,0,0,11.300000000000011,6.301413612565446,193.5
H,300.3,311.6,1427,56.2,8,0,0,0,0,0,0,11.300000000000011,8.397633507853405,449.6
L,300.3,311.4,1318,52.7,13,0,0,0,0,0,0,11.099999999999966,7.273151832460734,685.1
H,300.2,311.4,1319,54.6,15,0,0,0,0,0,0,11.199999999999989,7.541089005235603,819.0
M,300.2,311.4,1960,20.9,20,0,0,0,0,0,0,11.199999999999989,4.289424083769633,418.0
L,300.3,311.5,1552,38.9,23,0,0,0,0,0,0,11.199999999999989,6.321759162303665,894.6999999999999
L,300.3,311.5,1548,32.2,25,0,0,0,0,0,0,11.199999999999989,5.219434554973823,805.0000000000001
L,300.3,311.6,1709,29.5,27,0,0,0,0,0,0,11.300000000000011,5.279109947643979,796.5
H,300.3,311.5,1464,41.0,29,0,0,0,0,0,0,11.199999999999989,6.285235602094241,1189.0
L,300.3,311.4,1759,24.8,34,0,0,0,0,0,0,11.099999999999966,4.567874345549739,843.2
L,300.3,311.5,1634,31.9,36,0,0,0,0,0,0,11.199999999999989,5.458073298429319,1148.3999999999999
L,300.3,311.5,1663,33.6,38,0,0,0,0,0,0,11.199999999999989,5.8509738219895295,1276.8
M,300.3,311.5,1445,47.3,40,0,0,0,0,0,0,11.199999999999989,7.156910994764398,1892.0
L,300.3,311.5,1695,25.6,43,0,0,0,0,0,0,11.199999999999989,4.543664921465969,1100.8
L,300.4,311.6,1517,39.0,45,0,0,0,0,0,0,11.200000000000045,6.195078534031413,1755.0
L,300.5,311.7,1811,26.8,47,0,0,0,0,0,0,11.199999999999989,5.082178010471204,1259.6000000000001
L,300.4,311.6,1815,23.5,49,0,0,0,0,0,0,11.200000000000045,4.466230366492146,1151.5
L,300.4,311.7,1513,40.0,51,0,0,0,0,0,0,11.300000000000011,6.33717277486911,2040.0
M,300.4,311.6,1518,36.4,53,0,0,0,0,0,0,11.200000000000045,5.785884816753926,1929.1999999999998
L,300.3,311.5,1667,28.8,56,0,0,0,0,0,0,11.199999999999989,5.027183246073299,1612.8
L,300.3,311.5,1403,60.1,58,0,0,0,0,0,0,11.199999999999989,8.829350785340315,3485.8
L,300.2,311.5,1383,42.1,60,0,0,0,0,0,0,11.300000000000011,6.0967853403141365,2526.0
L,300.3,311.5,1466,46.2,62,0,0,0,0,0,0,11.199999999999989,7.0920628272251305,2864.4
L,300.3,311.5,1378,47.5,64,0,0,0,0,0,0,11.199999999999989,6.853926701570681,3040.0
M,300.2,311.5,1547,40.9,66,0,0,0,0,0,0,11.300000000000011,6.625371727748691,2699.4
L,300.2,311.5,1495,38.5,69,0,0,0,0,0,0,11.300000000000011,6.026963350785341,2656.5
L,300.1,311.4,1729,29.3,71,0,0,0,0,0,0,11.299999999999955,5.304680628272251,2080.3
L,300.1,311.4,1418,47.7,73,0,0,0,0,0,0,11.299999999999955,7.082575916230367,3482.1000000000004
H,300.1,311.4,1485,40.4,75,0,0,0,0,0,0,11.299999999999955,6.282094240837696,3030.0
L,300.1,311.5,1434,40.8,80,0,0,0,0,0,0,11.399999999999977,6.126408376963351,3264.0
M,300.2,311.6,1415,55.8,82,0,0,0,0,0,0,11.400000000000034,8.267748691099477,4575.599999999999
H,300.1,311.6,1674,29.6,85,0,0,0,0,0,0,11.5,5.188523560209425,2516.0
L,300.1,311.5,1454,52.4,90,0,0,0,0,0,0,11.399999999999977,7.9779685863874334,4716.0
L,300.0,311.4,1476,39.0,92,0,0,0,0,0,0,11.399999999999977,6.027643979057592,3588.0
L,300.0,311.5,1812,28.3,94,0,0,0,0,0,0,11.5,5.369591623036649,2660.2000000000003
L,300.0,311.4,1374,41.9,96,0,0,0,0,0,0,11.399999999999977,6.028335078534031,4022.3999999999996
M,300.1,311.4,1524,40.6,98,0,0,0,0,0,0,11.299999999999955,6.478994764397906,3978.8
L,300.0,311.4,1383,49.6,101,0,0,0,0,0,0,11.399999999999977,7.1829109947643985,5009.6
L,299.9,311.3,1429,58.2,103,0,0,0,0,0,0,11.400000000000034,8.708670157068063,5994.6
M,299.8,311.3,1517,41.2,105,0,0,0,0,0,0,11.5,6.544544502617801,4326.0
M,299.9,311.4,1480,44.9,108,0,0,0,0,0,0,11.5,6.958324607329843,4849.2
L,299.9,311.4,1706,28.8,111,0,0,0,0,0,0,11.5,5.144795811518325,3196.8
L,300.0,311.5,1349,48.6,113,0,0,0,0,0,0,11.5,6.865068062827226,5491.8
M,300.0,311.5,1451,49.0,115,0,0,0,0,0,0,11.5,7.444921465968586,5635.0
L,299.9,311.4,1627,36.7,118,0,0,0,0,0,0,11.5,6.252450261780105,4330.6
M,300.0,311.4,1537,35.4,120,0,0,0,0,0,0,11.399999999999977,5.697361256544502,4248.0
L,300.1,311.5,2218,17.0,123,0,0,0,0,0,0,11.399999999999977,3.9482722513089006,2091.0
M,300.0,311.4,1466,39.0,125,0,0,0,0,0,0,11.399999999999977,5.9868062827225135,4875.0
L,300.0,311.5,1666,32.0,128,0,0,0,0,0,0,11.5,5.58240837696335,4096.0
L,300.0,311.5,1455,41.7,130,0,0,0,0,0,0,11.5,6.35324607329843,5421.0
L,300.0,311.4,1927,24.6,132,0,0,0,0,0,0,11.399999999999977,4.963790575916231,3247.2000000000003
M,299.9,311.3,1703,28.4,134,0,0,0,0,0,0,11.400000000000034,5.064418848167539,3805.6
L,299.8,311.2,1533,35.9,137,0,0,0,0,0,0,11.399999999999977,5.762795811518324,4918.3
H,299.8,311.3,1785,25.4,139,0,0,0,0,0,0,11.5,4.747539267015707,3530.6
L,299.8,311.2,2142,16.6,144,0,0,0,0,0,0,11.399999999999977,3.723267015706807,2390.4
L,299.8,311.2,1369,46.2,146,0,0,0,0,0,0,11.399999999999977,6.622806282722514,6745.200000000001
M,299.8,311.2,1706,29.2,148,0,0,0,0,0,0,11.399999999999977,5.216251308900524,4321.599999999999
L,299.9,311.3,1802,24.4,151,0,0,0,0,0,0,11.400000000000034,4.60406282722513,3684.3999999999996
H,299.9,311.3,1413,41.8,153,0,0,0,0,0,0,11.400000000000034,6.184649214659685,6395.4
L,300.0,311.3,1484,53.2,158,0,0,0,0,0,0,11.300000000000011,8.266890052356022,8405.6
L,299.9,311.3,1535,38.1,160,0,0,0,0,0,0,11.400000000000034,6.123926701570681,6096.0
M,299.9,311.2,1579,35.5,162,0,0,0,0,0,0,11.300000000000011,5.8695811518324605,5751.0
L,299.8,311.1,1300,64.2,165,0,0,0,0,0,0,11.300000000000011,8.739267015706806,10593.0
M,299.8,311.1,1452,44.3,167,0,0,0,0,0,0,11.300000000000011,6.7354554973821985,7398.099999999999
M,299.8,311.1,1562,35.7,170,0,0,0,0,0,0,11.300000000000011,5.839099476439791,6069.000000000001
L,299.8,311.2,1664,28.3,173,0,0,0,0,0,0,11.399999999999977,4.931015706806283,4895.900000000001
H,299.9,311.2,1495,35.8,175,0,0,0,0,0,0,11.300000000000011,5.604293193717277,6264.999999999999
M,300.0,311.4,1533,42.6,180,0,0,0,0,0,0,11.399999999999977,6.838303664921466,7668.0
L,300.0,311.4,1484,37.0,183,0,0,0,0,0,0,11.399999999999977,5.749528795811519,6771.0
L,300.0,311.4,1604,38.7,185,0,0,0,0,0,0,11.399999999999977,6.499979057591624,7159.500000000001
L,300.0,311.4,1483,45.6,187,0,0,0,0,0,0,11.399999999999977,7.081130890052356,8527.2
L,300.1,311.5,1549,34.7,189,0,0,0,0,0,0,11.399999999999977,5.628303664921466,6558.3
L,300.1,311.4,1604,35.0,191,0,0,0,0,0,0,11.299999999999955,5.878534031413612,6685.0
L,300.2,311.5,1685,31.0,193,0,0,0,0,0,0,11.300000000000011,5.469633507853403,5983.0
L,300.2,311.6,1372,49.2,195,0,0,0,0,0,0,11.400000000000034,7.068314136125656,9594.0
L,300.3,311.6,1374,47.4,197,0,0,0,0,0,0,11.300000000000011,6.819643979057592,9337.8
L,300.2,311.6,1606,31.0,199,0,0,0,0,0,0,11.400000000000034,5.213193717277487,6169.0
L,300.1,311.5,1471,47.2,201,0,0,0,0,0,0,11.399999999999977,7.270282722513088,9487.2
L,300.1,311.5,1659,31.1,203,0,0,0,0,0,0,11.399999999999977,5.402607329842932,6313.3
M,300.1,311.7,1400,48.5,205,0,0,0,0,0,0,11.599999999999966,7.109947643979058,9942.5
L,300.1,311.7,1503,42.6,208,0,0,0,0,0,0,11.599999999999966,6.70448167539267,8860.800000000001
L,300.2,311.8,1798,23.2,210,0,0,0,0,0,0,11.600000000000023,4.367916230366492,4872.0
M,300.2,311.6,1608,35.0,212,0,0,0,0,0,0,11.400000000000034,5.893193717277487,7420.0
L,300.2,311.6,1322,50.9,215,0,0,0,0,0,0,11.400000000000034,7.046052356020943,10943.5
H,300.2,311.6,1547,37.7,217,0,0,0,0,0,0,11.400000000000034,6.107005235602094,8180.900000000001
M,300.3,311.7,1374,47.9,222,1,1,0,0,0,0,11.399999999999977,6.89158115183246,10633.8
M,300.3,311.7,1447,36.8,0,0,0,0,0,0,0,11.399999999999977,5.575874345549738,0.0
L,300.4,311.7,1373,47.2,3,0,0,0,0,0,0,11.300000000000011,6.7859267015706815,141.60000000000002
L,300.3,311.7,1515,37.5,5,0,0,0,0,0,0,11.399999999999977,5.948952879581152,187.5
L,300.3,311.7,1317,56.5,7,0,0,0,0,0,0,11.399999999999977,7.791675392670157,395.5
L,300.3,311.8,1551,37.2,9,0,0,0,0,0,0,11.5,6.041591623036649,334.8
M,300.3,311.8,1592,32.1,11,0,0,0,0,0,0,11.5,5.351120418848168,353.1
L,300.4,311.8,1433,42.2,14,0,0,0,0,0,0,11.400000000000034,6.3322094240837705,590.8000000000001
L,300.5,311.9,1432,43.1,16,0,0,0,0,0,0,11.399999999999977,6.462743455497383,689.6
L,300.5,311.9,1350,51.7,18,0,0,0,0,0,0,11.399999999999977,7.308376963350785,930.6
M,300.5,311.9,1370,44.8,20,0,0,0,0,0,0,11.399999999999977,6.426806282722512,896.0
L,300.5,312.0,1415,44.6,23,0,0,0,0,0,0,11.5,6.6082722513089,1025.8
L,300.5,312.0,1498,42.9,25,0,0,0,0,0,0,11.5,6.72923560209424,1072.5
M,300.5,312.0,1382,54.1,27,0,0,0,0,0,0,11.5,7.828921465968586,1460.7
M,300.5,311.9,1511,44.5,30,0,0,0,0,0,0,11.399999999999977,7.0407853403141365,1335.0
L,300.5,311.9,1330,59.5,33,0,0,0,0,0,0,11.399999999999977,8.286387434554975,1963.5
L,300.5,311.9,1383,50.5,35,0,0,0,0,0,0,11.399999999999977,7.313246073298429,1767.5
L,300.5,311.9,1431,49.4,37,0,0,0,0,0,0,11.399999999999977,7.4022408376963345,1827.8
L,300.5,312.0,1461,38.1,39,0,0,0,0,0,0,11.5,5.828701570680628,1485.9
H,300.4,311.9,1438,46.7,41,0,0,0,0,0,1,11.5,7.031895287958116,1914.7
M,300.5,312.0,1779,27.7,46,0,0,0,0,0,0,11.5,5.160031413612565,1274.2
M,300.6,312.1,1293,52.3,49,0,0,0,0,0,0,11.5,7.081036649214659,2562.7
L,300.6,312.2,1308,54.7,52,0,0,0,0,0,0,11.599999999999966,7.4918952879581155,2844.4
L,300.6,312.3,1532,37.2,54,0,0,0,0,0,0,11.699999999999989,5.967581151832461,2008.8000000000002
L,300.7,312.4,1470,38.6,56,0,0,0,0,0,0,11.699999999999989,5.941570680628272,2161.6
L,300.7,312.3,1548,37.9,58,0,0,0,0,0,0,11.600000000000023,6.143371727748691,2198.2
L,300.7,312.3,1898,24.0,60,0,0,0,0,0,0,11.600000000000023,4.7698429319371725,1440.0
H,300.7,312.2,1335,49.0,62,0,0,0,0,0,0,11.5,6.849738219895288,3038.0
L,300.7,312.3,1420,53.8,67,0,0,0,0,0,0,11.600000000000023,7.99958115183246,3604.6
L,300.7,312.3,1418,49.0,69,0,0,0,0,0,0,11.600000000000023,7.2756020942408375,3381.0
M,300.8,312.3,1535,40.3,71,0,0,0,0,0,0,11.5,6.477539267015706,2861.2999999999997
H,300.7,312.4,1457,47.2,74,0,0,0,0,0,0,11.699999999999989,7.201089005235603,3492.8
L,300.8,312.4,1493,39.1,79,0,0,0,0,0,0,11.599999999999966,6.1127015706806285,3088.9
H,300.7,312.3,1670,27.3,81,0,0,0,0,0,0,11.600000000000023,4.773926701570681,2211.3
H,300.7,312.3,1446,45.4,86,0,0,0,0,0,0,11.600000000000023,6.874178010471203,3904.4
L,300.8,312.4,1465,59.1,91,1,0,0,1,0,0,11.599999999999966,9.066125654450262,5378.1
L,300.7,312.3,1590,36.3,93,0,0,0,0,0,0,11.600000000000023,6.043664921465968,3375.8999999999996
M,300.6,312.2,2174,18.5,95,0,0,0,0,0,0,11.599999999999966,4.211413612565445,1757.5
L,300.7,312.4,1590,37.9,98,0,0,0,0,0,0,11.699999999999989,6.310052356020942,3714.2
L,300.7,312.3,1577,33.2,100,0,0,0,0,0,0,11.600000000000023,5.48234554973822,3320.0000000000005
M,300.7,312.4,1371,61.7,102,0,0,0,0,0,0,11.699999999999989,8.857664921465968,6293.400000000001
L,300.8,312.4,1767,25.6,105,0,0,0,0,0,0,11.599999999999966,4.736670157068064,2688.0
L,300.8,312.5,1517,39.2,107,0,0,0,0,0,0,11.699999999999989,6.226848167539267,4194.400000000001
M,300.9,312.6,1555,40.6,109,0,0,0,0,0,0,11.700000000000045,6.610785340314136,4425.400000000001
L,300.9,312.7,1416,43.8,112,0,0,0,0,0,0,11.800000000000011,6.494324607329842,4905.599999999999
M,300.8,312.6,1588,35.6,114,0,0,0,0,0,0,11.800000000000011,5.9196649214659685,4058.4
L,300.8,312.6,1422,50.0,117,0,0,0,0,0,0,11.800000000000011,7.445026178010472,5850.0
L,300.8,312.6,1376,53.6,119,0,0,0,0,0,0,11.800000000000011,7.722890052356021,6378.400000000001
L,300.8,312.5,1434,50.7,121,0,0,0,0,0,0,11.699999999999989,7.612963350785341,6134.700000000001
L,300.8,312.5,1423,47.3,123,0,0,0,0,0,0,11.699999999999989,7.047947643979057,5817.9
L,300.9,312.4,1364,52.5,125,0,0,0,0,0,0,11.5,7.498429319371728,6562.5
L,300.8,312.4,1825,23.8,127,0,0,0,0,0,0,11.599999999999966,4.548167539267015,3022.6
L,300.8,312.4,1365,44.5,129,0,0,0,0,0,0,11.599999999999966,6.360471204188482,5740.5
M,300.7,312.3,1430,47.2,131,0,0,0,0,0,0,11.600000000000023,7.067643979057592,6183.200000000001
L,300.8,312.3,1435,44.8,134,0,0,0,0,0,0,11.5,6.731727748691099,6003.2
M,300.8,312.4,1811,25.1,136,0,0,0,0,0,0,11.599999999999966,4.759801047120419,3413.6000000000004
M,300.8,312.4,1465,43.7,139,0,0,0,0,0,0,11.599999999999966,6.703717277486912,6074.3
L,300.9,312.4,1372,51.0,142,0,0,0,0,0,0,11.5,7.326910994764398,7242.0
L,300.8,312.3,1858,26.3,144,0,0,0,0,0,0,11.5,5.116795811518325,3787.2000000000003
L,300.7,312.3,1715,26.8,146,0,0,0,0,0,0,11.600000000000023,4.812774869109948,3912.8
L,300.7,312.2,1590,38.5,148,0,0,0,0,0,0,11.5,6.4099476439790575,5698.0
M,300.8,312.2,1664,25.7,150,0,0,0,0,0,0,11.399999999999977,4.477989528795811,3855.0
L,300.7,312.1,1512,36.9,153,0,0,0,0,0,0,11.400000000000034,5.842178010471204,5645.7
L,300.7,312.1,1498,44.0,155,0,0,0,0,0,0,11.400000000000034,6.901780104712042,6820.0
L,300.7,312.1,1395,41.9,157,0,0,0,0,0,0,11.400000000000034,6.1204712041884815,6578.3
H,300.7,312.1,1490,43.1,159,0,0,0,0,0,0,11.400000000000034,6.724502617801047,6852.900000000001
H,300.8,312.1,1527,35.1,164,0,0,0,0,0,0,11.300000000000011,5.612324607329843,5756.400000000001
L,300.8,312.1,1512,37.1,169,0,0,0,0,0,0,11.300000000000011,5.873842931937173,6269.900000000001
L,300.9,312.1,1474,42.4,171,0,0,0,0,0,0,11.200000000000045,6.544251308900523,7250.4
L,300.8,312.1,1505,41.3,173,0,0,0,0,0,0,11.300000000000011,6.508534031413612,7144.9
L,300.8,312.0,1496,40.0,175,0,0,0,0,0,0,11.199999999999989,6.265968586387435,7000.0
L,300.8,312.0,1382,49.3,177,0,0,0,0,0,0,11.199999999999989,7.134303664921465,8726.1
L,300.7,311.9,1419,47.7,179,0,0,0,0,0,0,11.199999999999989,7.087570680628272,8538.300000000001
L,300.7,311.9,1462,39.7,181,0,0,0,0,0,0,11.199999999999989,6.077633507853403,7185.700000000001
M,300.8,312.0,1450,45.0,183,0,0,0,0,0,0,11.199999999999989,6.832460732984293,8235.0
H,300.7,311.9,1389,46.5,186,0,0,0,0,0,0,11.199999999999989,6.7631937172774865,8649.0
M,300.7,311.9,1697,28.2,191,0,0,0,0,0,0,11.199999999999989,5.01103664921466,5386.2
L,300.7,311.9,1335,57.1,194,1,0,0,0,1,0,11.199999999999989,7.982041884816754,11077.4
L,300.7,311.9,1476,42.0,196,0,0,0,0,0,0,11.199999999999989,6.49130890052356,8232.0
L,300.6,311.7,1497,43.6,198,0,0,0,0,0,0,11.099999999999966,6.834471204188482,8632.800000000001
M,300.6,311.6,1669,29.2,200,0,0,0,0,0,0,11.0,5.103120418848167,5840.0
L,300.6,311.6,1455,48.0,203,0,0,0,0,0,0,11.0,7.313089005235602,9744.0
L,300.7,311.7,1499,38.4,205,0,0,0,0,0,0,11.0,6.0273926701570675,7872.0
L,300.7,311.8,1478,41.9,207,0,0,0,0,0,0,11.100000000000023,6.4846282722513084,8673.3
L,300.8,311.8,1928,21.8,209,0,0,0,0,0,0,11.0,4.401089005235602,4556.2
M,300.8,311.9,1621,28.3,211,0,0,0,0,0,0,11.099999999999966,4.80359162303665,5971.3
M,300.8,311.9,1356,44.3,214,0,0,0,0,0,0,11.099999999999966,6.29013612565445,9480.199999999999
L,300.8,311.7,1490,46.4,217,0,0,0,0,0,0,10.899999999999977,7.239371727748691,10068.8
L,300.8,311.7,1578,31.4,219,0,0,0,0,0,0,10.899999999999977,5.188397905759162,6876.599999999999
L,300.8,311.7,1681,31.3,221,0,0,0,0,0,0,10.899999999999977,5.509455497382199,6917.3
L,300.8,311.8,1417,43.4,223,0,0,0,0,0,0,11.0,6.439560209424084,9678.199999999999
M,300.7,311.7,1532,40.0,0,0,0,0,0,0,0,11.0,6.4167539267015705,0.0
M,300.7,311.7,1499,38.9,3,0,0,0,0,0,0,11.0,6.105874345549738,116.69999999999999
L,300.8,311.7,1432,45.8,6,0,0,0,0,0,0,10.899999999999977,6.867602094240837,274.79999999999995
L,300.8,311.7,1753,29.0,8,0,0,0,0,0,0,10.899999999999977,5.32324607329843,232.0
L,300.8,311.7,1414,49.0,10,0,0,0,0,0,0,10.899999999999977,7.255078534031414,490.0
L,300.8,311.7,1655,32.2,12,0,0,0,0,0,0,10.899999999999977,5.580209424083771,386.40000000000003
L,300.8,311.6,1516,35.6,14,0,0,0,0,0,0,10.800000000000011,5.651267015706806,498.40000000000003
L,300.8,311.7,1426,45.5,16,0,0,0,0,0,0,10.899999999999977,6.794031413612565,728.0
L,300.8,311.7,1479,39.4,18,0,0,0,0,0,0,10.899999999999977,6.101842931937172,709.1999999999999
M,300.7,311.5,1569,36.4,20,0,0,0,0,0,0,10.800000000000011,5.9802722513089,728.0
L,300.8,311.6,1568,36.0,23,0,0,0,0,0,0,10.800000000000011,5.910785340314136,828.0
M,300.9,311.8,1843,24.5,25,0,0,0,0,0,0,10.900000000000034,4.728115183246073,612.5
M,300.9,311.9,1480,40.9,28,0,0,0,0,0,0,11.0,6.338429319371728,1145.2
L,301.0,312.0,1447,36.8,31,0,0,0,0,0,0,11.0,5.575874345549738,1140.8
L,301.0,311.9,1454,41.9,33,0,0,0,0,0,0,10.899999999999977,6.379329842931937,1382.7
M,300.9,311.9,1310,56.1,35,0,0,0,0,0,0,11.0,7.695392670157068,1963.5
H,300.9,311.9,1513,38.0,38,0,0,0,0,0,0,11.0,6.020314136125655,1444.0
H,300.9,311.9,2140,16.5,43,0,0,0,0,0,0,11.0,3.6973821989528797,709.5
L,301.0,312.1,1377,49.9,48,0,0,0,0,0,0,11.100000000000023,7.195005235602094,2395.2
L,301.0,312.1,1585,32.3,50,0,0,0,0,0,0,11.100000000000023,5.360785340314135,1614.9999999999998
H,301.1,312.2,1491,42.6,52,0,0,0,0,0,0,11.099999999999966,6.650952879581152,2215.2000000000003
L,301.0,312.2,1264,59.0,57,0,0,0,0,0,0,11.199999999999989,7.809005235602094,3363.0
L,301.0,312.2,1372,47.0,59,0,0,0,0,0,0,11.199999999999989,6.752251308900523,2773.0
L,301.0,312.2,1510,39.9,61,0,0,0,0,0,0,11.199999999999989,6.3087958115183245,2433.9
L,300.9,312.1,1423,40.2,63,0,0,0,0,0,0,11.200000000000045,5.990010471204189,2532.6000000000004
L,301.1,312.3,1464,35.3,65,0,0,0,0,0,0,11.199999999999989,5.411434554973821,2294.5
L,301.0,312.2,1602,35.9,67,0,0,0,0,0,0,11.199999999999989,6.022178010471204,2405.2999999999997
M,301.0,312.2,1629,32.6,69,0,0,0,0,0,0,11.199999999999989,5.560774869109948,2249.4
L,300.9,312.2,1811,23.2,72,0,0,0,0,0,0,11.300000000000011,4.399497382198953,1670.3999999999999
L,300.9,312.1,1711,28.8,74,0,0,0,0,0,0,11.200000000000045,5.1598743455497385,2131.2000000000003
M,300.9,312.1,1297,48.6,76,0,0,0,0,0,0,11.200000000000045,6.6004397905759165,3693.6
L,301.0,312.1,1405,46.1,79,0,0,0,0,0,0,11.100000000000023,6.782251308900523,3641.9
L,301.1,312.2,1397,54.9,81,0,0,0,0,0,0,11.099999999999966,8.030921465968587,4446.9
L,301.1,312.3,1682,29.7,83,0,0,0,0,0,0,11.199999999999989,5.230931937172775,2465.1
L,301.2,312.3,1528,38.4,85,0,0,0,0,0,0,11.100000000000023,6.144,3264.0
M,301.2,312.3,1548,38.3,87,0,0,0,0,0,0,11.100000000000023,6.208209424083769,3332.1
H,301.2,312.4,1395,47.8,90,0,0,0,0,0,0,11.199999999999989,6.982303664921466,4302.0
L,301.2,312.4,1378,59.0,95,0,0,0,0,0,0,11.199999999999989,8.513298429319372,5605.0
L,301.2,312.4,1480,53.5,97,0,0,0,0,0,0,11.199999999999989,8.29109947643979,5189.5
M,301.2,312.4,1428,36.6,99,0,0,0,0,0,0,11.199999999999989,5.472753926701571,3623.4
M,301.2,312.4,1505,39.6,102,0,0,0,0,0,0,11.199999999999989,6.240628272251309,4039.2000000000003
L,301.0,312.3,1445,36.4,105,0,0,0,0,0,0,11.300000000000011,5.507643979057591,3822.0
L,301.0,312.3,1488,42.6,107,0,0,0,0,0,0,11.300000000000011,6.637570680628272,4558.2
L,301.0,312.2,1601,33.0,109,0,0,0,0,0,0,11.199999999999989,5.532251308900523,3597.0
L,301.0,312.3,1550,34.9,111,0,0,0,0,0,0,11.300000000000011,5.664397905759162,3873.8999999999996
L,301.0,312.2,1540,34.1,113,0,0,0,0,0,0,11.199999999999989,5.498848167539267,3853.3
L,301.1,312.3,1587,34.5,115,0,0,0,0,0,0,11.199999999999989,5.7331413612565445,3967.5
H,301.0,312.2,1489,40.3,117,0,0,0,0,0,0,11.199999999999989,6.283424083769633,4715.099999999999
L,301.1,312.3,1486,34.9,122,0,0,0,0,0,0,11.199999999999989,5.4305130890052355,4257.8
L,301.1,312.4,1430,37.9,124,0,0,0,0,0,0,11.299999999999955,5.675078534031414,4699.599999999999
M,301.1,312.4,1809,25.1,126,0,0,0,0,0,0,11.299999999999955,4.754544502617801,3162.6000000000004
L,301.1,312.3,1534,39.0,129,0,0,0,0,0,0,11.199999999999989,6.264502617801047,5031.0
M,301.1,312.3,1852,25.9,131,0,0,0,0,0,0,11.199999999999989,5.022701570680628,3392.8999999999996
L,301.1,312.3,1595,31.9,134,0,0,0,0,0,0,11.199999999999989,5.327801047120419,4274.599999999999
L,301.0,312.3,1424,43.5,136,0,0,0,0,0,0,11.300000000000011,6.486282722513089,5916.0
L,301.0,312.2,1776,28.8,138,0,0,0,0,0,0,11.199999999999989,5.355895287958115,3974.4
M,301.0,312.2,1499,41.5,140,0,0,0,0,0,0,11.199999999999989,6.513979057591623,5810.0
M,301.0,312.2,2710,9.7,143,1,0,0,1,0,0,11.199999999999989,2.752565445026178,1387.1
L,300.9,312.1,1359,51.7,146,0,0,0,0,0,0,11.200000000000045,7.357099476439791,7548.200000000001
M,300.9,312.1,1617,31.0,148,0,0,0,0,0,0,11.200000000000045,5.248900523560209,4588.0
M,300.8,312.0,1443,53.3,151,0,0,0,0,0,0,11.199999999999989,8.053602094240837,8048.299999999999
L,300.8,312.0,1374,50.2,154,0,0,0,0,0,0,11.199999999999989,7.222492146596859,7730.8
M,300.9,312.1,1851,23.0,156,0,0,0,0,0,0,11.200000000000045,4.457905759162304,3588.0
M,300.8,312.0,1274,67.3,159,0,0,0,0,0,0,11.199999999999989,8.978031413612564,10700.699999999999
L,300.9,312.0,1533,44.0,162,0,0,0,0,0,0,11.100000000000023,7.06303664921466,7128.0
L,300.8,312.0,1477,37.3,164,0,0,0,0,0,0,11.199999999999989,5.768806282722513,6117.2
L,300.9,312.1,1462,46.0,166,0,0,0,0,0,0,11.200000000000045,7.042094240837696,7636.0
M,301.0,312.1,1664,28.4,168,0,0,0,0,0,0,11.100000000000023,4.948439790575916,4771.2
L,300.8,311.9,1414,41.1,171,0,0,0,0,0,0,11.099999999999966,6.08538219895288,7028.1
H,300.9,312.0,2129,17.8,173,0,0,0,0,0,0,11.100000000000023,3.968188481675393,3079.4
L,300.8,311.8,1323,61.1,178,0,0,0,0,0,0,11.0,8.464429319371728,10875.800000000001
L,300.8,311.8,1427,43.3,180,0,0,0,0,0,0,11.0,6.470062827225131,7793.999999999999
M,300.9,312.0,1375,56.1,182,0,0,0,0,0,0,11.100000000000023,8.077225130890053,10210.2
M,300.9,312.0,1402,50.7,185,0,0,0,0,0,0,11.100000000000023,7.4430785340314145,9379.5
L,300.9,312.0,1500,44.2,188,0,0,0,0,0,0,11.100000000000023,6.942408376963351,8309.6
M,301.0,312.0,1558,37.5,190,0,0,0,0,0,0,11.0,6.117801047120419,7125.0
M,300.9,312.0,1447,41.4,193,0,0,0,0,0,0,11.100000000000023,6.272858638743455,7990.2
L,301.0,312.0,1518,39.3,196,0,0,0,0,0,0,11.0,6.246848167539266,7702.799999999999
L,301.0,311.9,1889,23.5,198,0,0,0,0,0,0,10.899999999999977,4.648324607329843,4653.0
L,301.0,312.1,1675,30.7,200,0,0,0,0,0,0,11.100000000000023,5.38455497382199,6140.0
H,300.9,312.0,1720,27.9,202,0,0,0,0,0,0,11.100000000000023,5.024921465968586,5635.799999999999
M,301.0,312.0,1499,34.6,207,0,0,0,0,0,0,11.0,5.430931937172775,7162.200000000001
L,300.9,312.0,1441,43.8,210,0,0,0,0,0,0,11.100000000000023,6.608984293193717,9198.0
H,300.9,312.0,1397,42.7,212,0,0,0,0,0,0,11.100000000000023,6.246272251308901,9052.400000000001
L,300.9,312.0,1493,38.7,217,0,0,0,0,0,0,11.100000000000023,6.050167539267016,8397.900000000001
M,300.8,312.0,1422,50.7,219,0,0,0,0,0,0,11.199999999999989,7.549256544502619,11103.300000000001
L,300.7,311.9,1399,50.2,222,1,0,0,0,1,0,11.199999999999989,7.353905759162304,11144.400000000001
L,300.6,311.9,1425,44.9,224,0,0,0,0,0,0,11.299999999999955,6.699738219895288,10057.6
L,300.6,311.8,1501,44.8,226,0,0,0,0,0,0,11.199999999999989,7.041340314136126,10124.8
M,300.6,311.9,1629,35.3,0,0,0,0,0,0,0,11.299999999999955,6.021329842931937,0.0
L,300.6,312.0,1490,42.2,3,0,0,0,0,0,0,11.399999999999977,6.584083769633509,126.60000000000001
L,300.7,312.0,1550,32.4,5,0,0,0,0,0,0,11.300000000000011,5.2586387434554975,162.0
L,300.8,312.0,1416,46.5,7,0,0,0,0,0,0,11.199999999999989,6.894659685863874,325.5
L,300.7,311.9,1485,38.8,9,0,0,0,0,0,0,11.199999999999989,6.0332984293193705,349.2
L,300.7,311.8,1564,36.8,11,0,0,0,0,0,0,11.100000000000023,6.0267225130890045,404.79999999999995
L,300.7,311.7,1910,19.7,13,0,0,0,0,0,0,11.0,3.94,256.09999999999997
L,300.7,311.7,1460,46.1,15,0,0,0,0,0,0,11.0,7.047748691099477,691.5
L,300.7,311.8,1603,34.1,17,0,0,0,0,0,0,11.100000000000023,5.7238010471204195,579.7
L,300.7,311.8,1486,47.3,19,0,0,0,0,0,0,11.100000000000023,7.359979057591623,898.6999999999999
L,300.8,311.9,1560,31.8,21,0,0,0,0,0,0,11.099999999999966,5.194554973821989,667.8000000000001
L,300.8,311.9,1498,39.3,23,0,0,0,0,0,0,11.099999999999966,6.1645445026178,903.9
H,300.8,311.9,1431,48.5,25,0,0,0,0,0,0,11.099999999999966,7.2673821989528795,1212.5
L,300.8,311.9,1486,45.1,30,0,0,0,0,0,0,11.099999999999966,7.017654450261781,1353.0
L,300.7,311.9,1486,35.8,32,0,0,0,0,0,0,11.199999999999989,5.570554973821989,1145.6
L,300.7,311.8,1441,38.1,34,0,0,0,0,0,0,11.100000000000023,5.7489109947643975,1295.4
M,300.7,311.9,1366,55.1,36,0,0,0,0,0,0,11.199999999999989,7.881319371727749,1983.6000000000001
L,300.6,311.8,1471,41.4,39,0,0,0,0,0,0,11.199999999999989,6.376900523560209,1614.6
L,300.6,311.9,1463,38.2,41,0,0,0,0,0,0,11.299999999999955,5.852,1566.2
L,300.6,311.9,1413,41.3,43,0,0,0,0,0,0,11.299999999999955,6.110670157068062,1775.8999999999999
H,300.6,311.9,1604,30.5,45,0,0,0,0,0,0,11.299999999999955,5.1227225130890055,1372.5
L,300.7,312.0,1401,51.1,50,0,0,0,0,0,0,11.300000000000011,7.496450261780105,2555.0
L,300.6,311.8,1652,27.2,52,0,0,0,0,0,0,11.199999999999989,4.70517277486911,1414.3999999999999
L,300.5,311.9,1403,45.7,54,0,0,0,0,0,0,11.399999999999977,6.713832460732985,2467.8
L,300.5,311.9,1887,21.7,56,0,0,0,0,0,0,11.399999999999977,4.287738219895288,1215.2
L,300.4,311.8,1405,47.9,58,0,0,0,0,0,0,11.400000000000034,7.0470680628272255,2778.2
H,300.2,311.6,1496,41.1,60,0,0,0,0,0,0,11.400000000000034,6.4382827225130885,2466.0
L,300.1,311.5,1499,43.4,65,0,0,0,0,0,0,11.399999999999977,6.812209424083769,2821.0
L,300.2,311.5,1549,37.2,67,0,0,0,0,0,0,11.300000000000011,6.033801047120419,2492.4
L,300.3,311.6,1515,44.9,69,0,0,0,0,0,0,11.300000000000011,7.122879581151833,3098.1
L,300.2,311.6,1540,37.7,71,0,0,0,0,0,0,11.400000000000034,6.079371727748692,2676.7000000000003
H,300.2,311.5,1426,44.3,73,0,0,0,0,0,0,11.300000000000011,6.614848167539266,3233.8999999999996
M,300.2,311.6,1465,41.4,78,0,0,0,0,0,0,11.400000000000034,6.3508900523560206,3229.2
M,300.3,311.6,1359,54.1,81,0,0,0,0,0,0,11.300000000000011,7.69862827225131,4382.1
M,300.3,311.7,1551,36.4,84,0,0,0,0,0,0,11.399999999999977,5.911664921465968,3057.6
L,300.5,311.8,1596,34.8,87,0,0,0,0,0,0,11.300000000000011,5.81579057591623,3027.6
M,300.5,311.9,1670,26.3,89,0,0,0,0,0,0,11.399999999999977,4.599057591623037,2340.7000000000003
L,300.4,311.9,1868,21.3,92,0,0,0,0,0,0,11.5,4.166324607329843,1959.6000000000001
M,300.6,312.0,1490,39.8,94,0,0,0,0,0,0,11.399999999999977,6.209633507853402,3741.2
M,300.5,311.9,1676,35.2,97,0,0,0,0,0,0,11.399999999999977,6.177507853403142,3414.4
M,300.5,311.9,1875,22.1,100,0,0,0,0,0,0,11.399999999999977,4.3390052356020945,2210.0
M,300.5,312.0,1867,23.0,103,0,0,0,0,0,0,11.5,4.496439790575916,2369.0
L,300.5,312.0,1646,29.5,106,0,0,0,0,0,0,11.5,5.084502617801047,3127.0
H,300.5,312.0,1375,43.2,108,0,0,0,0,0,0,11.5,6.219895287958116,4665.6
L,300.5,312.0,1558,36.7,113,0,0,0,0,0,0,11.5,5.987287958115184,4147.1
L,300.4,312.0,1631,34.9,115,0,0,0,0,0,0,11.600000000000023,5.9604083769633505,4013.5
L,300.4,312.0,1366,43.0,117,0,0,0,0,0,0,11.600000000000023,6.150575916230366,5031.0
L,300.3,311.8,1360,48.0,119,0,0,0,0,0,0,11.5,6.835602094240838,5712.0
L,300.3,311.8,1547,39.7,121,0,0,0,0,0,0,11.5,6.430984293193718,4803.700000000001
L,300.3,311.7,1571,31.2,123,0,0,0,0,0,0,11.399999999999977,5.13248167539267,3837.6
L,300.2,311.5,1528,36.1,125,0,0,0,0,0,0,11.300000000000011,5.776000000000001,4512.5
H,300.2,311.5,1432,43.6,127,0,0,0,0,0,0,11.300000000000011,6.5377172774869114,5537.2
L,300.2,311.6,1356,53.5,132,0,0,0,0,0,0,11.400000000000034,7.596439790575916,7062.0
H,300.1,311.5,1422,46.2,134,0,0,0,0,0,0,11.399999999999977,6.879204188481676,6190.8
L,300.1,311.4,1438,42.2,139,0,0,0,0,0,0,11.299999999999955,6.354303664921466,5865.8
L,300.2,311.4,1483,44.4,141,0,0,0,0,0,0,11.199999999999989,6.894785340314136,6260.4
L,300.2,311.4,1331,49.8,143,0,0,0,0,0,0,11.199999999999989,6.940712041884817,7121.4
L,300.2,311.4,1463,37.5,145,0,0,0,0,0,0,11.199999999999989,5.744764397905759,5437.5
L,300.1,311.4,1446,40.6,147,0,0,0,0,0,0,11.299999999999955,6.147392670157068,5968.2
L,300.1,311.4,1356,45.7,149,0,0,0,0,0,0,11.299999999999955,6.488921465968587,6809.3
L,300.1,311.3,1676,30.3,151,0,0,0,0,0,0,11.199999999999989,5.317570680628273,4575.3
L,300.1,311.4,1910,23.0,153,0,0,0,0,0,0,11.299999999999955,4.6,3519.0
L,300.2,311.6,1375,56.9,155,0,0,0,0,0,0,11.400000000000034,8.192408376963352,8819.5
M,300.2,311.6,1513,40.8,157,0,0,0,0,0,0,11.400000000000034,6.463916230366491,6405.599999999999
L,300.2,311.6,1511,35.7,160,0,0,0,0,0,0,11.400000000000034,5.648450261780106,5712.0
H,300.2,311.6,1662,28.8,162,0,0,0,0,0,0,11.400000000000034,5.012104712041885,4665.6
L,300.2,311.7,1493,48.3,167,0,0,0,0,0,0,11.5,7.550984293193717,8066.099999999999
M,300.2,311.7,1555,37.4,169,0,0,0,0,0,0,11.5,6.089738219895288,6320.599999999999
L,300.3,311.7,1452,41.5,172,0,0,0,0,0,0,11.399999999999977,6.309738219895288,7138.0
L,300.2,311.6,1500,39.0,174,0,0,0,0,0,0,11.400000000000034,6.12565445026178,6786.0
L,300.2,311.7,1603,30.5,176,0,0,0,0,0,0,11.5,5.119528795811519,5368.0
L,300.3,311.7,1682,27.8,178,0,0,0,0,0,0,11.399999999999977,4.896293193717277,4948.400000000001
L,300.3,311.8,1567,37.7,180,0,0,0,0,0,0,11.5,6.185958115183246,6786.000000000001
L,300.3,311.8,1413,46.0,182,0,0,0,0,0,0,11.5,6.806073298429319,8372.0
M,300.3,311.9,1429,41.6,184,0,0,0,0,0,0,11.599999999999966,6.224753926701571,7654.400000000001
L,300.3,311.9,1692,31.5,187,0,0,0,0,0,0,11.599999999999966,5.580942408376964,5890.5
L,300.4,311.9,1476,48.7,189,0,0,0,0,0,0,11.5,7.52682722513089,9204.300000000001
M,300.4,312.0,1596,30.4,191,0,0,0,0,0,0,11.600000000000023,5.080460732984292,5806.4
H,300.3,311.9,1390,49.0,194,0,0,0,0,0,0,11.599999999999966,7.131937172774869,9506.0
M,300.3,311.8,1607,33.7,199,0,0,0,0,0,0,11.5,5.670774869109948,6706.3
L,300.3,311.7,1821,26.3,202,0,0,0,0,0,0,11.399999999999977,5.014900523560209,5312.6
H,300.3,311.8,2141,18.5,204,0,0,0,0,0,0,11.5,4.147486910994765,3774.0
M,300.4,311.8,1553,33.1,209,1,1,0,0,0,0,11.400000000000034,5.382649214659686,6917.900000000001
M,300.4,311.8,1442,45.1,0,0,0,0,0,0,0,11.400000000000034,6.809863874345551,0.0
L,300.4,311.7,1459,45.6,3,0,0,0,0,0,0,11.300000000000011,6.966534031413613,136.8
H,300.4,311.8,2496,13.5,5,0,0,0,0,0,0,11.400000000000034,3.5283769633507855,67.5
L,300.4,311.8,1367,57.2,10,0,0,0,0,0,0,11.400000000000034,8.187685863874346,572.0
L,300.3,311.8,2004,19.6,12,0,0,0,0,0,0,11.5,4.112921465968586,235.20000000000002
L,300.3,311.7,1406,47.5,14,0,0,0,0,0,0,11.399999999999977,6.993193717277487,665.0
L,300.3,311.8,1548,33.0,16,0,0,0,0,0,0,11.5,5.349109947643979,528.0
L,300.3,311.7,1333,55.2,18,0,0,0,0,0,0,11.399999999999977,7.704879581151833,993.6
L,300.2,311.6,1767,26.4,20,0,0,0,0,0,0,11.400000000000034,4.88469109947644,528.0
L,300.2,311.6,1827,27.0,22,0,0,0,0,0,0,11.400000000000034,5.165340314136126,594.0
M,300.2,311.6,1533,46.4,24,0,0,0,0,0,0,11.400000000000034,7.448293193717277,1113.6
H,300.2,311.5,1515,36.8,27,0,0,0,0,0,0,11.300000000000011,5.837905759162303,993.5999999999999
L,300.2,311.4,1568,41.0,32,0,0,0,0,0,0,11.199999999999989,6.7317277486911,1312.0
L,300.2,311.4,1452,47.8,34,0,0,0,0,0,0,11.199999999999989,7.267602094240837,1625.1999999999998
L,300.2,311.4,1433,37.9,36,0,0,0,0,0,0,11.199999999999989,5.686984293193717,1364.3999999999999
M,300.1,311.3,1650,33.8,38,0,0,0,0,0,0,11.199999999999989,5.839790575916229,1284.3999999999999
L,300.1,311.4,1629,31.3,41,0,0,0,0,0,0,11.299999999999955,5.339026178010472,1283.3
L,300.0,311.3,1520,39.2,43,0,0,0,0,0,0,11.300000000000011,6.239162303664922,1685.6000000000001
H,300.0,311.2,1393,43.1,45,0,0,0,0,0,0,11.199999999999989,6.286732984293194,1939.5
H,299.9,311.2,1364,49.6,50,0,0,0,0,0,0,11.300000000000011,7.0842303664921475,2480.0
M,299.9,311.3,1389,50.0,55,0,0,0,0,0,0,11.400000000000034,7.272251308900524,2750.0
L,299.8,311.1,1466,46.1,58,0,0,0,0,0,0,11.300000000000011,7.076712041884817,2673.8
L,299.7,311.1,1650,32.4,60,0,0,0,0,0,0,11.400000000000034,5.597905759162304,1944.0
L,299.6,311.0,1554,36.3,62,0,0,0,0,0,0,11.399999999999977,5.90682722513089,2250.6
M,299.6,310.9,1474,39.7,64,0,0,0,0,0,0,11.299999999999955,6.127518324607331,2540.8
H,299.5,310.8,1600,32.4,67,0,0,0,0,0,0,11.300000000000011,5.428272251308901,2170.7999999999997
L,299.5,310.8,1356,54.9,72,0,0,0,0,0,0,11.300000000000011,7.795225130890052,3952.7999999999997
L,299.5,310.8,1571,38.2,74,0,0,0,0,0,0,11.300000000000011,6.284000000000001,2826.8
L,299.6,310.9,1658,28.0,76,0,0,0,0,0,0,11.299999999999955,4.861151832460733,2128.0
L,299.6,310.8,1393,49.9,78,0,0,0,0,0,0,11.199999999999989,7.278607329842932,3892.2
M,299.7,311.0,1448,49.8,80,0,0,0,0,0,0,11.300000000000011,7.55082722513089,3984.0
L,299.7,310.9,1477,40.4,83,0,0,0,0,0,0,11.199999999999989,6.248251308900523,3353.2
M,299.7,311.0,1506,42.7,85,0,0,0,0,0,0,11.300000000000011,6.733633507853404,3629.5000000000005
M,299.7,310.9,1685,32.1,88,0,0,0,0,0,0,11.199999999999989,5.663717277486911,2824.8
L,299.6,310.9,1533,31.8,91,0,0,0,0,0,0,11.299999999999955,5.104649214659686,2893.8
L,299.5,310.8,1447,41.0,93,0,0,0,0,0,0,11.300000000000011,6.212251308900523,3813.0
M,299.5,310.7,1488,39.5,95,0,0,0,0,0,0,11.199999999999989,6.154554973821989,3752.5
M,299.6,310.8,1427,50.4,98,0,0,0,0,0,0,11.199999999999989,7.530973821989529,4939.2
M,299.5,310.7,1424,41.3,101,0,0,0,0,0,0,11.199999999999989,6.158240837696335,4171.299999999999
L,299.5,310.7,1472,40.9,104,0,0,0,0,0,0,11.199999999999989,6.304167539267016,4253.599999999999
L,299.5,310.7,1438,45.7,106,0,0,0,0,0,0,11.199999999999989,6.881319371727749,4844.200000000001
L,299.6,310.8,1507,42.4,108,0,0,0,0,0,0,11.199999999999989,6.690764397905759,4579.2
L,299.6,310.7,1393,52.1,110,0,0,0,0,0,0,11.099999999999966,7.599507853403142,5731.0
L,299.5,310.8,1283,52.4,112,0,0,0,0,0,0,11.300000000000011,7.039706806282722,5868.8
L,299.6,310.8,1644,30.9,114,0,0,0,0,0,0,11.199999999999989,5.319329842931937,3522.6
L,299.6,310.8,1498,46.9,116,0,0,0,0,0,0,11.199999999999989,7.356670157068063,5440.4
L,299.6,310.8,1400,40.8,118,0,0,0,0,0,0,11.199999999999989,5.981151832460732,4814.4
H,299.6,310.9,1679,31.2,120,0,0,0,0,0,0,11.299999999999955,5.485319371727749,3744.0
M,299.7,311.1,1618,30.3,125,0,0,0,0,0,0,11.400000000000034,5.133549738219895,3787.5
H,299.6,311.0,1714,30.2,128,0,0,0,0,0,0,11.399999999999977,5.4201884816753925,3865.6
L,299.6,311.0,1574,35.0,133,0,0,0,0,0,0,11.399999999999977,5.768586387434555,4655.0
L,299.7,311.1,1574,36.4,135,0,0,0,0,0,0,11.400000000000034,5.999329842931937,4914.0
L,299.6,310.9,1472,40.9,137,0,0,0,0,0,0,11.299999999999955,6.304167539267016,5603.3
L,299.6,311.0,1552,33.2,139,0,0,0,0,0,0,11.399999999999977,5.395434554973822,4614.8
L,299.7,311.1,1603,31.4,141,0,0,0,0,0,0,11.400000000000034,5.2705968586387435,4427.4
H,299.7,311.1,1353,47.1,143,0,0,0,0,0,0,11.400000000000034,6.672910994764398,6735.3
L,299.7,311.1,1690,30.6,148,0,0,0,0,0,0,11.400000000000034,5.415078534031414,4528.8
M,299.8,311.2,1745,26.3,150,0,0,0,0,0,0,11.399999999999977,4.805602094240838,3945.0
L,299.9,311.3,1522,45.7,153,0,0,0,0,0,0,11.400000000000034,7.283287958115184,6992.1
H,300.0,311.4,1641,34.5,155,0,0,0,0,0,0,11.399999999999977,5.928219895287958,5347.5
L,299.9,311.4,1596,28.9,160,0,0,0,0,0,0,11.5,4.829780104712041,4624.0
H,299.9,311.4,1497,37.0,162,0,0,0,0,0,0,11.5,5.799895287958115,5994.0
L,299.9,311.3,1371,52.3,167,0,0,0,0,0,0,11.400000000000034,7.508198952879582,8734.1
M,299.9,311.3,1445,41.2,169,0,0,0,0,0,0,11.400000000000034,6.233926701570681,6962.8
L,299.8,311.2,1564,40.0,172,0,0,0,0,0,0,11.399999999999977,6.550785340314136,6880.0
L,299.7,311.1,1439,44.9,174,0,0,0,0,0,0,11.400000000000034,6.765560209424083,7812.599999999999
L,299.7,311.2,1352,52.1,176,0,0,0,0,0,0,11.5,7.375832460732984,9169.6
L,299.8,311.3,1560,35.4,178,0,0,0,0,0,0,11.5,5.78261780104712,6301.2
M,299.7,311.2,1616,42.3,180,0,0,0,0,0,0,11.5,7.157780104712041,7613.999999999999
L,299.7,311.2,1835,23.7,183,0,0,0,0,0,0,11.5,4.553874345549739,4337.099999999999
M,299.7,311.1,1649,32.7,185,0,0,0,0,0,0,11.400000000000034,5.646314136125655,6049.500000000001
L,299.8,311.1,1452,47.3,188,0,0,0,0,0,0,11.300000000000011,7.19158115183246,8892.4
L,299.8,311.1,2144,17.7,190,0,0,0,0,0,0,11.300000000000011,3.9736963350785337,3363.0
L,299.7,311.1,1554,41.0,192,0,0,0,0,0,0,11.400000000000034,6.671623036649215,7872.0
L,299.7,311.0,1827,25.4,194,0,0,0,0,0,0,11.300000000000011,4.859246073298429,4927.599999999999
L,299.6,310.9,1448,46.3,196,0,0,0,0,0,0,11.299999999999955,7.0201465968586385,9074.8
M,299.6,310.9,1530,38.8,198,0,0,0,0,0,0,11.299999999999955,6.216125654450261,7682.4
L,299.7,311.0,1983,21.0,201,0,0,0,0,0,0,11.300000000000011,4.360523560209424,4221.0
M,299.7,310.9,1620,37.2,203,0,0,0,0,0,0,11.199999999999989,6.310366492146597,7551.6
M,299.6,310.9,1630,29.8,206,0,0,0,0,0,0,11.299999999999955,5.086282722513089,6138.8
L,299.6,310.9,1229,65.2,209,1,0,0,0,1,0,11.299999999999955,8.390659685863875,13626.800000000001
L,299.5,310.8,1873,22.3,211,0,0,0,0,0,0,11.300000000000011,4.373602094240838,4705.3
L,299.4,310.7,1426,45.7,213,0,0,0,0,0,0,11.300000000000011,6.823895287958115,9734.1
L,299.4,310.8,1376,53.9,215,1,0,0,0,1,0,11.400000000000034,7.766115183246073,11588.5
L,299.4,310.8,1622,33.6,217,0,0,0,0,0,0,11.400000000000034,5.706722513089006,7291.200000000001
M,299.4,310.7,1492,45.7,219,0,0,0,0,0,0,11.300000000000011,7.139727748691101,10008.300000000001
M,299.3,310.7,1374,48.9,222,0,0,0,0,0,0,11.399999999999977,7.035455497382198,10855.8
L,299.2,310.7,1737,27.0,225,1,1,0,0,0,0,11.5,4.910890052356021,6075.0
L,299.3,310.8,1426,42.4,0,0,0,0,0,0,0,11.5,6.331141361256544,0.0
M,299.3,310.9,1826,25.1,2,0,0,0,0,0,0,11.599999999999966,4.799225130890053,50.2
L,299.3,310.9,1669,32.4,5,0,0,0,0,0,0,11.599999999999966,5.662366492146597,162.0
M,299.4,310.9,1473,40.1,7,0,0,0,0,0,0,11.5,6.185057591623037,280.7
L,299.4,310.9,1751,27.8,10,0,0,0,0,0,0,11.5,5.0971518324607334,278.0
M,299.4,310.9,1446,47.3,12,0,0,0,0,0,0,11.5,7.16186387434555,567.5999999999999
L,299.3,310.8,1483,43.5,15,0,0,0,0,0,0,11.5,6.755026178010471,652.5
L,299.2,310.7,1535,42.6,17,0,0,0,0,0,0,11.5,6.8472251308900525,724.2
L,299.2,310.7,1477,44.0,19,0,0,0,0,0,0,11.5,6.805026178010471,836.0
L,299.3,310.8,1391,46.9,21,0,0,0,0,0,0,11.5,6.831193717277487,984.9
H,299.2,310.7,1636,29.4,23,0,0,0,0,0,0,11.5,5.036481675392669,676.1999999999999
L,299.2,310.6,1675,33.3,28,0,0,0,0,0,0,11.400000000000034,5.840575916230366,932.3999999999999
H,299.2,310.5,1329,48.9,30,0,0,0,0,0,0,11.300000000000011,6.805036649214659,1467.0
M,299.2,310.5,1548,33.5,35,0,0,0,0,0,0,11.300000000000011,5.430157068062827,1172.5
L,299.2,310.5,1391,45.8,38,0,0,0,0,0,0,11.300000000000011,6.670973821989528,1740.3999999999999
L,299.1,310.5,1437,43.1,40,0,0,0,0,0,0,11.399999999999977,6.4853089005235605,1724.0
L,299.2,310.6,1370,61.9,42,0,0,0,0,0,0,11.400000000000034,8.879895287958115,2599.7999999999997
L,299.1,310.6,1577,37.1,44,0,0,0,0,0,0,11.5,6.126356020942409,1632.4
L,299.1,310.5,1485,37.8,46,0,0,0,0,0,0,11.399999999999977,5.8778010471204185,1738.8
L,299.0,310.4,1504,34.3,48,0,0,0,0,0,0,11.399999999999977,5.4018010471204185,1646.3999999999999
M,298.9,310.3,1551,35.2,50,0,0,0,0,0,0,11.400000000000034,5.7167748691099485,1760.0000000000002
M,299.1,310.5,1428,43.0,53,0,0,0,0,0,0,11.399999999999977,6.429738219895288,2279.0
L,299.0,310.5,1755,27.9,56,0,0,0,0,0,0,11.5,5.12717277486911,1562.3999999999999
L,299.1,310.5,1329,54.9,58,0,0,0,0,0,0,11.399999999999977,7.640010471204188,3184.2
L,299.1,310.5,1496,35.2,60,0,0,0,0,0,0,11.399999999999977,5.514052356020943,2112.0
L,299.1,310.5,1532,36.6,62,0,0,0,0,0,0,11.399999999999977,5.871329842931938,2269.2000000000003
L,299.1,310.5,1389,61.4,64,0,0,0,0,0,0,11.399999999999977,8.930324607329842,3929.6
M,299.1,310.4,1524,51.4,66,0,0,0,0,0,0,11.299999999999955,8.20247120418848,3392.4
M,299.1,310.4,1422,49.3,69,0,0,0,0,0,0,11.299999999999955,7.340795811518324,3401.7
L,299.1,310.5,1739,27.4,72,0,0,0,0,0,0,11.399999999999977,4.989382198952879,1972.8
L,299.1,310.5,1736,26.9,74,0,0,0,0,0,0,11.399999999999977,4.889884816753926,1990.6
L,299.1,310.5,1419,48.8,76,0,0,0,0,0,0,11.399999999999977,7.251015706806283,3708.7999999999997
L,299.1,310.6,1326,49.7,78,0,0,0,0,0,0,11.5,6.9007539267015705,3876.6000000000004
M,299.1,310.6,1449,43.2,80,0,0,0,0,0,0,11.5,6.554638743455498,3456.0
L,299.2,310.6,1534,39.7,83,0,0,0,0,0,0,11.400000000000034,6.376942408376964,3295.1000000000004
M,299.2,310.6,1443,50.9,85,0,0,0,0,0,0,11.400000000000034,7.69096335078534,4326.5
L,299.2,310.6,1498,41.1,88,0,0,0,0,0,0,11.400000000000034,6.4468900523560215,3616.8
L,299.1,310.6,1796,26.0,90,0,0,0,0,0,0,11.5,4.889633507853403,2340.0
L,299.1,310.4,1519,45.3,92,0,0,0,0,0,0,11.299999999999955,7.20530890052356,4167.599999999999
L,299.0,310.4,1339,49.6,94,0,0,0,0,0,0,11.399999999999977,6.954387434554975,4662.400000000001
L,299.0,310.4,1483,41.5,96,0,0,0,0,0,0,11.399999999999977,6.444450261780105,3984.0
M,298.9,310.2,2099,20.0,98,0,0,0,0,0,0,11.300000000000011,4.395811518324607,1960.0
M,299.0,310.3,1689,29.7,101,0,0,0,0,0,0,11.300000000000011,5.252701570680628,2999.7
H,299.1,310.4,1369,54.5,104,0,0,0,0,0,0,11.299999999999955,7.812617801047121,5668.0
L,299.0,310.4,1512,38.8,109,0,0,0,0,0,0,11.399999999999977,6.142994764397906,4229.2
M,299.0,310.3,1303,68.6,111,1,0,0,1,0,0,11.300000000000011,9.359769633507852,7614.599999999999
L,299.0,310.3,1552,39.9,114,0,0,0,0,0,0,11.300000000000011,6.4842722513089,4548.599999999999
L,299.0,310.4,1713,28.0,116,0,0,0,0,0,0,11.399999999999977,5.022408376963351,3248.0
L,298.9,310.3,1456,44.1,118,0,0,0,0,0,0,11.400000000000034,6.72351832460733,5203.8
L,299.0,310.4,1524,39.8,120,0,0,0,0,0,0,11.399999999999977,6.3513298429319365,4776.0
M,299.0,310.4,1394,45.2,122,0,0,0,0,0,0,11.399999999999977,6.597780104712042,5514.400000000001
L,299.0,310.4,1981,21.2,125,0,0,0,0,0,0,11.399999999999977,4.3976125654450255,2650.0
L,299.0,310.4,1565,36.1,127,0,0,0,0,0,0,11.399999999999977,5.91586387434555,4584.7
L,299.1,310.4,1657,31.0,129,0,0,0,0,0,0,11.299999999999955,5.378743455497382,3999.0
M,299.0,310.4,1625,37.1,131,0,0,0,0,0,0,11.399999999999977,6.31282722513089,4860.1
L,299.0,310.4,1606,31.1,134,0,0,0,0,0,0,11.399999999999977,5.2300104712041895,4167.400000000001
H,299.0,310.5,1336,56.8,136,0,0,0,0,0,0,11.5,7.946052356020942,7724.799999999999
M,299.0,310.6,1587,34.2,141,0,0,0,0,0,0,11.600000000000023,5.683287958115184,4822.200000000001
L,299.1,310.6,1602,39.7,144,0,0,0,0,0,0,11.5,6.659623036649215,5716.8
L,299.1,310.5,1471,38.4,146,0,0,0,0,0,0,11.399999999999977,5.914806282722513,5606.4
H,299.1,310.6,1332,48.0,148,0,0,0,0,0,0,11.5,6.694869109947644,7104.0
H,299.2,310.6,1434,48.4,153,0,0,0,0,0,0,11.400000000000034,7.267602094240837,7405.2
L,299.1,310.6,1921,23.9,158,0,0,0,0,0,0,11.5,4.807528795811518,3776.2
H,299.2,310.6,1704,30.6,160,0,0,0,0,0,0,11.400000000000034,5.459937172774869,4896.0
M,299.1,310.6,1397,49.5,165,0,0,0,0,0,0,11.5,7.240994764397906,8167.5
H,299.1,310.6,1791,28.0,168,0,0,0,0,0,0,11.5,5.251099476439791,4704.0
L,299.1,310.6,1818,24.1,173,0,0,0,0,0,0,11.5,4.587832460732985,4169.3
L,299.2,310.7,1540,36.3,175,0,0,0,0,0,0,11.5,5.853612565445025,6352.499999999999
M,299.2,310.8,1502,39.8,177,0,0,0,0,0,0,11.600000000000023,6.259643979057591,7044.599999999999
H,299.2,310.8,1761,30.4,180,0,0,0,0,0,0,11.600000000000023,5.605696335078534,5472.0
M,299.1,310.8,1517,38.4,185,0,0,0,0,0,0,11.699999999999989,6.099769633507853,7104.0
L,299.1,310.7,1309,51.1,188,0,0,0,0,0,0,11.599999999999966,7.004178010471205,9606.800000000001
L,298.9,310.6,1363,52.6,190,0,0,0,0,0,0,11.700000000000045,7.507204188481675,9994.0
M,299.0,310.6,1787,22.2,192,0,0,0,0,0,0,11.600000000000023,4.15407329842932,4262.4
L,298.9,310.5,1640,29.2,195,0,0,0,0,0,0,11.600000000000023,5.014450261780104,5694.0
M,298.9,310.6,1720,25.3,197,0,0,0,0,0,0,11.700000000000045,4.556649214659686,4984.1
L,298.8,310.5,1384,52.8,200,0,0,0,0,0,0,11.699999999999989,7.651853403141361,10560.0
H,298.8,310.5,1294,55.8,202,0,0,0,0,0,0,11.699999999999989,7.560753926701571,11271.599999999999
L,298.8,310.5,1464,46.4,207,0,0,0,0,0,0,11.699999999999989,7.113047120418847,9604.8
L,298.8,310.6,1803,25.4,209,0,0,0,0,0,0,11.800000000000011,4.7954136125654445,5308.599999999999
L,298.8,310.6,1602,39.1,211,0,0,0,0,0,0,11.800000000000011,6.558973821989529,8250.1
H,298.9,310.6,1519,38.8,213,0,0,0,0,0,0,11.700000000000045,6.171434554973822,8264.4
M,298.9,310.7,1638,33.6,218,0,0,0,0,0,0,11.800000000000011,5.763015706806283,7324.8
H,298.9,310.6,1615,33.0,221,0,0,0,0,0,0,11.700000000000045,5.5806282722513085,7293.0
L,298.8,310.6,1651,33.3,0,0,0,0,0,0,0,11.800000000000011,5.75689005235602,0.0
L,298.9,310.6,1387,52.7,2,0,0,0,0,0,0,11.700000000000045,7.653916230366493,105.4
M,298.8,310.5,1678,32.8,4,0,0,0,0,0,0,11.699999999999989,5.7631832460732975,131.2
L,298.9,310.6,1585,38.1,7,0,0,0,0,0,0,11.700000000000045,6.323403141361257,266.7
M,298.8,310.6,1640,33.8,9,0,0,0,0,0,0,11.800000000000011,5.804397905759162,304.2
L,298.9,310.6,1406,43.8,12,0,0,0,0,0,0,11.700000000000045,6.448460732984293,525.5999999999999
M,298.9,310.6,1679,35.8,14,0,0,0,0,0,0,11.700000000000045,6.294052356020942,501.19999999999993
L,298.9,310.5,1717,26.9,17,0,0,0,0,0,0,11.600000000000023,4.836366492146596,457.29999999999995
H,298.9,310.5,1429,39.9,19,0,0,0,0,0,0,11.600000000000023,5.970376963350785,758.1
M,298.9,310.4,1533,44.4,24,0,0,0,0,0,0,11.5,7.127246073298429,1065.6
M,298.9,310.5,1525,38.5,27,0,0,0,0,0,0,11.600000000000023,6.147905759162303,1039.5
L,298.9,310.4,1739,26.3,30,0,0,0,0,0,0,11.5,4.789078534031414,789.0
L,298.9,310.3,1436,39.0,32,0,0,0,0,0,0,11.400000000000034,5.864293193717278,1248.0
M,298.8,310.2,1595,33.1,34,0,0,0,0,0,0,11.399999999999977,5.528219895287958,1125.4
H,298.7,310.1,1435,45.6,37,0,0,0,0,0,0,11.400000000000034,6.8519371727748695,1687.2
L,298.7,310.0,1637,31.8,42,0,0,0,0,0,0,11.300000000000011,5.450952879581152,1335.6000000000001
L,298.7,310.1,1558,37.6,44,0,0,0,0,0,0,11.400000000000034,6.134115183246074,1654.4
M,298.7,310.1,1644,34.1,46,0,0,0,0,0,0,11.400000000000034,5.870198952879582,1568.6000000000001
L,298.7,310.1,1641,31.1,49,0,0,0,0,0,0,11.400000000000034,5.343989528795812,1523.9
L,298.8,310.2,1504,41.0,51,0,0,0,0,0,0,11.399999999999977,6.45696335078534,2091.0
M,298.7,310.1,1506,50.7,53,0,0,0,0,0,0,11.400000000000034,7.995204188481675,2687.1000000000004
H,298.8,310.1,1380,44.0,56,0,0,0,0,0,0,11.300000000000011,6.358115183246073,2464.0
M,298.7,310.1,1549,42.5,61,0,0,0,0,0,0,11.400000000000034,6.893455497382199,2592.5
M,298.7,310.1,1402,69.7,64,1,0,0,1,0,0,11.400000000000034,10.232397905759163,4460.8
L,298.7,310.1,1401,45.3,67,0,0,0,0,0,0,11.400000000000034,6.64558115183246,3035.1
M,298.7,310.0,1459,40.2,69,0,0,0,0,0,0,11.300000000000011,6.141549738219895,2773.8
L,298.7,309.9,1465,39.7,72,0,0,0,0,0,0,11.199999999999989,6.090104712041885,2858.4
M,298.8,310.0,1295,52.7,74,0,0,0,0,0,0,11.199999999999989,7.146230366492147,3899.8
M,298.8,310.0,1529,38.5,77,0,0,0,0,0,0,11.199999999999989,6.164031413612565,2964.5
M,298.8,310.0,1484,44.9,80,0,0,0,0,0,0,11.199999999999989,6.977130890052355,3592.0
L,298.8,309.9,1739,30.6,83,0,0,0,0,0,0,11.099999999999966,5.572083769633508,2539.8
H,298.7,309.8,1422,40.7,85,0,0,0,0,0,0,11.100000000000023,6.060251308900524,3459.5000000000005
L,298.8,309.8,1463,40.0,90,0,0,0,0,0,0,11.0,6.127748691099477,3600.0
L,298.7,309.7,1667,30.4,92,0,0,0,0,0,0,11.0,5.306471204188481,2796.7999999999997
H,298.7,309.7,1565,39.3,94,0,0,0,0,0,0,11.0,6.440261780104711,3694.2
L,298.7,309.7,1393,45.7,99,0,0,0,0,0,0,11.0,6.665979057591624,4524.3
M,298.8,309.7,1453,47.7,101,0,0,0,0,0,0,10.899999999999977,7.257392670157069,4817.700000000001
L,298.8,309.6,1442,50.0,104,0,0,0,0,0,0,10.800000000000011,7.549738219895288,5200.0
L,298.7,309.6,1364,44.9,106,0,0,0,0,0,0,10.900000000000034,6.4129424083769635,4759.4
H,298.7,309.5,1453,40.4,108,0,0,0,0,0,0,10.800000000000011,6.146722513089005,4363.2
M,298.7,309.5,1394,46.0,113,0,0,0,0,0,0,10.800000000000011,6.71455497382199,5198.0
M,298.7,309.5,1500,38.8,116,0,0,0,0,0,0,10.800000000000011,6.094240837696335,4500.799999999999
H,298.6,309.5,1523,34.2,119,0,0,0,0,0,0,10.899999999999977,5.454094240837697,4069.8
M,298.7,309.6,1254,57.1,124,0,0,0,0,0,0,10.900000000000034,7.497738219895289,7080.400000000001
L,298.6,309.5,1325,52.2,127,0,0,0,0,0,0,10.899999999999977,7.2424083769633505,6629.400000000001
L,298.8,309.7,1424,49.6,129,0,0,0,0,0,0,10.899999999999977,7.395853403141362,6398.400000000001
L,298.8,309.7,1505,39.0,131,0,0,0,0,0,0,10.899999999999977,6.146073298429319,5109.0
M,298.8,309.7,1392,48.7,133,0,0,0,0,0,0,10.899999999999977,7.098471204188483,6477.1
L,298.8,309.7,1529,44.0,136,0,0,0,0,0,0,10.899999999999977,7.044607329842932,5984.0
M,298.8,309.7,1477,48.5,138,0,0,0,0,0,0,10.899999999999977,7.500994764397905,6693.0
M,298.8,309.7,1459,47.3,141,0,0,0,0,0,0,10.899999999999977,7.226251308900523,6669.299999999999
M,299.0,309.8,2240,15.9,144,0,0,0,0,0,0,10.800000000000011,3.7294240837696333,2289.6
L,298.9,309.7,1449,48.8,147,0,0,0,0,0,0,10.800000000000011,7.404314136125654,7173.599999999999
M,298.8,309.7,1589,35.3,149,0,0,0,0,0,0,10.899999999999977,5.873476439790576,5259.7
L,298.8,309.7,1740,28.5,152,0,0,0,0,0,0,10.899999999999977,5.192670157068063,4332.0
M,298.8,309.7,1499,40.3,154,0,0,0,0,0,0,10.899999999999977,6.3256230366492145,6206.2
M,298.8,309.7,1480,38.1,157,0,0,0,0,0,0,10.899999999999977,5.904502617801047,5981.7
L,298.8,309.7,1751,29.6,160,0,0,0,0,0,0,10.899999999999977,5.427183246073299,4736.0
L,298.7,309.7,1510,40.6,162,0,0,0,0,0,0,11.0,6.419476439790576,6577.2
H,298.8,309.8,1437,48.2,164,0,0,0,0,0,0,11.0,7.252712041884818,7904.8
L,298.8,309.7,1609,40.4,169,0,0,0,0,0,0,10.899999999999977,6.806659685863874,6827.599999999999
H,298.8,309.8,1490,35.9,171,0,0,0,0,0,0,11.0,5.601151832460733,6138.9
L,298.7,309.7,1601,35.7,176,0,0,0,0,0,0,11.0,5.984890052356022,6283.200000000001
L,298.7,309.6,1665,31.1,178,0,0,0,0,0,0,10.900000000000034,5.422146596858639,5535.8
M,298.7,309.6,1452,42.7,180,0,0,0,0,0,0,10.900000000000034,6.4921884816753925,7686.000000000001
M,298.7,309.5,1487,33.6,183,0,0,0,0,0,0,10.800000000000011,5.231748691099477,6148.8
M,298.7,309.6,1382,48.1,186,0,0,0,0,0,0,10.900000000000034,6.960649214659686,8946.6
M,298.7,309.6,1686,26.2,189,0,0,0,0,0,0,10.900000000000034,4.625465968586387,4951.8
L,298.6,309.6,1491,36.9,192,0,0,0,0,0,0,11.0,5.76103664921466,7084.799999999999
L,298.7,309.6,1442,55.6,194,0,0,0,0,0,0,10.900000000000034,8.39530890052356,10786.4
L,298.6,309.6,1390,50.3,196,0,0,0,0,0,0,11.0,7.321151832460733,9858.8
L,298.7,309.6,1502,46.7,198,0,0,0,0,0,0,10.900000000000034,7.344858638743457,9246.6
M,298.6,309.6,1344,59.4,200,0,0,0,0,0,0,11.0,8.359539267015705,11880.0
L,298.5,309.5,1385,46.3,203,1,1,0,0,0,0,11.0,6.714712041884816,9398.9
L,298.7,309.7,1547,37.4,0,0,0,0,0,0,0,11.0,6.05840837696335,0.0
M,298.6,309.6,1525,42.4,2,0,0,0,0,0,0,11.0,6.770680628272252,84.8
L,298.6,309.6,1540,35.8,5,0,0,0,0,0,0,11.0,5.7729842931937165,179.0
L,298.6,309.5,1450,44.3,7,0,0,0,0,0,0,10.899999999999977,6.7261780104712035,310.09999999999997
L,298.6,309.6,1353,62.5,9,0,0,0,0,0,0,11.0,8.854712041884817,562.5
L,298.8,309.7,1582,45.0,11,0,0,0,0,0,0,10.899999999999977,7.454450261780105,495.0
L,298.9,309.8,1396,49.0,13,0,0,0,0,0,0,10.900000000000034,7.1627225130890055,637.0
M,298.8,309.8,1551,36.6,15,0,0,0,0,0,0,11.0,5.94414659685864,549.0
M,298.9,309.8,1836,22.8,18,0,0,0,0,0,0,10.900000000000034,4.383329842931937,410.40000000000003
L,298.9,309.8,1390,49.9,21,0,0,0,0,0,0,10.900000000000034,7.262931937172775,1047.8999999999999
L,298.9,309.8,1534,42.1,23,0,0,0,0,0,0,10.900000000000034,6.7624502617801046,968.3000000000001
L,298.8,309.7,1953,20.6,25,0,0,0,0,0,0,10.899999999999977,4.212753926701571,515.0
L,298.8,309.8,1634,33.6,27,0,0,0,0,0,0,11.0,5.748942408376964,907.2
L,298.7,309.7,1881,21.7,29,0,0,0,0,0,0,11.0,4.2741047120418845,629.3
M,298.8,309.7,1448,44.8,31,0,0,0,0,0,0,10.899999999999977,6.792712041884816,1388.8
M,298.7,309.7,1362,50.5,34,0,0,0,0,0,0,11.0,7.202198952879582,1717.0
L,298.8,309.7,1225,63.4,37,0,0,0,0,0,0,10.899999999999977,8.132460732984294,2345.7999999999997
M,298.8,309.6,1384,48.2,39,0,0,0,0,0,0,10.800000000000011,6.985214659685864,1879.8000000000002
L,298.8,309.8,1334,49.3,42,0,0,0,0,0,0,11.0,6.886513089005235,2070.6
L,298.8,309.7,1336,50.3,44,0,0,0,0,0,0,10.899999999999977,7.036732984293194,2213.2
M,298.8,309.9,1331,61.6,46,0,0,0,0,0,0,11.099999999999966,8.585298429319373,2833.6
L,298.8,309.9,1629,31.9,49,0,0,0,0,0,0,11.099999999999966,5.441371727748691,1563.1
L,298.9,310.0,1776,25.7,51,0,0,0,0,0,0,11.100000000000023,4.779392670157068,1310.7
H,298.8,310.0,1530,38.3,53,0,0,0,0,0,0,11.199999999999989,6.1360209424083765,2029.8999999999999
L,298.9,310.0,1719,27.3,58,0,0,0,0,0,0,11.100000000000023,4.914000000000001,1583.4
M,298.8,309.9,1495,35.2,60,0,0,0,0,0,0,11.099999999999966,5.510366492146598,2112.0
L,298.8,309.7,1450,43.1,63,0,0,0,0,0,0,10.899999999999977,6.543979057591623,2715.3
H,298.8,309.8,1563,38.8,65,0,0,0,0,0,0,11.0,6.35019895287958,2522.0
M,298.9,309.9,1501,37.1,70,0,0,0,0,0,0,11.0,5.831109947643979,2597.0
L,298.8,309.9,1351,47.2,73,0,0,0,0,0,0,11.099999999999966,6.677193717277487,3445.6000000000004
L,298.9,309.9,1365,46.5,75,0,0,0,0,0,0,11.0,6.646335078534031,3487.5
L,298.8,309.9,1525,39.7,77,0,0,0,0,0,0,11.099999999999966,6.339528795811519,3056.9
M,298.8,309.8,1288,61.9,79,0,0,0,0,0,0,11.0,8.348397905759162,4890.099999999999
L,298.6,309.6,1423,42.7,82,0,0,0,0,0,0,11.0,6.362523560209425,3501.4
M,298.5,309.6,1502,39.4,84,0,0,0,0,0,0,11.100000000000023,6.1967329842931935,3309.6
L,298.5,309.5,1428,43.5,87,0,0,0,0,0,0,11.0,6.504502617801047,3784.5
M,298.6,309.5,1566,38.1,89,0,0,0,0,0,0,10.899999999999977,6.247602094240838,3390.9
M,298.5,309.5,1483,44.8,92,0,0,0,0,0,0,11.0,6.956900523560209,4121.599999999999
H,298.6,309.6,1593,33.3,95,0,0,0,0,0,0,11.0,5.554649214659685,3163.4999999999995
L,298.5,309.6,1724,26.4,100,0,0,0,0,0,0,11.100000000000023,4.765821989528796,2640.0
L,298.5,309.7,2617,12.1,102,1,0,0,1,0,0,11.199999999999989,3.315780104712042,1234.2
L,298.6,309.7,1294,59.4,104,0,0,0,0,0,0,11.099999999999966,8.0485445026178,6177.599999999999
L,298.6,309.6,1533,40.7,106,0,0,0,0,0,0,11.0,6.5333089005235605,4314.200000000001
H,298.5,309.4,1671,31.8,108,0,0,0,0,0,0,10.899999999999977,5.564167539267016,3434.4
L,298.5,309.5,1370,52.4,113,0,0,0,0,0,0,11.0,7.517068062827225,5921.2
L,298.5,309.6,1462,45.1,115,0,0,0,0,0,0,11.100000000000023,6.904314136125654,5186.5
L,298.4,309.5,1545,36.6,117,0,0,0,0,0,0,11.100000000000023,5.921151832460733,4282.2
M,298.4,309.5,1484,41.7,119,0,0,0,0,0,0,11.100000000000023,6.479874345549739,4962.3
M,298.4,309.5,1344,45.3,122,0,0,0,0,0,0,11.100000000000023,6.375204188481675,5526.599999999999
L,298.4,309.5,1357,50.1,125,0,0,0,0,0,0,11.100000000000023,7.118921465968586,6262.5
M,298.5,309.6,1572,33.0,127,0,0,0,0,0,0,11.100000000000023,5.432041884816754,4191.0
L,298.5,309.6,1861,26.9,130,0,0,0,0,0,0,11.100000000000023,5.241979057591623,3497.0
L,298.5,309.5,1548,44.5,132,0,0,0,0,0,0,11.0,7.213193717277487,5874.0
L,298.6,309.8,1496,37.7,134,0,0,0,0,0,0,11.199999999999989,5.905675392670157,5051.8
M,298.6,309.7,1314,49.7,136,0,0,0,0,0,0,11.099999999999966,6.838303664921466,6759.200000000001
M,298.6,309.7,1422,49.7,139,0,0,0,0,0,0,11.099999999999966,7.400356020942409,6908.3
L,298.6,309.8,1842,20.1,142,0,0,0,0,0,0,11.199999999999989,3.876879581151833,2854.2000000000003
M,298.7,309.9,1434,53.0,144,0,0,0,0,0,0,11.199999999999989,7.958324607329843,7632.0
M,298.8,310.1,1585,31.3,147,0,0,0,0,0,0,11.300000000000011,5.194816753926702,4601.1
H,298.8,310.1,1704,30.7,150,0,0,0,0,0,0,11.300000000000011,5.477780104712042,4605.0
L,298.9,310.2,1971,23.2,155,0,0,0,0,0,0,11.300000000000011,4.788188481675393,3596.0
L,299.0,310.3,1431,39.9,157,0,0,0,0,0,0,11.300000000000011,5.9787329842931936,6264.3
L,298.9,310.4,1546,37.7,159,0,0,0,0,0,0,11.5,6.103057591623037,5994.3
L,298.9,310.3,1496,36.3,161,0,0,0,0,0,0,11.400000000000034,5.686366492146597,5844.299999999999
H,298.9,310.3,1243,63.0,163,0,0,0,0,0,0,11.400000000000034,8.199895287958116,10269.0
L,299.0,310.4,1452,46.2,168,0,0,0,0,0,0,11.399999999999977,7.024335078534032,7761.6
L,299.1,310.6,1380,44.7,170,0,0,0,0,0,0,11.5,6.459267015706807,7599.000000000001
L,299.2,310.6,1567,38.4,172,0,0,0,0,0,0,11.400000000000034,6.300816753926701,6604.8
L,299.1,310.5,1628,35.9,174,0,0,0,0,0,0,11.399999999999977,6.119916230366492,6246.599999999999
L,299.1,310.4,1505,46.1,176,0,0,0,0,0,0,11.299999999999955,7.264973821989529,8113.6
M,299.0,310.3,1827,28.0,178,0,0,0,0,0,0,11.300000000000011,5.356649214659686,4984.0
L,299.0,310.3,1577,40.0,181,0,0,0,0,0,0,11.300000000000011,6.605235602094241,7240.0
L,298.9,310.2,1304,57.2,183,0,0,0,0,0,0,11.300000000000011,7.81034554973822,10467.6
H,298.9,310.1,1324,54.6,185,0,0,0,0,0,0,11.200000000000045,7.569675392670158,10101.0
L,298.8,310.0,1537,39.9,190,0,0,0,0,0,0,11.199999999999989,6.421602094240837,7581.0
M,298.8,310.1,1501,48.7,192,0,0,0,0,0,0,11.300000000000011,7.654314136125654,9350.400000000001
M,298.7,309.9,1654,29.1,195,0,0,0,0,0,0,11.199999999999989,5.039937172774869,5674.5
M,298.7,310.0,1519,38.1,198,0,0,0,0,0,0,11.300000000000011,6.060094240837697,7543.8
L,298.7,309.9,1371,51.3,201,0,0,0,0,0,0,11.199999999999989,7.364638743455497,10311.3
L,298.7,309.8,1181,65.9,203,1,0,0,0,1,0,11.100000000000023,8.14951832460733,13377.7
L,298.6,309.8,1469,42.8,205,0,0,0,0,0,0,11.199999999999989,6.58358115183246,8774.0
L,298.6,309.8,1637,34.6,207,0,0,0,0,0,0,11.199999999999989,5.930910994764399,7162.200000000001
L,298.6,309.8,1370,56.0,0,0,0,0,0,0,0,11.199999999999989,8.033507853403142,0.0
L,298.6,309.9,1630,30.6,2,0,0,0,0,0,0,11.299999999999955,5.2228272251308905,61.2
L,298.6,310.0,1517,39.0,4,0,0,0,0,0,0,11.399999999999977,6.195078534031413,156.0
M,298.6,309.9,1668,32.3,6,0,0,0,0,0,0,11.299999999999955,5.641507853403141,193.79999999999998
M,298.6,309.9,1818,24.9,9,0,0,0,0,0,0,11.299999999999955,4.740125654450262,224.1
M,298.6,310.0,1541,36.9,12,0,0,0,0,0,0,11.399999999999977,5.954230366492146,442.79999999999995
L,298.5,309.9,1482,42.1,15,0,0,0,0,0,0,11.399999999999977,6.533214659685864,631.5
L,298.6,310.1,1439,49.9,17,0,0,0,0,0,0,11.5,7.51896335078534,848.3
L,298.5,310.0,1492,41.2,19,0,0,0,0,0,0,11.5,6.43669109947644,782.8000000000001
L,298.4,309.9,1725,27.8,21,0,0,0,0,0,0,11.5,5.021465968586387,583.8000000000001
L,298.4,310.0,1559,44.2,23,0,0,0,0,0,0,11.600000000000023,7.215476439790576,1016.6
L,298.5,310.0,1435,42.5,25,0,0,0,0,0,0,11.5,6.386125654450262,1062.5
M,298.6,310.0,1512,37.5,27,0,0,0,0,0,0,11.399999999999977,5.93717277486911,1012.5
L,298.6,309.9,1564,37.1,30,0,0,0,0,0,0,11.299999999999955,6.075853403141362,1113.0
L,298.6,310.0,1522,40.3,32,0,0,0,0,0,0,11.399999999999977,6.422680628272251,1289.6
L,298.6,309.9,1356,59.5,34,0,0,0,0,0,0,11.299999999999955,8.448376963350785,2023.0
L,298.6,309.9,1556,38.6,36,0,0,0,0,0,0,11.299999999999955,6.289172774869111,1389.6000000000001
L,298.6,309.9,1393,45.5,38,0,0,0,0,0,0,11.299999999999955,6.636806282722513,1729.0
L,298.7,309.9,1753,26.8,40,0,0,0,0,0,0,11.199999999999989,4.919413612565445,1072.0
L,298.7,309.9,1651,29.5,42,0,0,0,0,0,0,11.199999999999989,5.099947643979058,1239.0
L,298.7,309.9,1372,54.7,44,0,0,0,0,0,0,11.199999999999989,7.858471204188483,2406.8
L,298.7,309.9,1446,43.3,46,0,0,0,0,0,0,11.199999999999989,6.556209424083769,1991.8
M,298.7,309.8,1501,44.7,48,0,0,0,0,0,0,11.100000000000023,7.025623036649215,2145.6000000000004
M,298.7,309.9,1411,45.1,51,0,0,0,0,0,0,11.199999999999989,6.6634659685863875,2300.1
H,298.6,309.7,1672,27.5,54,0,0,0,0,0,0,11.099999999999966,4.814659685863874,1485.0
M,298.7,309.8,1475,40.5,59,0,0,0,0,0,0,11.100000000000023,6.255235602094241,2389.5
L,298.7,309.8,1469,38.4,62,0,0,0,0,0,0,11.100000000000023,5.906764397905759,2380.7999999999997
L,298.6,309.8,1704,28.3,64,0,0,0,0,0,0,11.199999999999989,5.049549738219896,1811.2
H,298.6,309.7,1463,39.1,66,0,0,0,0,0,0,11.099999999999966,5.9898743455497385,2580.6
M,298.6,309.7,1280,64.1,71,0,0,0,0,0,0,11.099999999999966,8.591413612565445,4551.099999999999
L,298.7,309.9,1464,38.0,74,0,0,0,0,0,0,11.199999999999989,5.825340314136126,2812.0
L,298.6,309.8,1332,46.4,76,0,0,0,0,0,0,11.199999999999989,6.471706806282722,3526.4
L,298.5,309.7,1634,37.8,78,0,0,0,0,0,0,11.199999999999989,6.467560209424083,2948.3999999999996
M,298.6,309.8,1430,43.1,80,0,0,0,0,0,0,11.199999999999989,6.453717277486911,3448.0
M,298.5,309.7,1523,44.6,83,0,0,0,0,0,0,11.199999999999989,7.112649214659686,3701.8
M,298.5,309.7,1557,37.7,86,0,0,0,0,0,0,11.199999999999989,6.14648167539267,3242.2000000000003
L,298.5,309.6,1585,32.2,89,0,0,0,0,0,0,11.100000000000023,5.344188481675394,2865.8
H,298.5,309.6,1579,33.5,91,0,0,0,0,0,0,11.100000000000023,5.538900523560209,3048.5
M,298.5,309.7,1354,60.8,96,0,0,0,0,0,0,11.199999999999989,8.620230366492146,5836.799999999999
L,298.6,309.7,1627,33.4,99,0,0,0,0,0,0,11.099999999999966,5.690240837696335,3306.6
L,298.4,309.6,1477,35.6,101,0,0,0,0,0,0,11.200000000000045,5.505884816753928,3595.6000000000004
M,298.3,309.4,1595,29.0,103,0,0,0,0,0,0,11.099999999999966,4.843455497382199,2987.0
L,298.4,309.5,1520,38.1,106,0,0,0,0,0,0,11.100000000000023,6.064083769633508,4038.6000000000004
L,298.3,309.4,1618,31.5,108,0,0,0,0,0,0,11.099999999999966,5.336858638743456,3402.0
L,298.4,309.5,1397,50.3,110,0,0,0,0,0,0,11.100000000000023,7.358020942408376,5533.0
L,298.4,309.5,1450,47.9,112,0,0,0,0,0,0,11.100000000000023,7.272774869109948,5364.8
M,298.5,309.5,1501,40.2,114,0,0,0,0,0,0,11.0,6.31834554973822,4582.8
L,298.4,309.4,1392,50.1,117,0,0,0,0,0,0,11.0,7.302534031413613,5861.7
L,298.4,309.4,1385,43.2,119,0,0,0,0,0,0,11.0,6.265130890052356,5140.8
L,298.4,309.4,1461,46.3,121,0,0,0,0,0,0,11.0,7.0831727748691105,5602.299999999999
M,298.5,309.6,1364,58.7,123,0,0,0,0,0,0,11.100000000000023,8.383958115183246,7220.1
L,298.5,309.5,1579,38.6,126,0,0,0,0,0,0,11.0,6.38213612565445,4863.6
M,298.4,309.5,1514,38.8,128,0,0,0,0,0,0,11.100000000000023,6.151120418848167,4966.4
M,298.3,309.5,1560,36.9,131,0,0,0,0,0,0,11.199999999999989,6.027643979057592,4833.9
L,298.3,309.5,1542,36.7,134,0,0,0,0,0,0,11.199999999999989,5.925801047120419,4917.8
L,298.3,309.4,1668,27.1,136,0,0,0,0,0,0,11.099999999999966,4.733277486910995,3685.6000000000004
M,298.3,309.4,1816,22.6,138,0,0,0,0,0,0,11.099999999999966,4.297549738219896,3118.8
M,298.3,309.4,1509,34.2,141,0,0,0,0,0,0,11.099999999999966,5.403958115183246,4822.200000000001
L,298.4,309.6,1479,37.8,144,0,0,0,0,0,0,11.200000000000045,5.854052356020942,5443.2
L,298.4,309.6,1655,30.2,146,0,0,0,0,0,0,11.200000000000045,5.233612565445026,4409.2
L,298.3,309.5,1711,30.3,148,0,0,0,0,0,0,11.199999999999989,5.428617801047121,4484.400000000001
L,298.4,309.7,1581,34.6,150,0,0,0,0,0,0,11.300000000000011,5.728020942408378,5190.0
H,298.6,309.8,1279,55.9,152,0,0,0,0,0,0,11.199999999999989,7.4865026178010465,8496.8
L,298.5,309.8,1468,40.9,157,0,0,0,0,0,0,11.300000000000011,6.287036649214659,6421.3
L,298.4,309.7,1419,41.3,159,0,0,0,0,0,0,11.300000000000011,6.13661780104712,6566.7
L,298.4,309.7,1530,38.6,161,0,0,0,0,0,0,11.300000000000011,6.184083769633508,6214.6
L,298.4,309.6,1710,27.3,163,1,0,0,0,0,0,11.200000000000045,4.8882722513089005,4449.900000000001
L,298.4,309.7,1518,39.8,165,0,0,0,0,0,0,11.300000000000011,6.326324607329842,6566.999999999999
M,298.4,309.7,1679,33.3,167,0,0,0,0,0,0,11.300000000000011,5.854523560209424,5561.099999999999
M,298.4,309.7,1870,22.5,170,0,0,0,0,0,0,11.300000000000011,4.4057591623036645,3825.0
L,298.3,309.7,1484,44.3,173,0,0,0,0,0,0,11.399999999999977,6.883895287958115,7663.9
L,298.4,309.7,1457,44.2,175,0,0,0,0,0,0,11.300000000000011,6.743392670157069,7735.000000000001
H,298.3,309.6,1546,36.2,177,0,0,0,0,0,0,11.300000000000011,5.860230366492147,6407.400000000001
M,298.2,309.5,1478,36.5,182,0,0,0,0,0,0,11.300000000000011,5.64890052356021,6643.0
L,298.2,309.4,1447,47.1,185,0,0,0,0,0,0,11.199999999999989,7.136513089005235,8713.5
L,298.2,309.4,1443,45.4,187,0,0,0,0,0,0,11.199999999999989,6.859916230366492,8489.8
L,298.3,309.6,1527,30.9,189,0,0,0,0,0,0,11.300000000000011,4.940764397905759,5840.099999999999
M,298.3,309.6,1469,54.8,191,0,0,0,0,0,0,11.300000000000011,8.42944502617801,10466.8
M,298.3,309.6,1681,27.1,194,0,0,0,0,0,0,11.300000000000011,4.770167539267017,5257.400000000001
L,298.3,309.6,1420,44.1,197,0,0,0,0,0,0,11.300000000000011,6.557277486910995,8687.7
M,298.3,309.5,1543,49.9,199,0,0,0,0,0,0,11.199999999999989,8.062376963350784,9930.1
L,298.4,309.5,1376,50.4,202,0,0,0,0,0,0,11.100000000000023,7.261821989528795,10180.8
H,298.3,309.4,1631,29.8,0,0,0,0,0,0,0,11.099999999999966,5.089403141361257,0.0
H,298.3,309.3,1529,41.7,5,0,0,0,0,0,0,11.0,6.676366492146597,208.5
L,298.3,309.4,1468,46.2,10,0,0,0,0,0,0,11.099999999999966,7.101738219895289,462.0
L,298.3,309.4,1378,52.3,12,0,0,0,0,0,0,11.099999999999966,7.546534031413612,627.5999999999999
L,298.3,309.3,1401,51.9,14,0,0,0,0,0,0,11.0,7.6138115183246065,726.6
L,298.4,309.3,1531,37.4,16,0,0,0,0,0,0,10.900000000000034,5.995748691099476,598.4
L,298.4,309.3,1512,35.8,18,0,0,0,0,0,0,10.900000000000034,5.6680209424083765,644.4
M,298.5,309.4,1522,47.4,20,0,0,0,0,0,0,10.899999999999977,7.554219895287958,948.0
M,298.5,309.3,1615,31.8,23,0,0,0,0,0,0,10.800000000000011,5.377696335078534,731.4
L,298.6,309.3,1449,46.5,26,0,0,0,0,0,0,10.699999999999989,7.055340314136125,1209.0
L,298.6,309.4,1315,55.5,28,0,0,0,0,0,0,10.799999999999955,7.642146596858638,1554.0
M,298.6,309.4,1465,41.1,30,0,0,0,0,0,0,10.799999999999955,6.304869109947644,1233.0
M,298.6,309.5,1404,43.3,33,0,0,0,0,0,0,10.899999999999977,6.365780104712042,1428.8999999999999
L,298.6,309.5,1547,44.8,36,0,0,0,0,0,0,10.899999999999977,7.2571308900523555,1612.8
M,298.6,309.5,1426,45.4,38,0,0,0,0,0,0,10.899999999999977,6.779099476439791,1725.2
L,298.6,309.5,1730,30.2,41,0,0,0,0,0,0,10.899999999999977,5.470785340314136,1238.2
L,298.5,309.4,1548,37.7,43,0,0,0,0,0,0,10.899999999999977,6.110952879581152,1621.1000000000001
L,298.5,309.4,1517,40.2,45,0,0,0,0,0,0,10.899999999999977,6.385696335078534,1809.0000000000002
L,298.6,309.5,1687,29.3,47,0,0,0,0,0,0,10.899999999999977,5.175821989528796,1377.1000000000001
L,298.5,309.5,1738,25.2,49,0,0,0,0,0,0,11.0,4.58613612565445,1234.8
H,298.4,309.4,1512,35.3,51,0,0,0,0,0,0,11.0,5.588858638743456,1800.3
M,298.5,309.4,1365,48.7,56,0,0,0,0,0,0,10.899999999999977,6.960785340314136,2727.2000000000003
H,298.5,309.4,2011,21.0,59,0,0,0,0,0,0,10.899999999999977,4.422094240837696,1239.0
L,298.4,309.3,1806,27.6,64,0,0,0,0,0,0,10.900000000000034,5.219434554973823,1766.4
L,298.4,309.3,1716,28.4,66,0,0,0,0,0,0,10.900000000000034,5.103078534031413,1874.3999999999999
M,298.4,309.4,1666,24.3,68,0,0,0,0,0,0,11.0,4.239141361256545,1652.4
L,298.5,309.4,1578,36.3,71,0,0,0,0,0,0,10.899999999999977,5.998052356020942,2577.2999999999997
L,298.3,309.3,1558,37.2,73,0,0,0,0,0,0,11.0,6.068858638743456,2715.6000000000004
L,298.3,309.2,1456,45.5,75,0,0,0,0,0,0,10.899999999999977,6.93696335078534,3412.5
M,298.2,309.1,1457,49.0,77,0,0,0,0,0,0,10.900000000000034,7.475706806282722,3773.0
L,298.2,309.1,1467,44.5,80,0,0,0,0,0,0,10.900000000000034,6.835759162303665,3560.0
M,298.1,309.0,1661,38.2,82,0,0,0,0,0,0,10.899999999999977,6.644,3132.4
L,298.1,309.0,1592,33.9,85,0,0,0,0,0,0,10.899999999999977,5.651183246073298,2881.5
L,298.2,309.0,1596,37.2,87,0,0,0,0,0,0,10.800000000000011,6.216879581151833,3236.4
L,298.2,309.0,1489,40.6,89,0,0,0,0,0,0,10.800000000000011,6.330198952879582,3613.4
L,298.3,309.0,1471,48.3,91,0,0,0,0,0,0,10.699999999999989,7.439717277486912,4395.3
M,298.3,309.0,1505,41.3,93,0,0,0,0,0,0,10.699999999999989,6.508534031413612,3840.8999999999996
L,298.3,309.0,1519,40.0,96,0,0,0,0,0,0,10.699999999999989,6.362303664921466,3840.0
L,298.3,309.0,1408,45.4,98,0,0,0,0,0,0,10.699999999999989,6.693528795811518,4449.2
L,298.2,308.9,1332,44.4,100,0,0,0,0,0,0,10.699999999999989,6.19275392670157,4440.0
L,298.1,308.9,1351,52.4,102,0,0,0,0,0,0,10.799999999999955,7.412816753926701,5344.8
L,298.0,308.9,1500,36.7,104,0,0,0,0,0,0,10.899999999999977,5.764397905759163,3816.8
M,298.0,308.7,1614,30.7,106,0,0,0,0,0,0,10.699999999999989,5.188460732984293,3254.2
L,298.0,308.8,1489,36.5,109,0,0,0,0,0,0,10.800000000000011,5.690942408376963,3978.5
M,297.9,308.7,1751,26.6,111,0,0,0,0,0,0,10.800000000000011,4.8771308900523564,2952.6000000000004
L,298.0,308.7,1511,45.8,114,0,0,0,0,0,0,10.699999999999989,7.246471204188482,5221.2
L,297.9,308.6,1691,29.6,116,0,0,0,0,0,0,10.700000000000045,5.241214659685864,3433.6000000000004
L,297.9,308.6,1757,27.5,118,0,0,0,0,0,0,10.700000000000045,5.059424083769634,3245.0
H,297.9,308.7,1545,35.9,120,0,0,0,0,0,0,10.800000000000011,5.807905759162304,4308.0
L,297.9,308.6,2262,15.7,125,0,0,0,0,0,0,10.700000000000045,3.7186806282722515,1962.5
M,297.7,308.5,1559,35.2,127,0,0,0,0,0,0,10.800000000000011,5.746261780104712,4470.400000000001
L,297.6,308.4,1626,32.4,130,0,0,0,0,0,0,10.799999999999955,5.5164816753926695,4212.0
L,297.6,308.3,1424,53.9,132,0,0,0,0,0,0,10.699999999999989,8.03702617801047,7114.8
M,297.6,308.3,1648,29.1,134,0,0,0,0,0,0,10.699999999999989,5.021654450261781,3899.4
L,297.6,308.3,1523,39.5,137,0,0,0,0,0,0,10.699999999999989,6.299319371727749,5411.5
L,297.6,308.3,1502,43.2,139,0,0,0,0,0,0,10.699999999999989,6.794387434554974,6004.8
L,297.5,308.2,1489,40.7,141,0,0,0,0,0,0,10.699999999999989,6.34579057591623,5738.700000000001
M,297.4,308.1,1620,31.2,143,0,0,0,0,0,0,10.700000000000045,5.292565445026178,4461.599999999999
L,297.5,308.1,1631,30.6,146,0,0,0,0,0,0,10.600000000000023,5.226031413612566,4467.6
M,297.5,308.0,1429,45.8,148,0,0,0,0,0,0,10.5,6.853214659685864,6778.4
M,297.5,308.1,1334,72.0,151,1,0,0,1,0,0,10.600000000000023,10.05738219895288,10872.0
L,297.4,308.0,1423,38.0,154,0,0,0,0,0,0,10.600000000000023,5.6621989528795815,5852.0
L,297.4,307.9,1390,47.7,156,0,0,0,0,0,0,10.5,6.942722513089005,7441.200000000001
M,297.4,307.9,1338,48.5,158,0,0,0,0,0,0,10.5,6.795078534031414,7663.0
H,297.3,307.9,1461,37.5,161,0,0,0,0,0,0,10.599999999999966,5.736910994764398,6037.5
M,297.4,307.9,1627,34.3,166,0,0,0,0,0,0,10.5,5.843570680628272,5693.799999999999
L,297.3,307.8,1385,44.4,169,0,0,0,0,0,0,10.5,6.439162303664921,7503.599999999999
M,297.3,307.8,1538,48.0,171,0,0,0,0,0,0,10.5,7.730261780104712,8208.0
L,297.4,307.9,1557,35.5,174,0,0,0,0,0,0,10.5,5.787801047120419,6177.0
L,297.4,307.9,1606,33.4,176,0,0,0,0,0,0,10.5,5.616795811518324,5878.4
M,297.5,308.0,1430,44.5,178,0,0,0,0,0,0,10.5,6.663350785340314,7921.0
M,297.4,308.0,1601,34.6,181,0,0,0,0,0,0,10.600000000000023,5.800481675392671,6262.6
L,297.4,308.0,1356,51.9,184,0,0,0,0,0,0,10.600000000000023,7.369256544502617,9549.6
M,297.5,308.2,1624,30.9,186,0,0,0,0,0,0,10.699999999999989,5.25461780104712,5747.4
L,297.5,308.2,1327,56.5,189,0,0,0,0,0,0,10.699999999999989,7.850837696335079,10678.5
L,297.6,308.3,1410,47.0,191,0,0,0,0,0,0,10.699999999999989,6.939267015706807,8977.0
L,297.6,308.3,1478,42.3,193,0,0,0,0,0,0,10.699999999999989,6.546534031413612,8163.9
L,297.6,308.4,1460,40.3,195,0,0,0,0,0,0,10.799999999999955,6.161047120418847,7858.499999999999
L,297.5,308.3,1435,40.3,197,0,0,0,0,0,0,10.800000000000011,6.055549738219894,7939.099999999999
H,297.4,308.2,1359,46.9,199,0,0,0,0,0,0,10.800000000000011,6.674041884816754,9333.1
L,297.4,308.1,1729,31.7,204,0,0,0,0,0,0,10.700000000000045,5.7391937172774865,6466.8
H,297.3,308.0,1384,49.1,206,0,0,0,0,0,0,10.699999999999989,7.115643979057593,10114.6
L,297.4,308.2,1297,52.1,211,0,0,0,0,0,0,10.800000000000011,7.075780104712042,10993.1
L,297.5,308.4,1633,33.3,213,0,0,0,0,0,0,10.899999999999977,5.694125654450261,7092.9
M,297.5,308.4,1505,37.2,215,0,0,0,0,0,0,10.899999999999977,5.8624083769633515,7998.000000000001
L,297.5,308.4,1433,50.0,218,0,0,0,0,0,0,10.899999999999977,7.50261780104712,10900.0
L,297.4,308.4,1369,50.6,220,1,0,0,0,1,0,11.0,7.253549738219896,11132.0
L,297.4,308.3,1475,40.5,222,1,1,0,0,0,0,10.900000000000034,6.255235602094241,8991.0
L,297.4,308.3,1561,38.3,0,0,0,0,0,0,0,10.900000000000034,6.260345549738219,0.0
L,297.4,308.3,1472,45.5,2,0,0,0,0,0,0,10.900000000000034,7.0131937172774865,91.0
L,297.5,308.4,1441,44.5,4,0,0,0,0,0,0,10.899999999999977,6.714607329842932,178.0
M,297.5,308.5,1401,50.5,6,0,0,0,0,0,0,11.0,7.408429319371728,303.0
L,297.5,308.5,1691,33.1,9,0,0,0,0,0,0,11.0,5.860952879581152,297.90000000000003
L,297.6,308.6,1382,47.1,11,0,0,0,0,0,0,11.0,6.81593717277487,518.1
L,297.6,308.6,1355,46.4,13,0,0,0,0,0,0,11.0,6.583455497382199,603.1999999999999
L,297.6,308.6,1529,45.3,15,0,0,0,0,0,0,11.0,7.252743455497382,679.5
L,297.7,308.7,1829,24.9,17,0,0,0,0,0,0,11.0,4.768806282722513,423.29999999999995
H,297.6,308.6,1480,39.8,19,0,0,0,0,0,0,11.0,6.167958115183246,756.1999999999999
L,297.6,308.5,1475,42.4,24,0,0,0,0,0,0,10.899999999999977,6.548691099476439,1017.5999999999999
M,297.6,308.5,1431,52.6,26,0,0,0,0,0,0,10.899999999999977,7.881738219895289,1367.6000000000001
L,297.5,308.3,1437,42.3,29,0,0,0,0,0,0,10.800000000000011,6.364931937172774,1226.6999999999998
M,297.5,308.3,1476,45.6,31,0,0,0,0,0,0,10.800000000000011,7.047706806282723,1413.6000000000001
H,297.5,308.4,1490,39.7,34,0,0,0,0,0,0,10.899999999999977,6.194031413612566,1349.8000000000002
L,297.4,308.3,1632,33.5,39,0,0,0,0,0,0,10.900000000000034,5.724816753926701,1306.5
L,297.4,308.2,1402,49.7,41,0,0,0,0,0,0,10.800000000000011,7.296272251308902,2037.7
L,297.4,308.3,1347,45.8,43,0,0,0,0,0,0,10.900000000000034,6.459958115183246,1969.3999999999999
L,297.5,308.4,1747,31.0,45,0,0,0,0,0,0,10.899999999999977,5.670890052356021,1395.0
H,297.5,308.5,1557,39.1,47,0,0,0,0,0,0,11.0,6.374732984293194,1837.7
L,297.4,308.4,1371,57.4,52,0,0,0,0,0,0,11.0,8.240356020942407,2984.7999999999997
H,297.3,308.3,1506,37.0,54,0,0,0,0,0,0,11.0,5.834764397905759,1998.0
L,297.3,308.3,1590,35.5,59,0,0,0,0,0,0,11.0,5.9104712041884815,2094.5
L,297.4,308.3,1336,53.7,61,0,0,0,0,0,0,10.900000000000034,7.512376963350785,3275.7000000000003
L,297.3,308.3,1411,43.2,63,0,0,0,0,0,0,11.0,6.3827434554973825,2721.6000000000004
L,297.4,308.3,1704,27.3,65,0,0,0,0,0,0,10.900000000000034,4.871120418848168,1774.5
L,297.5,308.4,1723,27.3,67,0,0,0,0,0,0,10.899999999999977,4.9254345549738225,1829.1000000000001
L,297.5,308.5,1459,39.7,69,0,0,0,0,0,0,11.0,6.065162303664922,2739.3
L,297.6,308.5,1572,35.9,71,0,0,0,0,0,0,10.899999999999977,5.909403141361256,2548.9
L,297.5,308.4,1384,56.0,73,0,0,0,0,0,0,10.899999999999977,8.115602094240838,4088.0
L,297.6,308.6,1383,47.5,75,0,0,0,0,0,0,11.0,6.878795811518325,3562.5
M,297.6,308.5,1360,48.6,77,0,0,0,0,0,0,10.899999999999977,6.921047120418848,3742.2000000000003
M,297.5,308.4,1596,36.6,80,0,0,0,0,0,0,10.899999999999977,6.116607329842933,2928.0
L,297.5,308.5,1448,54.3,83,0,0,0,0,0,0,11.0,8.233130890052355,4506.9
M,297.6,308.5,1443,38.2,85,0,0,0,0,0,0,10.899999999999977,5.772,3247.0000000000005
M,297.6,308.6,1492,35.5,88,0,0,0,0,0,0,11.0,5.546178010471205,3124.0
L,297.5,308.6,1497,43.9,91,0,0,0,0,0,0,11.100000000000023,6.881497382198953,3994.9
L,297.5,308.5,1530,38.5,93,0,0,0,0,0,0,11.0,6.168062827225131,3580.5
M,297.4,308.4,1478,46.2,95,0,0,0,0,0,0,11.0,7.150115183246074,4389.0
L,297.4,308.4,1328,61.8,98,0,0,0,0,0,0,11.0,8.593759162303664,6056.4
H,297.4,308.3,1771,27.4,100,0,0,0,0,0,0,10.900000000000034,5.081193717277486,2740.0
M,297.4,308.4,1564,35.0,105,0,0,0,0,0,0,11.0,5.731937172774869,3675.0
H,297.3,308.3,1461,41.5,108,0,0,0,0,0,0,11.0,6.348848167539267,4482.0
M,297.4,308.3,1335,57.9,113,0,0,0,0,0,0,10.900000000000034,8.093874345549738,6542.7
M,297.4,308.4,1441,46.8,116,0,0,0,0,0,0,11.0,7.061654450261781,5428.799999999999
L,297.3,308.3,1268,60.6,119,0,0,0,0,0,0,11.0,8.046157068062827,7211.400000000001
M,297.3,308.3,1697,27.4,121,0,0,0,0,0,0,11.0,4.868879581151832,3315.3999999999996
L,297.4,308.4,1421,46.0,124,0,0,0,0,0,0,11.0,6.8446073298429315,5704.0
L,297.4,308.5,1496,36.4,126,0,0,0,0,0,0,11.100000000000023,5.702031413612565,4586.4
L,297.5,308.5,1375,55.6,128,0,0,0,0,0,0,11.0,8.00523560209424,7116.8
L,297.4,308.5,1295,52.1,130,0,0,0,0,0,0,11.100000000000023,7.064869109947644,6773.0
L,297.4,308.5,1643,33.8,132,0,0,0,0,0,0,11.100000000000023,5.815015706806282,4461.599999999999
L,297.5,308.6,1514,36.9,134,0,0,0,0,0,0,11.100000000000023,5.849905759162303,4944.599999999999
L,297.5,308.6,1671,29.4,136,0,0,0,0,0,0,11.100000000000023,5.144230366492146,3998.3999999999996
H,297.5,308.6,1355,58.9,138,0,0,0,0,0,0,11.100000000000023,8.357015706806283,8128.2
L,297.6,308.7,1365,50.6,143,0,0,0,0,0,0,11.099999999999966,7.232356020942408,7235.8
L,297.5,308.7,1407,42.5,145,0,0,0,0,0,0,11.199999999999989,6.26151832460733,6162.5
M,297.5,308.8,1455,46.1,147,0,0,0,0,0,0,11.300000000000011,7.023612565445026,6776.7
L,297.5,308.8,1502,45.9,150,0,0,0,0,0,0,11.300000000000011,7.21903664921466,6885.0
M,297.5,308.8,1471,52.3,152,0,0,0,0,0,0,11.300000000000011,8.055842931937173,7949.599999999999
L,297.5,308.9,1581,30.4,155,0,0,0,0,0,0,11.399999999999977,5.032712041884817,4712.0
L,297.5,308.8,1530,37.8,157,0,0,0,0,0,0,11.300000000000011,6.055916230366491,5934.599999999999
L,297.5,308.8,1312,50.3,159,0,0,0,0,0,0,11.300000000000011,6.910324607329842,7997.7
L,297.4,308.6,1494,42.6,161,0,0,0,0,0,0,11.200000000000045,6.664335078534031,6858.6
M,297.4,308.6,1528,29.1,163,0,0,0,0,0,0,11.200000000000045,4.656000000000001,4743.3
H,297.3,308.6,1688,29.4,166,0,0,0,0,0,0,11.300000000000011,5.196565445026177,4880.4
M,297.3,308.5,1520,42.4,171,0,0,0,0,0,0,11.199999999999989,6.74848167539267,7250.4
M,297.3,308.5,1664,28.9,174,0,0,0,0,0,0,11.199999999999989,5.035560209424084,5028.599999999999
L,297.3,308.5,1514,44.5,177,0,0,0,0,0,0,11.199999999999989,7.0547643979057595,7876.5
L,297.3,308.5,1456,54.2,179,0,0,0,0,0,0,11.199999999999989,8.26337172774869,9701.800000000001
L,297.2,308.5,1494,39.6,181,0,0,0,0,0,0,11.300000000000011,6.1950157068062826,7167.6
L,297.2,308.4,1605,30.0,183,0,0,0,0,0,0,11.199999999999989,5.041884816753926,5490.0
M,297.2,308.5,1353,46.5,185,0,0,0,0,0,0,11.300000000000011,6.587905759162304,8602.5
L,297.2,308.5,1447,47.9,188,0,0,0,0,0,0,11.300000000000011,7.257727748691099,9005.199999999999
L,297.2,308.5,1588,40.4,190,0,0,0,0,0,0,11.300000000000011,6.717821989528796,7676.0
H,297.2,308.5,1524,41.4,192,0,0,0,0,0,0,11.300000000000011,6.606659685863874,7948.799999999999
M,297.2,308.5,1611,31.6,197,0,0,0,0,0,0,11.300000000000011,5.330638743455498,6225.200000000001
M,297.2,308.5,1604,34.9,200,0,0,0,0,0,0,11.300000000000011,5.861738219895288,6980.0
L,297.1,308.5,1483,46.9,203,0,0,0,0,0,0,11.399999999999977,7.283005235602094,9520.699999999999
L,297.1,308.4,1543,39.6,205,0,0,0,0,0,0,11.299999999999955,6.398198952879581,8118.0
L,297.1,308.5,1323,44.4,207,1,1,0,0,0,0,11.399999999999977,6.150910994764398,9190.8
L,297.1,308.5,1555,36.2,0,0,0,0,0,0,0,11.399999999999977,5.894345549738221,0.0
L,297.1,308.4,1583,31.9,2,0,0,0,0,0,0,11.299999999999955,5.287717277486911,63.8
M,297.2,308.5,1584,40.0,4,0,0,0,0,0,0,11.300000000000011,6.63455497382199,160.0
L,297.2,308.5,1766,25.8,7,0,0,0,0,0,0,11.300000000000011,4.7709738219895295,180.6
M,297.2,308.6,1498,44.4,9,0,0,0,0,0,0,11.400000000000034,6.9645235602094235,399.59999999999997
L,297.2,308.6,1413,49.8,12,0,0,0,0,0,0,11.400000000000034,7.368314136125654,597.5999999999999
L,297.3,308.6,1505,33.5,14,0,0,0,0,0,0,11.300000000000011,5.279319371727749,469.0
H,297.3,308.7,1438,46.2,16,0,0,0,0,0,0,11.399999999999977,6.9566073298429325,739.2
M,297.3,308.7,1655,34.1,21,0,0,0,0,0,0,11.399999999999977,5.909476439790576,716.1
M,297.3,308.7,1451,43.8,24,0,0,0,0,0,0,11.399999999999977,6.654848167539266,1051.1999999999998
M,297.3,308.7,1466,38.4,27,0,0,0,0,0,0,11.399999999999977,5.8947015706806285,1036.8
L,297.2,308.6,1774,23.0,30,0,0,0,0,0,0,11.400000000000034,4.272460732984293,690.0
M,297.2,308.6,1284,51.3,32,0,0,0,0,0,0,11.400000000000034,6.897298429319371,1641.6
L,297.1,308.5,1425,40.0,35,0,0,0,0,0,0,11.399999999999977,5.968586387434555,1400.0
L,297.2,308.6,1437,52.4,37,0,0,0,0,0,0,11.400000000000034,7.8846910994764405,1938.8
L,297.2,308.6,1335,53.0,39,0,0,0,0,0,0,11.400000000000034,7.4089005235602095,2067.0
L,297.2,308.5,1471,41.7,41,0,0,0,0,0,0,11.300000000000011,6.4231099476439795,1709.7
M,297.2,308.5,1364,54.0,43,0,0,0,0,0,0,11.300000000000011,7.712670157068063,2322.0
L,297.1,308.5,1578,35.6,46,0,0,0,0,0,0,11.399999999999977,5.882387434554974,1637.6000000000001
L,297.1,308.5,1712,32.1,48,0,0,0,0,0,0,11.399999999999977,5.754471204188482,1540.8000000000002
L,297.1,308.5,1733,28.7,50,0,0,0,0,0,0,11.399999999999977,5.208073298429319,1435.0
L,297.2,308.6,1652,32.1,52,0,0,0,0,0,0,11.400000000000034,5.552795811518325,1669.2
L,297.2,308.6,1917,24.1,54,0,0,0,0,0,0,11.400000000000034,4.837664921465969,1301.4
M,297.2,308.6,1444,41.1,56,0,0,0,0,0,0,11.400000000000034,6.214492146596859,2301.6
L,297.1,308.6,1442,37.1,59,0,0,0,0,0,0,11.5,5.601905759162304,2188.9
M,297.1,308.6,1717,31.3,61,0,0,0,0,0,0,11.5,5.627445026178011,1909.3
L,297.1,308.7,1474,42.3,64,0,0,0,0,0,0,11.599999999999966,6.5288167539267015,2707.2
L,297.2,308.7,1509,39.3,66,0,0,0,0,0,0,11.5,6.209811518324607,2593.7999999999997
L,297.2,308.8,1451,43.1,68,0,0,0,0,0,0,11.600000000000023,6.548492146596859,2930.8
L,297.3,308.8,1554,36.1,70,0,0,0,0,0,0,11.5,5.874282722513089,2527.0
L,297.2,308.7,1669,30.7,72,0,0,0,0,0,0,11.5,5.365267015706806,2210.4
L,297.2,308.6,1366,50.4,74,0,0,0,0,0,0,11.400000000000034,7.209047120418847,3729.6
L,297.2,308.6,1578,34.4,76,0,0,0,0,0,0,11.400000000000034,5.684104712041885,2614.4
M,297.2,308.6,1513,39.0,78,0,0,0,0,0,0,11.400000000000034,6.178743455497382,3042.0
M,297.1,308.5,1515,42.1,81,0,0,0,0,0,0,11.399999999999977,6.67869109947644,3410.1
L,297.2,308.6,1562,33.0,84,0,0,0,0,0,0,11.400000000000034,5.397486910994765,2772.0
L,297.2,308.7,1501,38.5,86,0,0,0,0,0,0,11.5,6.051151832460733,3311.0
M,297.2,308.7,1398,38.1,88,0,0,0,0,0,0,11.5,5.577361256544503,3352.8
L,297.3,308.7,1352,53.8,91,0,0,0,0,0,0,11.399999999999977,7.616502617801046,4895.8
H,297.3,308.7,1569,33.9,93,0,0,0,0,0,0,11.399999999999977,5.569539267015706,3152.7
H,297.2,308.6,1486,46.6,98,0,0,0,0,0,0,11.400000000000034,7.251057591623037,4566.8
L,297.2,308.6,1864,23.6,103,0,0,0,0,0,0,11.400000000000034,4.606324607329843,2430.8
M,297.3,308.7,1447,44.5,105,0,0,0,0,0,0,11.399999999999977,6.742565445026178,4672.5
L,297.2,308.6,1392,41.5,108,0,0,0,0,0,0,11.400000000000034,6.0490052356020945,4482.0
L,297.3,308.6,1358,47.6,110,0,0,0,0,0,0,11.300000000000011,6.768670157068063,5236.0
L,297.3,308.7,1491,40.2,112,0,0,0,0,0,0,11.399999999999977,6.276251308900524,4502.400000000001
L,297.3,308.7,1556,36.7,114,0,0,0,0,0,0,11.399999999999977,5.979602094240838,4183.8
L,297.3,308.7,1531,36.7,116,0,0,0,0,0,0,11.399999999999977,5.883528795811519,4257.200000000001
H,297.4,308.7,1429,37.6,118,0,0,0,0,0,0,11.300000000000011,5.626219895287958,4436.8
M,297.4,308.8,1573,33.9,123,0,0,0,0,0,0,11.400000000000034,5.583738219895288,4169.7
L,297.4,308.8,1538,41.2,126,0,0,0,0,0,0,11.400000000000034,6.6351413612565455,5191.200000000001
L,297.4,308.8,1467,39.0,128,0,0,0,0,0,0,11.400000000000034,5.990890052356021,4992.0
H,297.4,308.7,1323,51.1,130,0,0,0,0,0,0,11.300000000000011,7.079089005235603,6643.0
M,297.4,308.7,1798,23.0,135,0,0,0,0,0,0,11.300000000000011,4.330261780104712,3105.0
L,297.4,308.6,1411,46.3,138,0,0,0,0,0,0,11.200000000000045,6.840764397905759,6389.4
L,297.3,308.5,1528,44.5,140,0,0,0,0,0,0,11.199999999999989,7.12,6230.0
L,297.3,308.5,1504,42.0,142,0,0,0,0,0,0,11.199999999999989,6.614450261780105,5964.0
L,297.3,308.5,1384,39.6,144,0,0,0,0,0,0,11.199999999999989,5.738890052356021,5702.400000000001
L,297.2,308.4,1677,26.4,146,0,0,0,0,0,0,11.199999999999989,4.635895287958115,3854.3999999999996
L,297.3,308.5,1764,30.8,148,0,0,0,0,0,0,11.199999999999989,5.689130890052357,4558.400000000001
M,297.4,308.5,1472,42.0,150,0,0,0,0,0,0,11.100000000000023,6.473717277486911,6300.0
M,297.4,308.5,1465,55.9,153,0,0,0,0,0,0,11.100000000000023,8.57523560209424,8552.699999999999
M,297.4,308.6,1657,33.1,156,0,0,0,0,0,0,11.200000000000045,5.74310994764398,5163.6
L,297.4,308.6,1635,30.5,159,0,0,0,0,0,0,11.200000000000045,5.2217277486911,4849.5
M,297.4,308.7,1582,31.9,161,0,0,0,0,0,0,11.300000000000011,5.284376963350785,5135.9
L,297.5,308.7,1761,26.2,164,0,0,0,0,0,0,11.199999999999989,4.8312251308900525,4296.8
L,297.5,308.8,1587,34.9,166,0,0,0,0,0,0,11.300000000000011,5.799612565445026,5793.4
M,297.5,308.7,1446,53.0,168,0,0,0,0,0,0,11.199999999999989,8.024921465968587,8904.0
M,297.5,308.7,1352,53.0,171,0,0,0,0,0,0,11.199999999999989,7.503246073298429,9063.0
M,297.4,308.7,1392,46.4,174,0,0,0,0,0,0,11.300000000000011,6.763225130890052,8073.599999999999
L,297.5,308.8,1417,49.8,177,0,0,0,0,0,0,11.300000000000011,7.389172774869109,8814.6
H,297.5,308.8,1824,24.0,179,0,0,0,0,0,0,11.300000000000011,4.583874345549738,4296.0
L,297.5,308.8,1603,36.7,184,0,0,0,0,0,0,11.300000000000011,6.160219895287959,6752.8
L,297.4,308.8,1620,33.4,186,0,0,0,0,0,0,11.400000000000034,5.665759162303665,6212.4
L,297.4,308.8,1353,49.4,188,0,0,0,0,0,0,11.400000000000034,6.9987643979057585,9287.199999999999
L,297.5,308.8,1360,50.7,190,0,0,0,0,0,0,11.300000000000011,7.220104712041885,9633.0
L,297.5,308.6,1380,53.5,192,0,0,0,0,0,0,11.100000000000023,7.730890052356021,10272.0
M,297.5,308.7,1363,53.6,194,0,0,0,0,0,0,11.199999999999989,7.649926701570681,10398.4
M,297.4,308.6,1452,41.2,197,0,0,0,0,0,0,11.200000000000045,6.264125654450262,8116.400000000001
L,297.4,308.6,1680,32.8,200,0,0,0,0,0,0,11.200000000000045,5.770052356020941,6559.999999999999
L,297.5,308.6,1536,39.0,202,0,0,0,0,0,0,11.100000000000023,6.272670157068063,7878.0
L,297.5,308.6,1621,28.9,0,0,0,0,0,0,0,11.100000000000023,4.905434554973821,0.0
L,297.5,308.6,1585,37.6,2,0,0,0,0,0,0,11.100000000000023,6.240418848167539,75.2
M,297.6,308.7,1408,51.5,4,0,0,0,0,0,0,11.099999999999966,7.592879581151832,206.0
H,297.5,308.6,1536,38.7,7,0,0,0,0,0,0,11.100000000000023,6.22441884816754,270.90000000000003
L,297.5,308.6,1352,52.6,12,0,0,0,0,0,0,11.100000000000023,7.44661780104712,631.2
H,297.5,308.6,1481,38.8,14,0,0,0,0,0,0,11.100000000000023,6.017047120418848,543.1999999999999
L,297.5,308.7,1454,45.0,19,0,0,0,0,0,0,11.199999999999989,6.85130890052356,855.0
M,297.5,308.6,1349,51.5,21,0,0,0,0,0,0,11.100000000000023,7.274712041884817,1081.5
M,297.5,308.6,1327,52.1,24,0,0,0,0,0,0,11.100000000000023,7.23944502617801,1250.4
L,297.6,308.7,1552,42.3,27,0,0,0,0,0,0,11.099999999999966,6.874303664921465,1142.1
L,297.5,308.7,1456,44.7,29,0,0,0,0,0,0,11.199999999999989,6.814994764397906,1296.3000000000002
M,297.6,308.6,1254,45.8,31,0,0,0,0,0,0,11.0,6.013947643979058,1419.8
L,297.5,308.6,1437,43.3,34,0,0,0,0,0,0,11.100000000000023,6.515403141361256,1472.1999999999998
L,297.5,308.6,1694,27.1,36,0,0,0,0,0,0,11.100000000000023,4.807057591623037,975.6
L,297.5,308.5,1306,50.7,38,0,0,0,0,0,0,11.0,6.9334240837696335,1926.6000000000001
M,297.5,308.5,1699,30.1,40,0,0,0,0,0,0,11.0,5.35496335078534,1204.0
L,297.4,308.5,1369,53.2,43,0,0,0,0,0,0,11.100000000000023,7.626261780104713,2287.6
L,297.4,308.5,1471,43.9,45,0,0,0,0,0,0,11.100000000000023,6.761979057591623,1975.5
L,297.4,308.5,1410,43.9,47,0,0,0,0,0,0,11.100000000000023,6.4815706806282725,2063.2999999999997
M,297.4,308.5,1412,45.5,49,0,0,0,0,0,0,11.100000000000023,6.727329842931937,2229.5
L,297.4,308.5,1418,51.2,52,0,0,0,0,0,0,11.100000000000023,7.602261780104713,2662.4
L,297.4,308.5,1782,25.9,54,0,0,0,0,0,0,11.100000000000023,4.832858638743455,1398.6
M,297.4,308.5,1497,36.4,56,0,0,0,0,0,0,11.100000000000023,5.705842931937172,2038.3999999999999
L,297.3,308.4,1459,39.4,59,0,0,0,0,0,0,11.099999999999966,6.019329842931937,2324.6
L,297.2,308.3,1796,23.8,61,0,0,0,0,0,0,11.100000000000023,4.4758952879581155,1451.8
L,297.2,308.3,1569,31.2,63,0,0,0,0,0,0,11.100000000000023,5.125947643979057,1965.6
L,297.3,308.4,1469,46.7,65,0,0,0,0,0,0,11.099999999999966,7.183486910994764,3035.5
L,297.3,308.4,1472,41.3,67,0,0,0,0,0,0,11.099999999999966,6.365821989528795,2767.1
L,297.4,308.5,1475,47.2,69,0,0,0,0,0,0,11.100000000000023,7.290052356020943,3256.8
L,297.4,308.6,1488,36.4,71,0,0,0,0,0,0,11.200000000000045,5.6715392670157065,2584.4
L,297.4,308.6,1524,43.1,73,0,0,0,0,0,0,11.200000000000045,6.877947643979058,3146.3
L,297.4,308.5,1486,48.6,75,0,0,0,0,0,0,11.100000000000023,7.562261780104713,3645.0
M,297.5,308.6,1255,60.7,77,0,0,0,0,0,0,11.100000000000023,7.976806282722513,4673.900000000001
M,297.4,308.6,1469,42.6,80,0,0,0,0,0,0,11.200000000000045,6.5528167539267015,3408.0
L,297.4,308.5,1692,34.3,83,0,0,0,0,0,0,11.100000000000023,6.077026178010471,2846.8999999999996
M,297.4,308.6,1604,32.8,85,0,0,0,0,0,0,11.200000000000045,5.509026178010471,2787.9999999999995
L,297.4,308.6,1446,48.1,88,0,0,0,0,0,0,11.200000000000045,7.282994764397906,4232.8
L,297.3,308.5,1503,43.3,90,0,0,0,0,0,0,11.199999999999989,6.814649214659685,3896.9999999999995
M,297.3,308.5,1625,32.8,92,0,0,0,0,0,0,11.199999999999989,5.5811518324607325,3017.6
L,297.2,308.5,1574,35.8,95,0,0,0,0,0,0,11.300000000000011,5.900439790575916,3400.9999999999995
M,297.2,308.4,1378,41.9,97,0,0,0,0,0,0,11.199999999999989,6.045884816753927,4064.2999999999997
L,297.1,308.4,1693,29.5,100,0,0,0,0,0,0,11.299999999999955,5.229685863874345,2950.0
L,297.2,308.4,1462,51.2,102,0,0,0,0,0,0,11.199999999999989,7.838157068062828,5222.400000000001
H,297.3,308.5,1435,55.0,104,0,0,0,0,0,0,11.199999999999989,8.264397905759163,5720.0
M,297.2,308.5,1425,45.8,109,0,0,0,0,0,0,11.300000000000011,6.834031413612565,4992.2
H,297.3,308.6,1376,53.5,112,0,0,0,0,0,0,11.300000000000011,7.708481675392671,5992.0
M,297.4,308.7,1481,48.0,117,0,0,0,0,0,0,11.300000000000011,7.443769633507854,5616.0
H,297.4,308.7,1349,48.9,120,0,0,0,0,0,0,11.300000000000011,6.907445026178009,5868.0
L,297.3,308.7,1551,40.0,125,0,0,0,0,0,0,11.399999999999977,6.496335078534031,5000.0
H,297.4,308.7,1623,33.8,127,0,0,0,0,0,0,11.300000000000011,5.744230366492146,4292.599999999999
L,297.4,308.8,1462,49.7,132,0,0,0,0,0,0,11.400000000000034,7.608523560209425,6560.400000000001
M,297.3,308.8,1447,57.4,134,0,0,0,0,0,0,11.5,8.697151832460733,7691.599999999999
M,297.3,308.9,1799,24.5,137,0,0,0,0,0,0,11.599999999999966,4.61523560209424,3356.5
M,297.3,308.8,1548,41.3,140,0,0,0,0,0,0,11.5,6.694492146596858,5782.0
M,297.2,308.8,1485,47.9,143,0,0,0,0,0,0,11.600000000000023,7.448324607329843,6849.7
L,297.2,308.7,1463,49.9,146,0,0,0,0,0,0,11.5,7.644366492146596,7285.4
L,297.3,308.7,1587,35.8,148,0,0,0,0,0,0,11.399999999999977,5.94917277486911,5298.4
M,297.3,308.8,1469,44.1,150,0,0,0,0,0,0,11.5,6.783549738219896,6615.0
H,297.3,308.7,1430,42.8,153,0,0,0,0,0,0,11.399999999999977,6.408795811518324,6548.4
H,297.4,308.7,1726,26.8,158,0,0,0,0,0,0,11.300000000000011,4.843643979057592,4234.400000000001
L,297.4,308.8,1651,34.1,163,0,0,0,0,0,0,11.400000000000034,5.895193717277487,5558.3
L,297.4,308.8,1529,41.3,165,0,0,0,0,0,0,11.400000000000034,6.6123246073298425,6814.499999999999
L,297.4,308.8,1473,46.2,167,0,0,0,0,0,0,11.400000000000034,7.125926701570681,7715.400000000001
H,297.4,308.8,1324,53.5,169,0,0,0,0,0,0,11.400000000000034,7.41717277486911,9041.5
L,297.4,308.9,1708,28.8,174,0,0,0,0,0,0,11.5,5.15082722513089,5011.2
M,297.5,309.1,1540,38.5,176,0,0,0,0,0,0,11.600000000000023,6.208376963350785,6776.0
L,297.5,309.0,1320,54.7,179,0,0,0,0,0,0,11.5,7.560628272251309,9791.300000000001
M,297.4,308.9,1376,39.0,181,0,0,0,0,0,0,11.5,5.619267015706806,7059.0
M,297.3,308.7,1542,37.0,184,0,0,0,0,0,0,11.399999999999977,5.974240837696335,6808.0
L,297.3,308.7,1506,39.3,187,0,0,0,0,0,0,11.399999999999977,6.197465968586387,7349.099999999999
L,297.3,308.7,1492,43.6,189,0,0,0,0,0,0,11.399999999999977,6.8116439790575924,8240.4
H,297.3,308.8,1564,38.0,191,0,0,0,0,0,0,11.5,6.223246073298429,7258.0
H,297.4,308.9,1645,30.8,196,0,0,0,0,0,0,11.5,5.305340314136125,6036.8
M,297.4,308.9,1348,59.1,201,0,0,0,0,0,0,11.5,8.34207329842932,11879.1
M,297.4,308.8,1325,62.4,204,1,1,0,0,1,0,11.400000000000034,8.65759162303665,12729.6
L,297.5,308.9,1443,43.5,0,0,0,0,0,0,0,11.399999999999977,6.57282722513089,0.0
M,297.5,308.9,1436,44.8,2,0,0,0,0,0,0,11.399999999999977,6.736418848167538,89.6
L,297.5,308.9,1596,30.7,5,0,0,0,0,0,0,11.399999999999977,5.130596858638743,153.5
L,297.6,309.0,1491,43.2,7,0,0,0,0,0,0,11.399999999999977,6.744628272251309,302.40000000000003
M,297.7,308.9,1573,35.1,9,0,0,0,0,0,0,11.199999999999989,5.781392670157068,315.90000000000003
L,297.7,308.9,1575,39.9,12,0,0,0,0,0,0,11.199999999999989,6.580366492146597,478.79999999999995
L,297.7,308.9,1458,41.1,14,0,0,0,0,0,0,11.199999999999989,6.274743455497383,575.4
M,297.7,309.0,1433,41.8,16,0,0,0,0,0,0,11.300000000000011,6.272188481675392,668.8
L,297.7,308.9,1662,28.1,19,0,0,0,0,0,0,11.199999999999989,4.890282722513089,533.9
M,297.7,308.9,1327,63.7,21,0,0,0,0,0,0,11.199999999999989,8.851298429319373,1337.7
L,297.7,308.9,1742,26.3,24,0,0,0,0,0,0,11.199999999999989,4.797340314136125,631.2
L,297.8,308.9,1506,33.5,26,0,0,0,0,0,0,11.099999999999966,5.28282722513089,871.0
L,297.9,309.1,1457,44.4,28,0,0,0,0,0,0,11.200000000000045,6.773905759162303,1243.2
M,297.9,309.1,1488,37.3,30,0,0,0,0,0,0,11.200000000000045,5.811769633507852,1119.0
L,297.9,309.1,1619,34.7,33,0,0,0,0,0,0,11.200000000000045,5.882649214659686,1145.1000000000001
M,298.0,309.2,1558,41.7,35,0,0,0,0,0,0,11.199999999999989,6.802994764397907,1459.5
L,298.0,309.2,1731,28.7,38,0,0,0,0,0,0,11.199999999999989,5.202062827225131,1090.6
M,298.0,309.1,1574,34.8,40,0,0,0,0,0,0,11.100000000000023,5.735623036649215,1392.0
L,297.9,309.0,1290,49.8,43,0,0,0,0,0,0,11.100000000000023,6.726910994764397,2141.4
H,297.9,308.9,1416,39.6,45,0,0,0,0,0,0,11.0,5.87158115183246,1782.0
L,297.9,308.9,1566,41.9,50,0,0,0,0,0,0,11.0,6.870722513089005,2095.0
L,297.9,309.0,1456,46.5,52,0,0,0,0,0,0,11.100000000000023,7.089424083769633,2418.0
L,297.9,309.0,1528,37.5,54,0,0,0,0,0,0,11.100000000000023,6.0,2025.0
M,297.9,309.1,1338,49.6,56,0,0,0,0,0,0,11.200000000000045,6.949193717277487,2777.6
M,297.9,309.1,1558,39.2,59,0,0,0,0,0,0,11.200000000000045,6.395141361256545,2312.8
M,297.9,309.1,1614,38.1,62,0,0,0,0,0,0,11.200000000000045,6.43909947643979,2362.2000000000003
H,298.0,309.1,1557,36.4,65,0,0,0,0,0,0,11.100000000000023,5.934534031413612,2366.0
L,298.1,309.3,1443,45.3,70,0,0,0,0,0,0,11.199999999999989,6.844806282722512,3171.0
H,298.1,309.3,1332,51.0,72,0,0,0,0,0,0,11.199999999999989,7.1132984293193715,3672.0
M,298.1,309.3,1752,25.2,77,0,0,0,0,0,0,11.199999999999989,4.623078534031413,1940.3999999999999
M,298.1,309.2,1460,45.8,80,0,0,0,0,0,0,11.099999999999966,7.001884816753926,3664.0
L,298.1,309.2,1802,26.9,83,0,0,0,0,0,0,11.099999999999966,5.07579057591623,2232.7
L,298.0,309.2,1527,39.5,85,0,0,0,0,0,0,11.199999999999989,6.31586387434555,3357.5
L,298.0,309.2,1458,39.8,87,0,0,0,0,0,0,11.199999999999989,6.0762722513089,3462.6
H,298.0,309.2,1520,37.9,89,0,0,0,0,0,0,11.199999999999989,6.032251308900523,3373.1
L,298.0,309.2,1378,49.7,94,0,0,0,0,0,0,11.199999999999989,7.171371727748692,4671.8
M,297.9,309.2,1529,38.1,96,0,0,0,0,0,0,11.300000000000011,6.0999895287958115,3657.6000000000004
L,298.0,309.2,1527,32.4,99,0,0,0,0,0,0,11.199999999999989,5.180607329842932,3207.6
M,298.0,309.2,1438,42.9,101,0,0,0,0,0,0,11.199999999999989,6.459706806282722,4332.9
L,297.9,309.0,1583,36.7,104,0,0,0,0,0,0,11.100000000000023,6.083361256544503,3816.8
L,297.8,308.9,1530,37.6,106,0,0,0,0,0,0,11.099999999999966,6.023874345549738,3985.6000000000004
M,297.7,308.9,1530,39.1,108,0,0,0,0,0,0,11.199999999999989,6.264188481675393,4222.8
M,297.7,308.8,2089,19.1,111,0,0,0,0,0,0,11.100000000000023,4.178,2120.1000000000004
L,297.7,308.8,1616,34.2,114,0,0,0,0,0,0,11.100000000000023,5.787141361256545,3898.8
M,297.7,308.9,1681,28.3,116,0,0,0,0,0,0,11.199999999999989,4.981392670157068,3282.8
L,297.6,308.8,1475,43.0,119,0,0,0,0,0,0,11.199999999999989,6.641361256544503,5117.0
L,297.5,308.7,1371,46.5,121,0,0,0,0,0,0,11.199999999999989,6.675549738219895,5626.5
M,297.5,308.7,1546,38.0,123,0,0,0,0,0,0,11.199999999999989,6.151623036649215,4674.0
H,297.4,308.6,1461,40.1,126,0,0,0,0,0,0,11.200000000000045,6.134670157068062,5052.6
L,297.4,308.7,1638,31.9,131,0,0,0,0,0,0,11.300000000000011,5.471434554973822,4178.9
M,297.3,308.7,1577,35.6,133,0,0,0,0,0,0,11.399999999999977,5.878659685863875,4734.8
L,297.4,308.6,1532,38.7,136,0,0,0,0,0,0,11.200000000000045,6.20820942408377,5263.200000000001
M,297.3,308.5,1710,27.7,138,0,0,0,0,0,0,11.199999999999989,4.9598952879581155,3822.6
M,297.3,308.6,1584,29.4,141,0,0,0,0,0,0,11.300000000000011,4.876397905759162,4145.4
L,297.3,308.6,1446,50.1,144,0,0,0,0,0,0,11.300000000000011,7.585821989528797,7214.400000000001
H,297.4,308.7,1522,46.3,146,0,0,0,0,0,0,11.300000000000011,7.378910994764397,6759.799999999999
M,297.4,308.7,1382,49.9,151,0,0,0,0,0,0,11.300000000000011,7.221130890052357,7534.9
L,297.4,308.7,1584,38.2,154,0,0,0,0,0,0,11.300000000000011,6.336,5882.8
L,297.3,308.6,1385,55.2,156,0,0,0,0,0,0,11.300000000000011,8.00544502617801,8611.2
L,297.3,308.7,1592,34.4,158,0,0,0,0,0,0,11.399999999999977,5.734534031413612,5435.2
M,297.2,308.6,1404,43.7,160,0,0,0,0,0,0,11.400000000000034,6.424586387434555,6992.0
L,297.2,308.5,1518,44.3,163,0,0,0,0,0,0,11.300000000000011,7.041612565445026,7220.9
L,297.1,308.4,1529,40.4,165,0,0,0,0,0,0,11.299999999999955,6.468230366492146,6666.0
L,297.1,308.4,1550,37.0,167,0,0,0,0,0,0,11.299999999999955,6.005235602094241,6179.0
L,297.1,308.3,1773,23.8,169,0,0,0,0,0,0,11.199999999999989,4.418575916230367,4022.2000000000003
L,297.2,308.5,1446,43.7,171,0,0,0,0,0,0,11.300000000000011,6.616774869109948,7472.700000000001
M,297.2,308.5,1487,46.9,173,0,0,0,0,0,0,11.300000000000011,7.302649214659686,8113.7
M,297.3,308.5,1524,49.3,176,0,0,0,0,0,0,11.199999999999989,7.867350785340314,8676.8
L,297.1,308.3,1403,54.1,179,0,0,0,0,0,0,11.199999999999989,7.947884816753927,9683.9
L,297.1,308.2,2267,15.7,181,0,0,0,0,0,0,11.099999999999966,3.7269005235602095,2841.7
M,297.1,308.2,1529,37.9,183,0,0,0,0,0,0,11.099999999999966,6.067968586387434,6935.7
L,297.1,308.2,1402,51.2,186,0,0,0,0,0,0,11.099999999999966,7.516481675392671,9523.2
L,297.2,308.3,1693,28.0,188,0,0,0,0,0,0,11.100000000000023,4.963769633507853,5264.0
L,297.1,308.3,1496,45.8,190,0,0,0,0,0,0,11.199999999999989,7.174534031413613,8702.0
L,297.1,308.1,1633,33.3,192,0,0,0,0,0,0,11.0,5.694125654450261,6393.599999999999
L,297.1,308.2,1399,42.6,194,0,0,0,0,0,0,11.099999999999966,6.240565445026178,8264.4
M,297.0,308.1,1363,45.3,196,0,0,0,0,0,0,11.100000000000023,6.465329842931936,8878.8
H,297.1,308.2,1527,42.2,199,0,0,0,0,0,0,11.099999999999966,6.747581151832461,8397.800000000001
M,297.2,308.2,1405,42.5,204,0,0,0,0,0,0,11.0,6.25261780104712,8670.0
M,297.3,308.3,1459,59.6,207,1,0,0,1,1,0,11.0,9.105382198952881,12337.2
M,297.4,308.4,1789,25.0,210,0,0,0,0,0,0,11.0,4.683246073298429,5250.0
L,297.4,308.4,1531,41.5,213,0,0,0,0,0,0,11.0,6.65303664921466,8839.5
M,297.4,308.4,1620,35.8,215,0,0,0,0,0,0,11.0,6.072879581151832,7696.999999999999
L,297.4,308.4,1571,39.4,0,0,0,0,0,0,0,11.0,6.481403141361256,0.0
L,297.4,308.4,1434,39.9,2,0,0,0,0,0,0,11.0,5.991267015706806,79.8
L,297.4,308.4,1474,43.6,4,0,0,0,0,0,0,11.0,6.729465968586387,174.4
M,297.3,308.3,1544,41.7,6,0,0,0,0,0,0,11.0,6.74186387434555,250.20000000000002
L,297.3,308.2,1601,35.7,9,0,0,0,0,0,0,10.899999999999977,5.984890052356022,321.3
L,297.4,308.3,1801,26.9,11,0,0,0,0,0,0,10.900000000000034,5.072973821989528,295.9
L,297.4,308.3,1465,42.0,13,0,0,0,0,0,0,10.900000000000034,6.442931937172775,546.0
M,297.4,308.4,1340,52.6,15,0,0,0,0,0,0,11.0,7.380523560209424,789.0
M,297.4,308.4,1517,41.0,18,0,0,0,0,0,0,11.0,6.512774869109948,738.0
M,297.3,308.4,1434,44.8,21,0,0,0,0,0,0,11.099999999999966,6.72703664921466,940.8
H,297.3,308.3,1935,19.3,24,0,0,0,0,0,0,11.0,3.910523560209424,463.20000000000005
M,297.3,308.3,1595,32.2,29,0,0,0,0,0,0,11.0,5.377905759162305,933.8000000000001
L,297.3,308.3,2188,17.0,32,0,0,0,0,0,0,11.0,3.894869109947644,544.0
M,297.3,308.4,1449,44.4,34,0,0,0,0,0,0,11.099999999999966,6.736712041884816,1509.6
L,297.3,308.3,1471,38.2,37,0,0,0,0,0,0,11.0,5.884,1413.4
L,297.4,308.2,1639,33.8,39,0,0,0,0,0,0,10.800000000000011,5.800858638743455,1318.1999999999998
M,297.3,308.2,1846,24.5,41,0,0,0,0,0,0,10.899999999999977,4.735811518324607,1004.5
M,297.3,308.2,1452,38.2,44,0,0,0,0,0,0,10.899999999999977,5.808,1680.8000000000002
M,297.4,308.3,1483,41.9,47,0,0,0,0,0,0,10.900000000000034,6.506565445026178,1969.3
L,297.4,308.3,1284,60.3,50,0,0,0,0,0,0,10.900000000000034,8.107350785340314,3015.0
L,297.4,308.2,1419,50.0,52,0,0,0,0,0,0,10.800000000000011,7.429319371727749,2600.0
L,297.3,308.1,1763,28.4,54,0,0,0,0,0,0,10.800000000000011,5.242848167539266,1533.6
M,297.2,308.0,1478,42.5,56,0,0,0,0,0,0,10.800000000000011,6.5774869109947645,2380.0
L,297.3,308.0,1518,36.0,59,0,0,0,0,0,0,10.699999999999989,5.722303664921466,2124.0
L,297.3,308.0,1447,49.0,61,0,0,0,0,0,0,10.699999999999989,7.424397905759163,2989.0
M,297.4,308.0,1355,55.1,63,0,0,0,0,0,0,10.600000000000023,7.817853403141362,3471.3
L,297.4,308.1,1348,57.4,66,0,0,0,0,0,0,10.700000000000045,8.102115183246074,3788.4
L,297.4,308.1,1348,53.7,68,0,0,0,0,0,0,10.700000000000045,7.579853403141362,3651.6000000000004
M,297.4,308.1,1734,27.7,70,0,0,0,0,0,0,10.700000000000045,5.029507853403141,1939.0
L,297.3,308.0,1420,46.5,73,0,0,0,0,0,0,10.699999999999989,6.9141361256544505,3394.5
L,297.3,307.9,1797,24.7,75,0,0,0,0,0,0,10.599999999999966,4.647738219895288,1852.5
M,297.3,308.0,1403,45.0,77,0,0,0,0,0,0,10.699999999999989,6.610994764397906,3465.0
L,297.3,307.9,1628,30.2,80,0,0,0,0,0,0,10.599999999999966,5.148230366492147,2416.0
M,297.2,307.9,1687,30.4,82,0,0,0,0,0,0,10.699999999999989,5.37013612565445,2492.7999999999997
M,297.2,307.9,1456,44.9,85,0,0,0,0,0,0,10.699999999999989,6.845486910994764,3816.5
L,297.1,307.9,1496,44.7,88,0,0,0,0,0,0,10.799999999999955,7.002219895287958,3933.6000000000004
L,297.1,307.8,1636,30.3,90,0,0,0,0,0,0,10.699999999999989,5.190659685863874,2727.0
L,297.1,307.8,1536,40.4,92,0,0,0,0,0,0,10.699999999999989,6.497842931937172,3716.7999999999997
L,297.1,307.8,1454,50.6,94,0,0,0,0,0,0,10.699999999999989,7.703916230366493,4756.400000000001
L,297.0,307.8,1396,50.0,96,0,0,0,0,0,0,10.800000000000011,7.30890052356021,4800.0
L,297.0,307.6,1575,37.4,98,0,0,0,0,0,0,10.600000000000023,6.168062827225131,3665.2
L,296.9,307.6,1514,35.7,100,0,0,0,0,0,0,10.700000000000045,5.659664921465969,3570.0000000000005
M,296.8,307.4,1455,49.9,102,0,0,0,0,0,0,10.599999999999966,7.602565445026178,5089.8
L,296.8,307.4,1549,48.3,105,0,0,0,0,0,0,10.599999999999966,7.834209424083769,5071.5
L,296.8,307.5,1474,42.4,107,0,0,0,0,0,0,10.699999999999989,6.544251308900523,4536.8
H,296.7,307.4,1661,34.2,109,0,0,0,0,0,0,10.699999999999989,5.948293193717278,3727.8
L,296.7,307.4,1535,34.6,114,0,0,0,0,0,0,10.699999999999989,5.561361256544503,3944.4
M,296.9,307.5,1556,31.2,116,0,0,0,0,0,0,10.600000000000023,5.083476439790576,3619.2
L,296.9,307.6,1435,45.0,119,0,0,0,0,0,0,10.700000000000045,6.761780104712042,5355.0
M,296.9,307.5,1332,51.1,121,0,0,0,0,0,0,10.600000000000023,7.127246073298429,6183.1
L,297.0,307.6,1513,42.4,124,0,0,0,0,0,0,10.600000000000023,6.717403141361256,5257.599999999999
L,297.0,307.7,1502,39.4,126,0,0,0,0,0,0,10.699999999999989,6.1967329842931935,4964.4
L,297.0,307.7,1315,60.1,128,0,0,0,0,0,0,10.699999999999989,8.275549738219896,7692.8
M,297.0,307.7,1261,51.1,130,0,0,0,0,0,0,10.699999999999989,6.7473403141361254,6643.0
L,297.1,307.8,1406,60.4,133,0,0,0,0,0,0,10.699999999999989,8.892397905759161,8033.2
L,297.1,307.8,1584,42.3,135,0,0,0,0,0,0,10.699999999999989,7.016041884816754,5710.5
M,297.1,307.8,1443,43.9,137,0,0,0,0,0,0,10.699999999999989,6.633267015706806,6014.3
L,297.2,307.9,1580,35.8,140,0,0,0,0,0,0,10.699999999999989,5.922931937172774,5012.0
L,297.2,307.9,1825,24.6,142,0,0,0,0,0,0,10.699999999999989,4.701047120418848,3493.2000000000003
L,297.2,307.9,1469,48.2,144,0,0,0,0,0,0,10.699999999999989,7.4142198952879586,6940.8
L,297.2,307.9,1493,38.4,146,0,0,0,0,0,0,10.699999999999989,6.003267015706806,5606.4
M,297.3,308.0,1598,29.4,148,0,0,0,0,0,0,10.699999999999989,4.919497382198952,4351.2
H,297.2,307.9,1450,37.2,151,0,0,0,0,0,0,10.699999999999989,5.648167539267017,5617.200000000001
M,297.2,307.9,1632,37.5,156,0,0,0,0,0,0,10.699999999999989,6.408376963350785,5850.0
M,297.1,307.9,1980,20.3,159,0,0,0,0,0,0,10.799999999999955,4.208795811518325,3227.7000000000003
L,297.2,308.0,1474,43.7,162,0,0,0,0,0,0,10.800000000000011,6.74490052356021,7079.400000000001
L,297.2,307.9,1540,37.1,164,0,0,0,0,0,0,10.699999999999989,5.9826178010471205,6084.400000000001
M,297.1,307.9,1609,38.9,166,0,0,0,0,0,0,10.799999999999955,6.5539371727748685,6457.4
L,297.1,308.0,1467,42.8,169,0,0,0,0,0,0,10.899999999999977,6.57461780104712,7233.2
L,297.1,307.9,1492,39.4,171,0,0,0,0,0,0,10.799999999999955,6.155476439790576,6737.4
L,297.0,307.9,1493,46.1,173,0,0,0,0,0,0,10.899999999999977,7.207047120418848,7975.3
L,297.0,307.8,1500,39.9,175,0,0,0,0,0,0,10.800000000000011,6.267015706806283,6982.5
L,297.1,307.8,1477,36.6,177,0,0,0,0,0,0,10.699999999999989,5.660544502617801,6478.2
L,297.1,307.9,1342,49.1,179,0,0,0,0,0,0,10.799999999999955,6.8997068062827225,8788.9
M,297.1,307.8,1538,34.3,181,0,0,0,0,0,0,10.699999999999989,5.523916230366492,6208.299999999999
L,297.2,307.9,1337,58.1,184,0,0,0,0,0,0,10.699999999999989,8.134,10690.4
L,297.3,307.9,1417,41.8,186,0,0,0,0,0,0,10.599999999999966,6.202157068062827,7774.799999999999
L,297.4,308.0,1383,46.2,188,0,0,0,0,0,0,10.600000000000023,6.6905340314136135,8685.6
M,297.4,308.0,1440,42.4,190,0,0,0,0,0,0,10.600000000000023,6.393298429319372,8056.0
L,297.3,307.9,1579,34.4,193,0,0,0,0,0,0,10.599999999999966,5.687706806282723,6639.2
L,297.2,307.9,1441,40.0,195,0,0,0,0,0,0,10.699999999999989,6.035602094240837,7800.0
M,297.2,307.9,1530,35.9,197,0,0,0,0,0,0,10.699999999999989,5.75151832460733,7072.299999999999
L,297.2,308.0,1705,26.0,200,0,0,0,0,0,0,10.800000000000011,4.641884816753927,5200.0
H,297.2,308.0,1435,43.0,202,0,0,0,0,0,0,10.800000000000011,6.461256544502618,8686.0
M,297.2,308.1,1340,61.3,207,1,0,0,0,1,0,10.900000000000034,8.601256544502618,12689.099999999999
L,297.2,308.1,1431,49.7,210,1,0,0,0,0,0,10.900000000000034,7.447193717277487,10437.0
L,297.3,308.2,1396,52.7,212,1,0,0,0,1,0,10.899999999999977,7.70358115183246,11172.400000000001
M,297.3,308.1,1369,52.0,214,0,0,0,0,0,0,10.800000000000011,7.454240837696335,11128.0
L,297.3,308.1,1615,35.4,217,1,1,0,0,0,0,10.800000000000011,5.986492146596858,7681.799999999999
L,297.2,308.1,1662,31.3,0,0,0,0,0,0,0,10.900000000000034,5.4471832460732985,0.0
L,297.3,308.2,1553,33.5,2,0,0,0,0,0,0,10.899999999999977,5.447696335078534,67.0
M,297.4,308.2,1536,34.6,4,0,0,0,0,0,0,10.800000000000011,5.564984293193718,138.4
L,297.4,308.3,1548,46.6,7,0,0,0,0,0,0,10.900000000000034,7.55359162303665,326.2
L,297.4,308.3,1706,30.9,9,0,0,0,0,0,0,10.900000000000034,5.519937172774869,278.09999999999997
L,297.4,308.3,1366,45.5,11,0,0,0,0,0,0,10.900000000000034,6.508167539267015,500.5
L,297.5,308.4,1440,35.9,13,0,0,0,0,0,0,10.899999999999977,5.413193717277487,466.7
M,297.5,308.4,1685,28.1,15,0,0,0,0,0,0,10.899999999999977,4.957958115183246,421.5
M,297.4,308.3,1444,44.0,18,0,0,0,0,0,0,10.900000000000034,6.652984293193717,792.0
L,297.4,308.3,1395,48.7,21,0,0,0,0,0,0,10.900000000000034,7.113769633507854,1022.7
L,297.4,308.3,1483,38.8,23,0,0,0,0,0,0,10.900000000000034,6.02517277486911,892.4
M,297.5,308.4,1403,44.3,25,0,0,0,0,0,0,10.899999999999977,6.508157068062826,1107.5
H,297.5,308.4,1793,23.9,28,0,0,0,0,0,0,10.899999999999977,4.487193717277487,669.1999999999999
L,297.4,308.3,1723,28.8,33,0,0,0,0,0,0,10.900000000000034,5.1960628272251315,950.4
L,297.4,308.2,1386,41.0,35,0,0,0,0,0,0,10.800000000000011,5.950366492146597,1435.0
H,297.4,308.2,1585,46.2,37,0,0,0,0,0,0,10.800000000000011,7.667748691099477,1709.4
M,297.3,308.1,1731,27.7,42,0,0,0,0,0,0,10.800000000000011,5.020806282722512,1163.3999999999999
L,297.3,308.3,1519,37.7,45,0,0,0,0,0,0,11.0,5.996471204188482,1696.5000000000002
L,297.3,308.2,1896,24.4,47,0,0,0,0,0,0,10.899999999999977,4.844230366492146,1146.8
L,297.3,308.3,2358,14.9,49,0,0,0,0,0,0,11.0,3.6789738219895294,730.1
M,297.3,308.3,1341,51.9,51,0,0,0,0,0,0,11.0,7.287738219895287,2646.9
L,297.3,308.3,1550,37.0,54,0,0,0,0,0,0,11.0,6.005235602094241,1998.0
L,297.3,308.3,1309,61.5,56,0,0,0,0,0,0,11.0,8.429685863874345,3444.0
M,297.3,308.4,1599,32.9,58,0,0,0,0,0,0,11.099999999999966,5.508596858638743,1908.1999999999998
L,297.4,308.4,1343,40.0,61,0,0,0,0,0,0,11.0,5.625130890052356,2440.0
L,297.4,308.4,1378,39.9,63,0,0,0,0,0,0,11.0,5.757298429319372,2513.7
L,297.4,308.4,1603,34.6,65,0,0,0,0,0,0,11.0,5.8077277486911,2249.0
L,297.4,308.4,1664,28.1,67,0,0,0,0,0,0,11.0,4.896167539267016,1882.7
L,297.3,308.4,1488,37.4,69,0,0,0,0,0,0,11.099999999999966,5.827350785340314,2580.6
M,297.3,308.4,1370,50.5,71,0,0,0,0,0,0,11.099999999999966,7.244502617801047,3585.5
L,297.3,308.5,1545,34.3,74,0,0,0,0,0,0,11.199999999999989,5.549057591623036,2538.2
M,297.4,308.5,1566,31.4,76,0,0,0,0,0,0,11.100000000000023,5.148942408376962,2386.4
L,297.4,308.6,1820,24.6,79,0,0,0,0,0,0,11.200000000000045,4.688167539267016,1943.4
M,297.4,308.6,1901,22.1,81,0,0,0,0,0,0,11.200000000000045,4.39917277486911,1790.1000000000001
M,297.4,308.5,1638,32.2,84,0,0,0,0,0,0,11.100000000000023,5.522890052356021,2704.8
M,297.3,308.4,1521,38.2,87,0,0,0,0,0,0,11.099999999999966,6.0840000000000005,3323.4
H,297.3,308.4,1864,23.1,90,0,0,0,0,0,0,11.099999999999966,4.508732984293194,2079.0
L,297.3,308.3,1430,41.9,95,0,0,0,0,0,0,11.0,6.2740314136125654,3980.5
M,297.3,308.4,1686,34.5,97,0,0,0,0,0,0,11.099999999999966,6.090785340314136,3346.5
M,297.2,308.3,1326,57.2,100,0,0,0,0,0,0,11.100000000000023,7.942115183246073,5720.0
L,297.2,308.3,1805,25.6,103,0,0,0,0,0,0,11.100000000000023,4.838534031413612,2636.8
H,297.2,308.3,1453,45.8,105,0,0,0,0,0,0,11.100000000000023,6.968314136125654,4809.0
M,297.2,308.4,1863,26.0,110,0,0,0,0,0,0,11.199999999999989,5.072041884816754,2860.0
L,297.2,308.3,1576,35.3,113,0,0,0,0,0,0,11.100000000000023,5.825424083769633,3988.8999999999996
L,297.2,308.3,1419,39.7,115,0,0,0,0,0,0,11.100000000000023,5.898879581151832,4565.5
L,297.2,308.4,1833,25.2,117,0,0,0,0,0,0,11.199999999999989,4.836816753926701,2948.4
H,297.2,308.4,2182,17.3,119,0,0,0,0,0,0,11.199999999999989,3.9527329842931938,2058.7000000000003
L,297.2,308.3,1656,30.3,124,0,0,0,0,0,0,11.100000000000023,5.254115183246074,3757.2000000000003
L,297.1,308.2,1351,56.6,126,0,0,0,0,0,0,11.099999999999966,8.00697382198953,7131.6
H,297.1,308.2,1790,30.3,128,0,0,0,0,0,0,11.099999999999966,5.679267015706806,3878.4
M,297.2,308.2,1678,28.1,133,0,0,0,0,0,0,11.0,4.937361256544503,3737.3
L,297.1,308.2,1427,45.2,136,0,0,0,0,0,0,11.099999999999966,6.753968586387435,6147.200000000001
L,297.0,308.1,1429,54.0,138,0,0,0,0,0,0,11.100000000000023,8.080209424083769,7452.0
H,297.2,308.1,1770,27.2,140,0,0,0,0,0,0,10.900000000000034,5.041256544502618,3808.0
L,297.2,308.1,1689,31.2,145,0,0,0,0,0,0,10.900000000000034,5.517989528795811,4524.0
M,297.2,308.1,1554,41.3,147,0,0,0,0,0,0,10.900000000000034,6.720439790575916,6071.099999999999
L,297.3,308.1,1506,36.0,150,0,0,0,0,0,0,10.800000000000011,5.677068062827225,5400.0
L,297.2,308.1,1474,44.3,152,0,0,0,0,0,0,10.900000000000034,6.8375078534031415,6733.599999999999
L,297.3,308.1,1762,26.1,154,0,0,0,0,0,0,10.800000000000011,4.81551832460733,4019.4
L,297.3,308.1,1566,35.7,156,0,0,0,0,0,0,10.800000000000011,5.854052356020943,5569.200000000001
H,297.3,308.1,1554,42.4,158,0,0,0,0,0,0,10.800000000000011,6.899434554973821,6699.2
L,297.2,308.0,1869,25.4,163,0,0,0,0,0,0,10.800000000000011,4.9709528795811515,4140.2
L,297.3,308.0,1527,35.1,165,0,0,0,0,0,0,10.699999999999989,5.612324607329843,5791.5
L,297.2,307.9,1309,49.6,167,0,0,0,0,0,0,10.699999999999989,6.798575916230367,8283.2
M,297.2,307.9,1541,35.7,169,0,0,0,0,0,0,10.699999999999989,5.760596858638744,6033.3
L,297.2,307.9,1326,75.4,172,1,0,0,1,1,0,10.699999999999989,10.469151832460733,12968.800000000001
H,297.1,307.9,1365,54.0,174,0,0,0,0,0,0,10.799999999999955,7.718324607329843,9396.0
L,297.1,307.8,1428,43.7,179,0,0,0,0,0,0,10.699999999999989,6.534408376963351,7822.3
L,297.1,307.8,1681,27.6,181,0,0,0,0,0,0,10.699999999999989,4.858178010471205,4995.6
M,297.1,307.9,1662,26.9,183,0,0,0,0,0,0,10.799999999999955,4.68144502617801,4922.7
L,297.2,307.9,1989,20.3,186,0,0,0,0,0,0,10.699999999999989,4.227926701570681,3775.8
M,297.2,307.9,1747,29.0,188,0,0,0,0,0,0,10.699999999999989,5.305026178010471,5452.0
M,297.2,308.0,1765,31.1,191,0,0,0,0,0,0,10.800000000000011,5.747801047120419,5940.1
L,297.3,308.1,1568,34.4,194,0,0,0,0,0,0,10.800000000000011,5.648083769633508,6673.599999999999
M,297.3,308.1,1709,30.6,196,0,0,0,0,0,0,10.800000000000011,5.475958115183246,5997.6
M,297.3,308.1,1370,58.8,199,0,0,0,0,0,0,10.800000000000011,8.435183246073299,11701.199999999999
L,297.3,308.1,1458,45.7,202,0,0,0,0,0,0,10.800000000000011,6.977026178010472,9231.400000000001
L,297.2,308.1,1712,30.9,204,0,0,0,0,0,0,10.900000000000034,5.539350785340313,6303.599999999999
L,297.3,308.1,1642,36.9,206,0,0,0,0,0,0,10.800000000000011,6.34448167539267,7601.4
L,297.3,308.1,1468,49.8,0,0,0,0,0,0,0,10.800000000000011,7.655120418848167,0.0
H,297.3,308.1,1477,52.3,2,0,0,0,0,0,0,10.800000000000011,8.088701570680627,104.6
L,297.3,308.2,1446,53.5,7,0,0,0,0,0,0,10.899999999999977,8.100628272251308,374.5
H,297.3,308.2,1653,31.4,9,0,0,0,0,0,0,10.899999999999977,5.4349947643979055,282.59999999999997
L,297.3,308.3,1494,38.2,14,0,0,0,0,0,0,11.0,5.976,534.8000000000001
L,297.3,308.2,1490,41.0,16,0,0,0,0,0,0,10.899999999999977,6.396858638743455,656.0
M,297.4,308.3,1550,47.8,18,0,0,0,0,0,0,10.900000000000034,7.7581151832460735,860.4
M,297.3,308.2,1677,34.9,21,0,0,0,0,0,0,10.899999999999977,6.128513089005235,732.9
L,297.4,308.3,1854,21.8,24,0,0,0,0,0,0,10.900000000000034,4.232167539267016,523.2
M,297.5,308.5,1662,30.3,26,0,0,0,0,0,0,11.0,5.273151832460733,787.8000000000001
M,297.5,308.6,1440,38.8,29,0,0,0,0,0,0,11.100000000000023,5.850471204188481,1125.1999999999998
L,297.5,308.6,1513,39.7,32,0,0,0,0,0,0,11.100000000000023,6.289643979057592,1270.4
M,297.6,308.6,1389,49.0,34,0,0,0,0,0,0,11.0,7.126806282722513,1666.0
L,297.6,308.6,1351,51.0,37,0,0,0,0,0,0,11.0,7.214764397905759,1887.0
M,297.6,308.6,1482,38.3,39,0,0,0,0,0,0,11.0,5.9435183246073295,1493.6999999999998
L,297.6,308.6,1744,28.5,42,0,0,0,0,0,0,11.0,5.204607329842932,1197.0
L,297.6,308.7,1476,39.0,44,0,0,0,0,0,0,11.099999999999966,6.027643979057592,1716.0
M,297.6,308.6,1444,48.2,46,0,0,0,0,0,0,11.0,7.288041884816754,2217.2000000000003
H,297.6,308.7,1659,32.1,49,0,0,0,0,0,0,11.099999999999966,5.576324607329843,1572.9
M,297.6,308.7,1475,46.6,54,0,0,0,0,0,0,11.099999999999966,7.197382198952879,2516.4
L,297.6,308.6,1526,42.1,57,0,0,0,0,0,0,11.0,6.727183246073298,2399.7000000000003
M,297.4,308.4,1675,29.5,59,0,0,0,0,0,0,11.0,5.174083769633508,1740.5
L,297.4,308.4,1525,38.7,62,0,0,0,0,0,0,11.0,6.1798429319371735,2399.4
L,297.3,308.3,1396,45.9,64,0,0,0,0,0,0,11.0,6.709570680628272,2937.6
L,297.4,308.4,1580,41.2,66,0,0,0,0,0,0,11.0,6.816335078534032,2719.2000000000003
L,297.4,308.5,1462,42.8,68,0,0,0,0,0,0,11.100000000000023,6.552209424083769,2910.3999999999996
L,297.4,308.4,1426,50.4,70,0,0,0,0,0,0,11.0,7.525696335078534,3528.0
L,297.4,308.5,1569,34.2,72,0,0,0,0,0,0,11.100000000000023,5.61882722513089,2462.4
L,297.4,308.5,1477,40.7,74,0,0,0,0,0,0,11.100000000000023,6.294649214659686,3011.8
L,297.4,308.5,1761,27.2,76,0,0,0,0,0,0,11.100000000000023,5.015623036649214,2067.2
M,297.5,308.6,1486,45.9,78,0,0,0,0,0,0,11.100000000000023,7.142136125654449,3580.2
L,297.6,308.6,1664,30.1,81,0,0,0,0,0,0,11.0,5.244649214659686,2438.1
L,297.6,308.6,1576,32.7,83,0,0,0,0,0,0,11.0,5.396356020942409,2714.1000000000004
H,297.6,308.6,1463,46.7,85,0,0,0,0,0,0,11.0,7.15414659685864,3969.5000000000005
M,297.6,308.6,1585,42.0,90,0,0,0,0,0,0,11.0,6.970680628272251,3780.0
L,297.7,308.7,1479,45.7,93,0,0,0,0,0,0,11.0,7.07751832460733,4250.1
L,297.7,308.7,1449,40.2,95,0,0,0,0,0,0,11.0,6.099455497382199,3819.0000000000005
H,297.7,308.8,1404,50.3,97,0,0,0,0,0,0,11.100000000000023,7.394890052356021,4879.099999999999
L,297.7,308.7,1694,29.1,102,0,0,0,0,0,0,11.0,5.161821989528796,2968.2000000000003
L,297.7,308.7,1731,28.4,104,0,0,0,0,0,0,11.0,5.147685863874345,2953.6
L,297.6,308.6,1522,37.0,106,0,0,0,0,0,0,11.0,5.896753926701571,3922.0
L,297.5,308.5,1536,36.9,108,0,0,0,0,0,0,11.0,5.934910994764397,3985.2
L,297.5,308.5,1373,39.9,110,0,0,0,0,0,0,11.0,5.73640837696335,4389.0
L,297.5,308.5,1597,36.4,112,0,0,0,0,0,0,11.0,6.086994764397906,4076.7999999999997
L,297.6,308.5,1678,34.2,114,0,0,0,0,0,0,10.899999999999977,6.009172774869111,3898.8
L,297.6,308.5,1452,42.6,116,0,0,0,0,0,0,10.899999999999977,6.476984293193718,4941.6
M,297.5,308.5,1447,41.6,118,0,0,0,0,0,0,11.0,6.303162303664922,4908.8
L,297.6,308.5,1574,37.1,121,0,0,0,0,0,0,10.899999999999977,6.114701570680628,4489.1
L,297.6,308.6,1528,40.0,123,0,0,0,0,0,0,11.0,6.4,4920.0
L,297.7,308.7,1688,27.2,125,0,0,0,0,0,0,11.0,4.807706806282722,3400.0
L,297.6,308.6,1393,40.4,127,0,0,0,0,0,0,11.0,5.892900523560209,5130.8
M,297.5,308.6,1429,50.5,129,0,0,0,0,0,0,11.100000000000023,7.556492146596859,6514.5
M,297.5,308.6,1347,57.0,132,0,0,0,0,0,0,11.100000000000023,8.039685863874345,7524.0
L,297.6,308.6,1553,40.5,135,0,0,0,0,0,0,11.0,6.586020942408377,5467.5
L,297.5,308.6,1260,53.6,137,0,0,0,0,0,0,11.100000000000023,7.071832460732984,7343.2
L,297.5,308.6,1546,33.8,139,0,0,0,0,0,0,11.100000000000023,5.471706806282722,4698.2
L,297.5,308.6,1596,36.0,141,0,0,0,0,0,0,11.100000000000023,6.0163350785340315,5076.0
L,297.5,308.5,1340,57.4,143,0,0,0,0,0,0,11.0,8.054031413612565,8208.199999999999
M,297.5,308.4,1369,54.8,145,0,0,0,0,0,0,10.899999999999977,7.855623036649215,7946.0
L,297.5,308.5,1462,52.3,148,0,0,0,0,0,0,11.0,8.006554973821988,7740.4
H,297.4,308.4,1487,46.2,150,0,0,0,0,0,0,11.0,7.193654450261781,6930.0
M,297.5,308.6,1510,35.5,155,0,0,0,0,0,0,11.100000000000023,5.613089005235602,5502.5
H,297.5,308.5,1671,28.0,158,0,0,0,0,0,0,11.0,4.899267015706807,4424.0
M,297.5,308.5,1612,30.0,163,0,0,0,0,0,0,11.0,5.063874345549738,4890.0
M,297.6,308.6,1509,39.7,166,0,0,0,0,0,0,11.0,6.273015706806283,6590.200000000001
L,297.6,308.6,1415,47.3,169,0,0,0,0,0,0,11.0,7.008324607329843,7993.7
L,297.6,308.6,2384,14.4,171,0,0,0,0,0,0,11.0,3.594722513089005,2462.4
L,297.6,308.6,1326,62.4,173,0,0,0,0,0,0,11.0,8.664125654450261,10795.199999999999
M,297.6,308.6,1390,53.4,175,0,0,0,0,0,0,11.0,7.772356020942408,9345.0
M,297.6,308.7,1392,41.2,178,0,0,0,0,0,0,11.099999999999966,6.005277486910995,7333.6
H,297.6,308.8,1385,44.4,181,0,0,0,0,0,0,11.199999999999989,6.439162303664921,8036.4
L,297.7,308.8,1896,24.5,186,0,0,0,0,0,0,11.100000000000023,4.864083769633508,4557.0
L,297.7,308.7,1474,46.8,188,0,0,0,0,0,0,11.0,7.223371727748691,8798.4
M,297.7,308.8,1388,45.6,190,0,0,0,0,0,0,11.100000000000023,6.627518324607331,8664.0
L,297.7,308.9,1715,27.2,193,0,0,0,0,0,0,11.199999999999989,4.8846073298429316,5249.599999999999
H,297.8,308.9,1650,32.2,195,0,0,0,0,0,0,11.099999999999966,5.563350785340315,6279.000000000001
L,297.8,308.9,1871,25.6,200,1,1,0,0,0,0,11.099999999999966,5.0154554973822,5120.0
L,297.8,309.0,1403,64.2,0,1,0,0,1,0,0,11.199999999999989,9.431685863874346,0.0
L,297.8,308.9,1518,40.4,2,0,0,0,0,0,0,11.099999999999966,6.421696335078534,80.8
L,297.9,309.1,1504,43.0,4,0,0,0,0,0,0,11.200000000000045,6.771937172774869,172.0
L,297.8,309.0,1340,56.9,6,0,0,0,0,0,0,11.199999999999989,7.983874345549738,341.4
H,297.9,309.1,1435,44.7,8,0,0,0,0,0,0,11.200000000000045,6.7167015706806295,357.6
L,297.9,309.1,1507,36.9,13,0,0,0,0,0,0,11.200000000000045,5.822858638743455,479.7
L,297.9,309.1,1521,36.1,15,0,0,0,0,0,0,11.200000000000045,5.749539267015707,541.5
M,297.8,309.0,1576,45.0,17,0,0,0,0,0,0,11.199999999999989,7.4261780104712045,765.0
L,297.9,309.1,1543,36.6,20,0,0,0,0,0,0,11.200000000000045,5.913486910994765,732.0
L,298.0,309.2,1665,36.6,22,0,0,0,0,0,0,11.199999999999989,6.381047120418848,805.2
L,297.9,309.1,1442,50.3,24,0,0,0,0,0,0,11.200000000000045,7.595036649214658,1207.1999999999998
L,297.9,309.0,1629,29.0,26,0,0,0,0,0,0,11.100000000000023,4.946701570680628,754.0
L,297.9,309.0,1379,47.3,28,0,0,0,0,0,0,11.100000000000023,6.830020942408376,1324.3999999999999
L,297.9,309.0,1502,40.2,30,0,0,0,0,0,0,11.100000000000023,6.3225549738219895,1206.0
L,297.9,309.1,1595,32.0,32,0,0,0,0,0,0,11.200000000000045,5.344502617801047,1024.0
M,298.0,309.0,1439,38.5,34,0,0,0,0,0,0,11.0,5.801204188481675,1309.0
M,297.9,309.0,1970,21.6,37,0,0,0,0,0,0,11.100000000000023,4.4557068062827225,799.2
L,297.9,309.0,1562,35.8,40,0,0,0,0,0,0,11.100000000000023,5.855455497382199,1432.0
M,297.9,309.0,1530,40.9,42,0,0,0,0,0,0,11.100000000000023,6.552565445026178,1717.8
L,297.9,308.9,1393,40.6,45,0,0,0,0,0,0,11.0,5.92207329842932,1827.0
L,297.9,309.0,1532,37.6,47,0,0,0,0,0,0,11.100000000000023,6.031748691099477,1767.2
L,298.0,308.9,1607,37.7,49,0,0,0,0,0,0,10.899999999999977,6.3438638743455495,1847.3000000000002
M,297.9,308.8,1469,49.0,51,0,0,0,0,0,0,10.900000000000034,7.537277486910995,2499.0
M,297.9,308.8,1538,37.6,54,0,0,0,0,0,0,10.900000000000034,6.055371727748692,2030.4
L,297.9,308.8,1613,31.4,57,0,0,0,0,0,0,10.900000000000034,5.303476439790575,1789.8
M,297.9,308.8,1602,32.1,59,0,0,0,0,0,0,10.900000000000034,5.384732984293194,1893.9
L,297.8,308.7,1404,44.2,62,0,0,0,0,0,0,10.899999999999977,6.4980942408376965,2740.4
L,297.8,308.8,1548,36.9,64,0,0,0,0,0,0,11.0,5.981277486910995,2361.6
L,297.8,308.8,1559,35.2,66,0,0,0,0,0,0,11.0,5.746261780104712,2323.2000000000003
L,297.8,308.8,1621,36.1,68,0,0,0,0,0,0,11.0,6.127549738219896,2454.8
L,297.8,308.8,1579,32.9,70,0,0,0,0,0,0,11.0,5.4396963350785335,2303.0
M,297.9,308.9,1547,44.0,72,0,0,0,0,0,0,11.0,7.127539267015707,3168.0
L,297.9,308.8,1386,48.6,75,0,0,0,0,0,0,10.900000000000034,7.053361256544504,3645.0
L,298.0,308.9,1406,40.9,77,0,0,0,0,0,0,10.899999999999977,6.021507853403142,3149.2999999999997
M,298.0,309.0,1393,55.9,79,0,0,0,0,0,0,11.0,8.15379057591623,4416.099999999999
M,297.9,309.0,2456,13.9,82,0,0,0,0,0,0,11.100000000000023,3.574701570680628,1139.8
M,298.0,309.0,1409,49.1,85,0,0,0,0,0,0,11.0,7.244178010471205,4173.5
L,298.0,308.9,1390,53.9,88,0,0,0,0,0,0,10.899999999999977,7.845130890052356,4743.2
L,298.0,309.0,1679,32.4,90,0,0,0,0,0,0,11.0,5.696293193717278,2916.0
L,298.0,308.9,1508,37.1,92,0,0,0,0,0,0,10.899999999999977,5.858303664921467,3413.2000000000003
L,297.9,308.8,1681,31.7,94,0,0,0,0,0,0,10.900000000000034,5.579863874345549,2979.7999999999997
H,297.7,308.8,1469,43.7,96,0,0,0,0,0,0,11.100000000000023,6.722020942408378,4195.200000000001
L,297.8,308.8,1421,49.6,101,0,0,0,0,0,0,11.0,7.380272251308901,5009.6
L,297.7,308.8,1354,50.2,103,0,0,0,0,0,0,11.100000000000023,7.117361256544503,5170.6
M,297.7,308.8,1350,57.0,105,0,0,0,0,0,0,11.100000000000023,8.057591623036648,5985.0
L,297.8,308.9,1282,58.1,108,0,0,0,0,0,0,11.099999999999966,7.799392670157068,6274.8
M,297.8,309.0,1675,30.0,110,0,0,0,0,0,0,11.199999999999989,5.261780104712042,3300.0
M,297.9,309.0,1525,38.5,113,0,0,0,0,0,0,11.100000000000023,6.147905759162303,4350.5
L,297.9,309.0,1382,43.9,116,0,0,0,0,0,0,11.100000000000023,6.352858638743455,5092.4
L,297.9,309.0,1450,46.8,118,0,0,0,0,0,0,11.100000000000023,7.105759162303665,5522.4
L,298.0,309.1,1820,23.6,120,0,0,0,0,0,0,11.100000000000023,4.497591623036649,2832.0
L,298.0,309.1,1822,23.5,122,0,0,0,0,0,0,11.100000000000023,4.483455497382199,2867.0
L,298.0,309.1,1473,44.3,124,0,0,0,0,0,0,11.100000000000023,6.8328691099476435,5493.2
M,298.1,309.1,1572,37.5,126,0,0,0,0,0,0,11.0,6.172774869109948,4725.0
M,298.1,309.0,2042,17.8,129,0,0,0,0,0,0,10.899999999999977,3.8060314136125655,2296.2000000000003
L,298.2,309.2,1922,22.6,132,0,0,0,0,0,0,11.0,4.548397905759162,2983.2000000000003
L,298.2,309.1,1539,36.5,134,0,0,0,0,0,0,10.900000000000034,5.882041884816754,4891.0
L,298.2,309.1,1350,52.0,136,0,0,0,0,0,0,10.900000000000034,7.350785340314136,7072.0
L,298.3,309.1,1403,45.1,138,0,0,0,0,0,0,10.800000000000011,6.625685863874346,6223.8
L,298.3,309.1,1904,20.3,140,0,0,0,0,0,0,10.800000000000011,4.04724607329843,2842.0
M,298.2,308.9,1592,35.2,142,0,0,0,0,0,0,10.699999999999989,5.867895287958115,4998.400000000001
L,298.1,308.7,1556,31.6,145,0,0,0,0,0,0,10.599999999999966,5.148649214659686,4582.0
M,298.1,308.8,1811,25.4,147,0,0,0,0,0,0,10.699999999999989,4.816691099476439,3733.7999999999997
M,298.2,308.8,1456,41.2,150,0,0,0,0,0,0,10.600000000000023,6.28138219895288,6180.0
H,298.2,308.8,1436,51.9,153,0,0,0,0,0,0,10.600000000000023,7.804020942408377,7940.7
M,298.1,308.7,1362,49.6,158,0,0,0,0,0,0,10.599999999999966,7.073842931937173,7836.8
L,298.1,308.7,1683,29.1,161,0,0,0,0,0,0,10.599999999999966,5.128303664921466,4685.1
M,298.2,308.7,1269,60.9,163,0,0,0,0,0,0,10.5,8.092366492146596,9926.699999999999
L,298.3,308.8,1454,49.0,166,0,0,0,0,0,0,10.5,7.460314136125654,8134.0
L,298.3,308.8,1767,27.3,168,0,0,0,0,0,0,10.5,5.051214659685864,4586.400000000001
L,298.3,308.9,1708,27.3,170,0,0,0,0,0,0,10.599999999999966,4.88255497382199,4641.0
L,298.3,308.9,1862,27.0,172,0,0,0,0,0,0,10.599999999999966,5.264293193717277,4644.0
L,298.3,308.9,1695,30.7,174,0,0,0,0,0,0,10.599999999999966,5.448848167539267,5341.8
M,298.3,309.1,1488,40.6,176,0,0,0,0,0,0,10.800000000000011,6.325947643979058,7145.6
L,298.3,309.0,1657,32.2,179,0,0,0,0,0,0,10.699999999999989,5.586952879581152,5763.8
H,298.3,309.0,1823,25.9,181,0,0,0,0,0,0,10.699999999999989,4.944052356020942,4687.9
M,298.2,309.1,1651,28.8,186,0,0,0,0,0,0,10.900000000000034,4.978931937172775,5356.8
M,298.1,309.0,1533,36.1,189,0,0,0,0,0,0,10.899999999999977,5.79490052356021,6822.900000000001
M,298.2,309.0,1508,40.5,192,0,0,0,0,0,0,10.800000000000011,6.395183246073298,7776.0
L,298.3,309.1,1616,31.1,195,0,0,0,0,0,0,10.800000000000011,5.262575916230367,6064.5
L,298.2,309.0,1651,31.5,197,0,0,0,0,0,0,10.800000000000011,5.445706806282723,6205.5
L,298.2,309.1,1569,35.2,199,0,0,0,0,0,0,10.900000000000034,5.783120418848168,7004.8
M,298.3,309.1,1296,58.7,201,0,0,0,0,0,0,10.800000000000011,7.965989528795811,11798.7
H,298.3,309.0,1379,43.2,0,0,0,0,0,0,0,10.699999999999989,6.237989528795812,0.0
M,298.2,309.0,1694,28.0,5,0,0,0,0,0,0,10.800000000000011,4.966701570680629,140.0
L,298.2,309.0,1377,57.8,8,0,0,0,0,0,0,10.800000000000011,8.334094240837695,462.4
H,298.3,309.0,1470,38.4,10,0,0,0,0,0,0,10.699999999999989,5.910785340314136,384.0
M,298.3,309.1,1404,47.0,15,0,0,0,0,0,0,10.800000000000011,6.909738219895288,705.0
L,298.3,309.1,1593,40.1,18,0,0,0,0,0,0,10.800000000000011,6.688931937172775,721.8000000000001
M,298.3,309.0,1526,36.9,20,0,0,0,0,0,0,10.699999999999989,5.8962722513089005,738.0
M,298.3,308.9,1390,49.7,23,0,0,0,0,0,0,10.599999999999966,7.233821989528796,1143.1000000000001
L,298.2,308.9,1737,25.5,26,0,0,0,0,0,0,10.699999999999989,4.638062827225131,663.0
L,298.2,308.8,1362,57.3,28,0,0,0,0,0,0,10.600000000000023,8.171999999999999,1604.3999999999999
L,298.2,308.8,1666,31.5,30,0,0,0,0,0,0,10.600000000000023,5.4951832460732986,945.0
L,298.2,308.8,1354,60.9,32,0,0,0,0,0,0,10.600000000000023,8.63440837696335,1948.8
L,298.2,308.8,1302,60.4,34,0,0,0,0,0,0,10.600000000000023,8.234638743455498,2053.6
L,298.2,308.7,1991,20.5,36,0,0,0,0,0,0,10.5,4.273874345549738,738.0
L,298.2,308.6,1353,54.1,38,0,0,0,0,0,0,10.400000000000034,7.664638743455498,2055.8
H,298.2,308.7,1520,35.7,40,0,0,0,0,0,0,10.5,5.6820942408376975,1428.0
L,298.2,308.7,1428,54.9,45,0,0,0,0,0,0,10.5,8.209130890052355,2470.5
L,298.2,308.7,1605,29.4,47,0,0,0,0,0,0,10.5,4.941047120418848,1381.8
L,298.1,308.7,1691,30.3,49,0,0,0,0,0,0,10.599999999999966,5.365162303664921,1484.7
L,298.2,308.7,1447,48.4,51,0,0,0,0,0,0,10.5,7.333486910994765,2468.4
H,298.2,308.8,1606,39.9,53,0,0,0,0,0,0,10.600000000000023,6.7098848167539265,2114.7
M,298.2,308.8,1645,28.2,58,0,0,0,0,0,0,10.600000000000023,4.857486910994765,1635.6
H,298.2,308.8,1470,43.3,61,0,0,0,0,0,0,10.600000000000023,6.6650261780104705,2641.2999999999997
L,298.2,308.9,1336,45.0,66,0,0,0,0,0,0,10.699999999999989,6.295287958115183,2970.0
M,298.2,308.9,1414,44.3,68,0,0,0,0,0,0,10.699999999999989,6.559183246073298,3012.3999999999996
M,298.3,309.0,1802,27.5,71,0,0,0,0,0,0,10.699999999999989,5.189005235602094,1952.5
L,298.2,308.9,1683,31.7,74,0,0,0,0,0,0,10.699999999999989,5.586502617801047,2345.7999999999997
M,298.2,309.0,1410,47.6,76,0,0,0,0,0,0,10.800000000000011,7.0278534031413615,3617.6
L,298.2,308.9,1605,32.0,79,0,0,0,0,0,0,10.699999999999989,5.378010471204188,2528.0
L,298.2,308.9,1709,28.1,81,0,0,0,0,0,0,10.699999999999989,5.028575916230366,2276.1
L,298.2,308.9,1444,53.1,83,0,0,0,0,0,0,10.699999999999989,8.028942408376965,4407.3
L,298.2,308.9,1367,45.0,85,0,0,0,0,0,0,10.699999999999989,6.441361256544503,3825.0
L,298.2,309.0,1418,44.2,87,0,0,0,0,0,0,10.800000000000011,6.562890052356021,3845.4
L,298.2,309.0,1353,57.8,89,0,0,0,0,0,0,10.800000000000011,8.188837696335078,5144.2
L,298.2,309.0,1643,34.1,91,0,0,0,0,0,0,10.800000000000011,5.866628272251309,3103.1
L,298.3,309.1,1437,38.0,93,0,0,0,0,0,0,10.800000000000011,5.717905759162304,3534.0
L,298.1,309.0,1437,36.2,95,0,0,0,0,0,0,10.899999999999977,5.447057591623037,3439.0000000000005
M,298.2,309.0,1413,47.9,97,0,0,0,0,0,0,10.800000000000011,7.087193717277486,4646.3
H,298.2,309.0,1524,39.1,100,0,0,0,0,0,0,10.800000000000011,6.239623036649215,3910.0
M,298.1,308.9,1479,43.4,105,0,0,0,0,0,0,10.799999999999955,6.721319371727748,4557.0
L,298.1,308.9,1313,50.6,108,0,0,0,0,0,0,10.799999999999955,6.956837696335079,5464.8
M,298.1,308.9,1335,50.4,110,0,0,0,0,0,0,10.799999999999955,7.045445026178011,5544.0
L,298.1,308.9,1367,41.9,113,0,0,0,0,0,0,10.799999999999955,5.997623036649214,4734.7
M,298.1,308.9,1459,50.3,115,0,0,0,0,0,0,10.799999999999955,7.684575916230366,5784.5
M,298.1,308.9,1804,25.1,118,0,0,0,0,0,0,10.799999999999955,4.741403141361257,2961.8
L,298.2,309.0,1491,38.3,121,0,0,0,0,0,0,10.800000000000011,5.979612565445025,4634.299999999999
L,298.3,309.1,1537,43.0,123,0,0,0,0,0,0,10.800000000000011,6.920523560209424,5289.0
H,298.3,309.1,1646,30.2,125,0,0,0,0,0,0,10.800000000000011,5.205151832460733,3775.0
M,298.3,309.2,1783,28.3,130,0,0,0,0,0,0,10.899999999999977,5.28365445026178,3679.0
L,298.3,309.1,1395,49.8,133,0,0,0,0,0,0,10.800000000000011,7.274450261780105,6623.4
L,298.4,309.1,1423,48.0,135,0,0,0,0,0,0,10.700000000000045,7.1522513089005235,6480.0
L,298.3,309.2,1562,37.6,137,0,0,0,0,0,0,10.899999999999977,6.1498638743455505,5151.2
L,298.4,309.3,1549,40.8,139,0,0,0,0,0,0,10.900000000000034,6.617717277486911,5671.2
L,298.4,309.4,1540,43.2,141,0,0,0,0,0,0,11.0,6.966282722513089,6091.200000000001
H,298.5,309.4,1573,33.6,143,0,0,0,0,0,0,10.899999999999977,5.534324607329843,4804.8
L,298.5,309.4,1418,45.1,148,0,0,0,0,0,0,10.899999999999977,6.696523560209425,6674.8
M,298.5,309.4,1565,33.7,150,0,0,0,0,0,0,10.899999999999977,5.522565445026179,5055.0
L,298.5,309.5,1569,41.0,153,0,0,0,0,0,0,11.0,6.736020942408377,6273.0
H,298.5,309.4,1417,41.2,155,0,0,0,0,0,0,10.899999999999977,6.113130890052356,6386.0
L,298.5,309.5,1480,38.1,160,0,0,0,0,0,0,11.0,5.904502617801047,6096.0
L,298.5,309.4,1364,44.5,162,0,0,0,0,0,0,10.899999999999977,6.355811518324607,7209.0
L,298.5,309.4,1911,21.5,164,0,0,0,0,0,0,10.899999999999977,4.302251308900524,3526.0
L,298.4,309.3,1409,43.1,166,0,0,0,0,0,0,10.900000000000034,6.358942408376963,7154.6
L,298.4,309.2,1335,53.5,168,0,0,0,0,0,0,10.800000000000011,7.478795811518324,8988.0
M,298.5,309.3,1512,38.1,170,0,0,0,0,0,0,10.800000000000011,6.032167539267016,6477.0
L,298.6,309.4,1447,40.2,173,0,0,0,0,0,0,10.799999999999955,6.09103664921466,6954.6
L,298.6,309.3,1537,37.6,175,0,0,0,0,0,0,10.699999999999989,6.051434554973823,6580.0
M,298.6,309.3,1510,40.8,177,0,0,0,0,0,0,10.699999999999989,6.45109947643979,7221.599999999999
L,298.6,309.3,1677,31.2,180,0,0,0,0,0,0,10.699999999999989,5.478785340314136,5616.0
L,298.5,309.2,1504,33.7,182,0,0,0,0,0,0,10.699999999999989,5.3073089005235605,6133.400000000001
H,298.5,309.1,2051,19.0,184,0,0,0,0,0,0,10.600000000000023,4.080523560209424,3496.0
L,298.5,309.1,1474,41.3,189,0,0,0,0,0,0,10.600000000000023,6.374471204188481,7805.7
M,298.4,309.0,1507,36.1,191,0,0,0,0,0,0,10.600000000000023,5.696617801047121,6895.1
L,298.4,308.9,1496,37.9,194,0,0,0,0,0,0,10.5,5.937005235602094,7352.599999999999
M,298.5,309.0,1921,22.0,196,0,0,0,0,0,0,10.5,4.425340314136125,4312.0
L,298.5,309.0,1450,40.5,199,0,0,0,0,0,0,10.5,6.149214659685864,8059.5
L,298.4,308.9,1402,44.8,201,0,0,0,0,0,0,10.5,6.576921465968586,9004.8
L,298.4,308.9,1501,50.0,203,0,0,0,0,0,0,10.5,7.858638743455497,10150.0
L,298.5,308.9,1725,31.9,205,0,0,0,0,0,0,10.399999999999977,5.762041884816754,6539.5
H,298.5,308.9,1500,40.3,207,0,0,0,0,0,0,10.399999999999977,6.329842931937172,8342.099999999999
H,298.5,309.0,1531,30.8,212,0,0,0,0,0,0,10.5,4.937675392670157,6529.6
L,298.5,309.0,1458,44.8,217,0,0,0,0,0,0,10.5,6.839623036649214,9721.599999999999
H,298.4,308.9,1577,37.1,0,0,0,0,0,0,0,10.5,6.126356020942409,0.0
M,298.3,308.9,1363,46.1,5,0,0,0,0,0,0,10.599999999999966,6.5795078534031415,230.5
H,298.3,308.9,1706,31.8,8,0,0,0,0,0,0,10.599999999999966,5.680712041884817,254.4
M,298.3,308.8,1391,50.4,13,0,0,0,0,0,0,10.5,7.340984293193717,655.1999999999999
L,298.2,308.8,1616,33.7,16,0,0,0,0,0,0,10.600000000000023,5.702534031413613,539.2
L,298.2,308.8,1442,47.0,18,0,0,0,0,0,0,10.600000000000023,7.096753926701571,846.0
M,298.2,308.8,1626,40.4,20,0,0,0,0,0,0,10.600000000000023,6.878575916230366,808.0
M,298.2,308.7,1426,42.6,23,0,0,0,0,0,0,10.5,6.361005235602094,979.8000000000001
L,298.2,308.7,1436,49.1,26,0,0,0,0,0,0,10.5,7.382994764397907,1276.6000000000001
M,298.2,308.7,1599,36.2,28,0,0,0,0,0,0,10.5,6.061130890052357,1013.6000000000001
L,298.2,308.7,2186,17.8,31,0,0,0,0,0,0,10.5,4.0744293193717285,551.8000000000001
L,298.3,308.8,1645,30.4,33,0,0,0,0,0,0,10.5,5.236439790575917,1003.1999999999999
L,298.2,308.7,1780,27.9,35,0,0,0,0,0,0,10.5,5.20020942408377,976.5
L,298.2,308.8,1345,44.3,37,0,0,0,0,0,0,10.600000000000023,6.239109947643978,1639.1
M,298.2,308.8,1607,31.9,39,0,0,0,0,0,0,10.600000000000023,5.367884816753926,1244.1
L,298.3,308.9,1708,28.0,42,0,0,0,0,0,0,10.599999999999966,5.007748691099477,1176.0
L,298.3,308.9,1270,52.7,44,0,0,0,0,0,0,10.599999999999966,7.008272251308901,2318.8
M,298.3,308.9,1646,25.4,46,0,0,0,0,0,0,10.599999999999966,4.377842931937172,1168.3999999999999
L,298.2,308.7,1407,45.1,49,0,0,0,0,0,0,10.5,6.644575916230367,2209.9
M,298.1,308.7,1581,47.4,51,0,0,0,0,0,0,10.599999999999966,7.847057591623036,2417.4
L,298.0,308.6,1532,42.6,54,0,0,0,0,0,0,10.600000000000023,6.833842931937173,2300.4
L,298.0,308.6,1610,33.1,56,0,0,0,0,0,0,10.600000000000023,5.58020942408377,1853.6000000000001
M,298.0,308.5,1682,33.0,58,0,0,0,0,0,0,10.5,5.812146596858638,1914.0
L,297.9,308.5,1519,34.3,61,0,0,0,0,0,0,10.600000000000023,5.455675392670157,2092.2999999999997
L,297.9,308.5,1683,28.5,63,0,0,0,0,0,0,10.600000000000023,5.022565445026178,1795.5
M,298.0,308.6,1254,55.8,65,0,0,0,0,0,0,10.600000000000023,7.3270366492146595,3627.0
L,298.0,308.5,1461,48.0,68,0,0,0,0,0,0,10.5,7.343246073298429,3264.0
L,297.9,308.5,1472,45.1,70,0,0,0,0,0,0,10.600000000000023,6.951539267015707,3157.0
L,297.7,308.4,1510,38.6,72,0,0,0,0,0,0,10.699999999999989,6.103246073298429,2779.2000000000003
M,297.7,308.3,1547,36.8,74,0,0,0,0,0,0,10.600000000000023,5.961214659685863,2723.2
H,297.7,308.4,1418,51.9,77,0,0,0,0,0,0,10.699999999999989,7.706198952879581,3996.2999999999997
L,297.7,308.4,1289,51.3,82,0,0,0,0,0,0,10.699999999999989,6.924157068062827,4206.599999999999
L,297.7,308.4,1487,41.4,84,0,0,0,0,0,0,10.699999999999989,6.446261780104711,3477.6
L,297.7,308.5,1453,45.5,86,0,0,0,0,0,0,10.800000000000011,6.922670157068063,3913.0
M,297.8,308.5,1466,44.7,88,0,0,0,0,0,0,10.699999999999989,6.861801047120419,3933.6000000000004
H,297.7,308.4,1288,49.5,91,0,0,0,0,0,0,10.699999999999989,6.676020942408377,4504.5
H,297.7,308.4,1738,27.7,96,0,0,0,0,0,0,10.699999999999989,5.041109947643979,2659.2
H,297.7,308.3,1488,41.0,101,0,0,0,0,0,0,10.600000000000023,6.3882722513089005,4141.0
L,297.6,308.3,1816,28.8,106,0,0,0,0,0,0,10.699999999999989,5.476523560209424,3052.8
L,297.5,308.2,1419,48.5,108,0,0,0,0,0,0,10.699999999999989,7.206439790575916,5238.0
L,297.4,308.1,1435,45.7,110,0,0,0,0,0,0,10.700000000000045,6.8669633507853405,5027.0
M,297.5,308.1,1480,42.4,112,0,0,0,0,0,0,10.600000000000023,6.570890052356021,4748.8
L,297.5,308.2,1610,33.6,115,0,0,0,0,0,0,10.699999999999989,5.664502617801047,3864.0
H,297.5,308.1,1548,38.2,117,0,0,0,0,0,0,10.600000000000023,6.192,4469.400000000001
M,297.6,308.1,1379,57.4,122,0,0,0,0,0,0,10.5,8.288439790575916,7002.8
M,297.5,308.1,1907,23.5,125,0,0,0,0,0,0,10.600000000000023,4.6926178010471205,2937.5
M,297.5,308.0,2033,16.7,128,0,0,0,0,0,0,10.5,3.555089005235602,2137.6
H,297.4,307.9,1390,52.0,131,0,0,0,0,0,0,10.5,7.568586387434555,6812.0
M,297.5,307.9,1544,37.9,136,0,0,0,0,0,0,10.399999999999977,6.1274973821989525,5154.4
L,297.6,308.0,1258,57.4,139,0,0,0,0,0,0,10.399999999999977,7.561172774869109,7978.599999999999
M,297.5,308.0,1560,39.0,141,0,0,0,0,0,0,10.5,6.370680628272251,5499.0
H,297.6,308.2,2071,18.5,144,0,0,0,0,0,0,10.599999999999966,4.011884816753927,2664.0
L,297.6,308.1,1437,46.3,149,0,0,0,0,0,0,10.5,6.9668167539267,6898.7
H,297.7,308.2,1489,43.0,151,0,0,0,0,0,0,10.5,6.704397905759162,6493.0
L,297.7,308.2,1334,53.0,156,0,0,0,0,0,0,10.5,7.403350785340314,8268.0
L,297.7,308.2,1500,39.9,158,0,0,0,0,0,0,10.5,6.267015706806283,6304.2
L,297.8,308.3,1498,47.3,160,0,0,0,0,0,0,10.5,7.419413612565444,7568.0
M,297.7,308.2,1370,53.4,162,0,0,0,0,0,0,10.5,7.660523560209424,8650.8
H,297.7,308.2,1526,40.1,165,0,0,0,0,0,0,10.5,6.407602094240837,6616.5
L,297.8,308.3,1477,44.8,170,0,0,0,0,0,0,10.5,6.92875392670157,7615.999999999999
L,297.7,308.2,1446,43.9,172,0,0,0,0,0,0,10.5,6.647057591623037,7550.8
M,297.7,308.2,1720,25.6,174,0,0,0,0,0,0,10.5,4.6106806282722514,4454.400000000001
L,297.7,308.1,1734,30.7,177,0,0,0,0,0,0,10.400000000000034,5.574219895287958,5433.9
L,297.7,308.1,1697,29.1,179,0,0,0,0,0,0,10.400000000000034,5.170963350785341,5208.900000000001
L,297.7,308.2,2007,19.3,181,0,0,0,0,0,0,10.5,4.0560314136125655,3493.3
M,297.7,308.1,1469,48.8,183,0,0,0,0,0,0,10.400000000000034,7.506513089005235,8930.4
M,297.7,308.1,2189,15.6,186,0,0,0,0,0,0,10.400000000000034,3.5757486910994767,2901.6
L,297.8,308.3,1435,50.1,189,0,0,0,0,0,0,10.5,7.528115183246073,9468.9
H,297.9,308.4,1637,34.5,191,0,0,0,0,0,0,10.5,5.913769633507854,6589.5
L,298.0,308.5,1664,28.3,196,0,0,0,0,0,0,10.5,4.931015706806283,5546.8
M,298.0,308.5,1666,31.0,198,0,0,0,0,0,0,10.5,5.407958115183246,6138.0
L,298.0,308.5,1404,46.6,201,0,0,0,0,0,0,10.5,6.850931937172775,9366.6
L,298.0,308.5,1702,26.7,203,0,0,0,0,0,0,10.5,4.758471204188482,5420.099999999999
L,298.1,308.6,1439,44.9,205,0,0,0,0,0,0,10.5,6.765560209424083,9204.5
L,298.1,308.6,1354,53.9,207,1,0,0,0,1,0,10.5,7.641947643979057,11157.3
M,298.2,308.7,1361,44.2,0,0,0,0,0,0,0,10.5,6.299078534031414,0.0
M,298.1,308.5,1463,45.9,3,0,0,0,0,0,0,10.399999999999977,7.031591623036649,137.7
H,298.1,308.4,1515,43.8,6,0,0,0,0,0,0,10.299999999999955,6.9483769633507855,262.79999999999995
L,298.0,308.4,1432,46.2,11,0,0,0,0,0,0,10.399999999999977,6.927581151832461,508.20000000000005
L,298.0,308.4,1911,22.0,13,0,0,0,0,0,0,10.399999999999977,4.402303664921466,286.0
L,298.0,308.4,1472,42.0,15,0,0,0,0,0,0,10.399999999999977,6.473717277486911,630.0
M,298.1,308.5,1382,54.5,17,0,0,0,0,0,0,10.399999999999977,7.886806282722513,926.5
L,298.1,308.5,1665,29.6,20,0,0,0,0,0,0,10.399999999999977,5.160628272251309,592.0
L,298.1,308.5,1676,30.5,22,0,0,0,0,0,0,10.399999999999977,5.352670157068063,671.0
M,298.0,308.5,1585,33.0,24,0,0,0,0,0,0,10.5,5.47696335078534,792.0
M,298.1,308.6,1415,46.3,27,0,0,0,0,0,0,10.5,6.8601570680628265,1250.1
L,298.1,308.7,1341,55.7,30,0,0,0,0,0,0,10.599999999999966,7.821329842931937,1671.0
L,298.2,308.8,1540,34.8,32,0,0,0,0,0,0,10.600000000000023,5.611727748691099,1113.6
H,298.2,308.8,1837,28.4,34,0,0,0,0,0,0,10.600000000000023,5.462910994764397,965.5999999999999
L,298.2,308.8,1498,36.0,39,0,0,0,0,0,0,10.600000000000023,5.646910994764398,1404.0
L,298.1,308.7,1671,28.8,41,0,0,0,0,0,0,10.599999999999966,5.03924607329843,1180.8
L,298.0,308.6,1430,57.0,43,0,0,0,0,0,0,10.600000000000023,8.535078534031413,2451.0
L,298.0,308.7,1619,40.1,45,0,0,0,0,0,0,10.699999999999989,6.798104712041885,1804.5
M,298.0,308.7,1430,51.9,47,0,0,0,0,0,0,10.699999999999989,7.771413612565445,2439.2999999999997
L,298.0,308.6,1626,33.3,50,0,0,0,0,0,0,10.600000000000023,5.66971727748691,1664.9999999999998
L,298.0,308.7,1443,49.3,52,0,0,0,0,0,0,10.699999999999989,7.449204188481675,2563.6
L,298.0,308.6,1481,42.5,54,0,0,0,0,0,0,10.600000000000023,6.590837696335078,2295.0
M,298.1,308.7,1527,43.0,56,0,0,0,0,0,0,10.599999999999966,6.875497382198953,2408.0
M,298.1,308.7,1315,56.8,59,0,0,0,0,0,0,10.599999999999966,7.821151832460733,3351.2
M,298.1,308.8,1433,48.2,62,0,0,0,0,0,0,10.699999999999989,7.232523560209425,2988.4
M,298.1,308.8,1378,53.5,65,0,0,0,0,0,0,10.699999999999989,7.7196858638743455,3477.5
L,298.1,308.8,1432,43.4,68,0,0,0,0,0,0,10.699999999999989,6.507727748691099,2951.2
M,298.1,308.8,1394,47.9,70,0,0,0,0,0,0,10.699999999999989,6.991895287958115,3353.0
H,298.0,308.8,1411,53.8,73,0,0,0,0,0,0,10.800000000000011,7.948879581151833,3927.3999999999996
L,298.1,308.9,2136,15.9,78,0,0,0,0,0,0,10.799999999999955,3.5562722513089007,1240.2
M,298.2,309.0,1446,45.8,80,0,0,0,0,0,0,10.800000000000011,6.934743455497382,3664.0
H,298.1,308.9,1388,53.5,83,0,0,0,0,0,0,10.799999999999955,7.775706806282723,4440.5
M,298.1,308.9,1323,51.7,88,0,0,0,0,0,0,10.799999999999955,7.162209424083771,4549.6
L,298.2,309.0,1780,29.3,91,0,0,0,0,0,0,10.800000000000011,5.461151832460733,2666.3
M,298.1,308.8,1434,41.8,93,0,0,0,0,0,0,10.699999999999989,6.276565445026177,3887.3999999999996
M,298.0,308.7,1494,42.6,96,0,0,0,0,0,0,10.699999999999989,6.664335078534031,4089.6000000000004
H,298.0,308.7,1536,39.6,99,0,0,0,0,0,0,10.699999999999989,6.369172774869111,3920.4
M,298.0,308.7,1392,53.4,104,0,0,0,0,0,0,10.699999999999989,7.7835392670157075,5553.599999999999
H,298.2,309.0,1360,56.8,107,0,0,0,0,0,0,10.800000000000011,8.088795811518324,6077.599999999999
L,298.4,309.2,1583,35.4,112,0,0,0,0,0,0,10.800000000000011,5.867874345549738,3964.7999999999997
L,298.5,309.2,1983,20.2,114,0,0,0,0,0,0,10.699999999999989,4.1944083769633504,2302.7999999999997
L,298.5,309.3,1630,33.3,116,0,0,0,0,0,0,10.800000000000011,5.683664921465968,3862.7999999999997
M,298.5,309.3,1692,26.7,118,0,0,0,0,0,0,10.800000000000011,4.730513089005235,3150.6
L,298.4,309.1,1417,40.6,121,0,0,0,0,0,0,10.700000000000045,6.024104712041885,4912.6
L,298.4,309.1,1579,36.1,123,0,0,0,0,0,0,10.700000000000045,5.968785340314136,4440.3
M,298.4,309.2,1399,45.2,125,0,0,0,0,0,0,10.800000000000011,6.6214450261780105,5650.0
M,298.4,309.2,1414,46.4,128,0,0,0,0,0,0,10.800000000000011,6.870115183246073,5939.2
L,298.5,309.3,1570,40.1,131,0,0,0,0,0,0,10.800000000000011,6.592356020942408,5253.1
M,298.5,309.3,1552,36.8,133,0,0,0,0,0,0,10.800000000000011,5.98048167539267,4894.4
L,298.6,309.4,1440,48.2,136,0,0,0,0,0,0,10.799999999999955,7.267853403141361,6555.200000000001
M,298.6,309.4,1460,43.8,138,0,0,0,0,0,0,10.799999999999955,6.696125654450261,6044.4
L,298.6,309.4,1471,48.0,141,0,0,0,0,0,0,10.799999999999955,7.3935078534031415,6768.0
L,298.6,309.3,1702,27.6,143,0,0,0,0,0,0,10.699999999999989,4.918869109947645,3946.8
L,298.6,309.4,1375,55.4,145,0,0,0,0,0,0,10.799999999999955,7.976439790575916,8033.0
L,298.6,309.4,1698,33.2,147,0,0,0,0,0,0,10.799999999999955,5.902994764397906,4880.400000000001
H,298.6,309.4,1439,47.1,149,0,0,0,0,0,0,10.799999999999955,7.097057591623037,7017.900000000001
M,298.6,309.4,1774,27.5,154,0,0,0,0,0,0,10.799999999999955,5.108376963350786,4235.0
M,298.7,309.4,1375,48.3,157,0,0,0,0,0,0,10.699999999999989,6.954188481675392,7583.099999999999
L,298.7,309.5,1446,40.0,160,0,0,0,0,0,0,10.800000000000011,6.056544502617801,6400.0
M,298.7,309.6,1455,46.8,162,0,0,0,0,0,0,10.900000000000034,7.130261780104712,7581.599999999999
L,298.8,309.6,1523,41.9,165,0,0,0,0,0,0,10.800000000000011,6.68206282722513,6913.5
M,298.8,309.6,1692,31.9,167,0,0,0,0,0,0,10.800000000000011,5.651811518324607,5327.3
M,298.8,309.6,1693,33.3,170,0,0,0,0,0,0,10.800000000000011,5.903340314136125,5660.999999999999
L,298.8,309.6,1890,24.0,173,0,0,0,0,0,0,10.800000000000011,4.7497382198952875,4152.0
H,298.9,309.6,1600,33.5,175,0,0,0,0,0,0,10.700000000000045,5.612565445026178,5862.5
M,298.9,309.6,1434,43.8,180,0,0,0,0,0,0,10.700000000000045,6.576879581151832,7883.999999999999
L,298.9,309.6,1365,50.9,183,0,0,0,0,0,0,10.700000000000045,7.275235602094241,9314.699999999999
H,298.8,309.6,1309,57.4,185,0,0,0,0,0,0,10.800000000000011,7.867706806282722,10619.0
H,298.9,309.6,1546,35.3,190,0,0,0,0,0,0,10.700000000000045,5.714534031413612,6706.999999999999
L,298.9,309.6,1663,33.7,195,0,0,0,0,0,0,10.700000000000045,5.8683874345549745,6571.500000000001
L,298.9,309.6,1589,34.2,197,0,0,0,0,0,0,10.700000000000045,5.690450261780105,6737.400000000001
M,298.9,309.6,1472,46.0,199,0,0,0,0,0,0,10.700000000000045,7.090261780104712,9154.0
L,298.9,309.6,1583,39.8,202,0,0,0,0,0,0,10.700000000000045,6.597214659685863,8039.599999999999
M,298.9,309.6,1567,34.5,204,0,0,0,0,0,0,10.700000000000045,5.660890052356021,7038.0
L,298.9,309.7,1407,41.9,207,0,0,0,0,0,0,10.800000000000011,6.173120418848167,8673.3
M,299.0,309.7,1418,44.7,209,0,0,0,0,0,0,10.699999999999989,6.637130890052356,9342.300000000001
M,299.0,309.7,1489,40.7,212,0,0,0,0,0,0,10.699999999999989,6.34579057591623,8628.400000000001
L,299.1,309.9,1586,36.6,215,0,0,0,0,0,0,10.799999999999955,6.07828272251309,7869.0
L,299.1,309.8,1398,55.4,217,1,0,0,0,1,0,10.699999999999989,8.10986387434555,12021.8
L,299.2,309.9,1516,41.4,219,0,0,0,0,0,0,10.699999999999989,6.571979057591623,9066.6
H,299.3,310.0,1373,44.8,221,0,0,0,0,0,0,10.699999999999989,6.440879581151832,9900.8
M,299.2,310.0,1349,50.4,226,0,0,0,0,0,0,10.800000000000011,7.119329842931936,11390.4
H,299.1,309.9,1443,40.3,0,0,0,0,0,0,0,10.799999999999955,6.08930890052356,0.0
H,299.2,310.1,1542,36.1,5,0,0,0,0,0,0,10.900000000000034,5.828921465968587,180.5
L,299.2,310.1,1534,37.7,10,0,0,0,0,0,0,10.900000000000034,6.055685863874346,377.0
L,299.2,310.2,1697,30.6,12,0,0,0,0,0,0,11.0,5.437507853403142,367.20000000000005
L,299.3,310.3,1396,47.4,14,0,0,0,0,0,0,11.0,6.928837696335078,663.6
L,299.3,310.2,1495,49.2,16,0,0,0,0,0,0,10.899999999999977,7.701989528795812,787.2
M,299.2,310.3,1551,44.8,18,0,0,0,0,0,0,11.100000000000023,7.275895287958114,806.4
L,299.2,310.3,1440,47.0,21,0,0,0,0,0,0,11.100000000000023,7.086910994764398,987.0
L,299.2,310.3,1429,40.1,23,0,0,0,0,0,0,11.100000000000023,6.000303664921466,922.3000000000001
H,299.3,310.4,1548,41.6,25,0,0,0,0,0,0,11.099999999999966,6.743120418848168,1040.0
L,299.3,310.5,1505,38.8,30,0,0,0,0,0,0,11.199999999999989,6.114554973821988,1164.0
L,299.2,310.4,1611,36.4,32,0,0,0,0,0,0,11.199999999999989,6.1403560209424075,1164.8
M,299.2,310.4,1502,39.8,34,0,0,0,0,0,0,11.199999999999989,6.259643979057591,1353.1999999999998
M,299.2,310.4,1504,43.3,37,0,0,0,0,0,0,11.199999999999989,6.819183246073298,1602.1
L,299.1,310.3,1449,40.7,40,0,0,0,0,0,0,11.199999999999989,6.175319371727749,1628.0
L,299.0,310.2,1575,37.8,42,0,0,0,0,0,0,11.199999999999989,6.2340314136125645,1587.6
M,299.0,310.2,1598,33.4,44,0,0,0,0,0,0,11.199999999999989,5.588816753926701,1469.6
L,299.0,310.1,1416,45.9,47,0,0,0,0,0,0,11.100000000000023,6.805696335078534,2157.2999999999997
L,299.0,310.2,1682,28.8,49,0,0,0,0,0,0,11.199999999999989,5.072418848167539,1411.2
L,298.9,310.1,1341,54.5,51,0,0,0,0,0,0,11.200000000000045,7.65282722513089,2779.5
L,298.9,310.1,1523,39.1,53,0,0,0,0,0,0,11.200000000000045,6.235528795811518,2072.3
L,299.0,310.1,1580,41.9,55,0,0,0,0,0,0,11.100000000000023,6.932146596858638,2304.5
L,299.0,310.1,1531,36.0,57,0,0,0,0,0,0,11.100000000000023,5.77130890052356,2052.0
L,299.0,310.1,1375,48.9,59,0,0,0,0,0,0,11.100000000000023,7.040575916230367,2885.1
M,298.9,310.1,1484,40.4,61,0,0,0,0,0,0,11.200000000000045,6.27786387434555,2464.4
M,299.0,310.2,1657,32.3,64,0,0,0,0,0,0,11.199999999999989,5.604303664921466,2067.2
L,299.0,310.2,1494,40.6,67,0,0,0,0,0,0,11.199999999999989,6.351455497382199,2720.2000000000003
H,299.0,310.3,1658,27.6,69,0,0,0,0,0,0,11.300000000000011,4.791706806282723,1904.4
L,299.1,310.3,1411,42.1,74,0,0,0,0,0,0,11.199999999999989,6.220219895287958,3115.4
M,299.2,310.4,1395,55.4,76,0,0,0,0,0,0,11.199999999999989,8.092460732984293,4210.4
L,299.1,310.4,1550,43.9,79,0,0,0,0,0,0,11.299999999999955,7.125130890052356,3468.1
M,299.1,310.3,1233,59.0,81,0,0,0,0,0,0,11.199999999999989,7.6174869109947645,4779.0
L,299.1,310.3,1459,46.7,84,0,0,0,0,0,0,11.199999999999989,7.134586387434555,3922.8
H,299.1,310.4,1405,53.6,86,0,0,0,0,0,0,11.299999999999955,7.8856544502617805,4609.6
L,299.2,310.5,1458,44.1,91,0,0,0,0,0,0,11.300000000000011,6.732753926701571,4013.1
L,299.2,310.5,1384,48.7,93,0,0,0,0,0,0,11.300000000000011,7.057675392670157,4529.1
L,299.2,310.5,1705,29.5,95,0,0,0,0,0,0,11.300000000000011,5.266753926701571,2802.5
L,299.3,310.6,1443,45.7,97,0,0,0,0,0,0,11.300000000000011,6.9052460732984295,4432.900000000001
M,299.3,310.6,1609,31.4,99,0,0,0,0,0,0,11.300000000000011,5.290324607329842,3108.6
L,299.3,310.5,1818,26.0,102,0,0,0,0,0,0,11.199999999999989,4.949528795811518,2652.0
M,299.3,310.6,1457,42.1,104,0,0,0,0,0,0,11.300000000000011,6.423005235602095,4378.400000000001
L,299.3,310.6,1480,45.1,107,0,0,0,0,0,0,11.300000000000011,6.989319371727749,4825.7
L,299.4,310.8,1424,47.7,109,0,0,0,0,0,0,11.400000000000034,7.112544502617801,5199.3
M,299.4,310.8,1628,40.2,111,0,0,0,0,0,0,11.400000000000034,6.852942408376964,4462.200000000001
M,299.5,310.8,1754,31.3,114,0,0,0,0,0,0,11.300000000000011,5.748712041884817,3568.2000000000003
L,299.6,310.9,1716,28.5,117,0,0,0,0,0,0,11.299999999999955,5.121047120418848,3334.5
M,299.5,310.9,1378,48.7,119,0,0,0,0,0,0,11.399999999999977,7.027078534031414,5795.3
L,299.6,311.0,1708,31.0,122,0,0,0,0,0,0,11.399999999999977,5.5442931937172775,3782.0
L,299.6,311.0,1430,38.3,124,0,0,0,0,0,0,11.399999999999977,5.734973821989528,4749.2
M,299.7,311.2,1560,43.9,126,0,0,0,0,0,0,11.5,7.171099476439791,5531.4
L,299.6,311.1,1679,30.7,129,0,0,0,0,0,0,11.5,5.397413612565445,3960.2999999999997
L,299.6,311.1,1521,37.2,131,0,0,0,0,0,0,11.5,5.924732984293194,4873.200000000001
M,299.6,311.1,1649,33.8,133,0,0,0,0,0,0,11.5,5.836251308900524,4495.4
M,299.5,311.0,1451,43.3,136,0,0,0,0,0,0,11.5,6.578879581151832,5888.799999999999
L,299.4,310.8,1391,48.9,139,0,0,0,0,0,0,11.400000000000034,7.122502617801047,6797.099999999999
M,299.3,310.8,1523,40.9,141,0,0,0,0,0,0,11.5,6.522586387434555,5766.9
L,299.3,310.7,1495,39.2,144,0,0,0,0,0,0,11.399999999999977,6.136544502617801,5644.8
M,299.3,310.7,1440,45.5,146,0,0,0,0,0,0,11.399999999999977,6.860732984293194,6643.0
H,299.4,310.8,1585,31.4,149,0,0,0,0,0,0,11.400000000000034,5.211413612565445,4678.599999999999
L,299.5,310.8,1374,48.3,154,0,0,0,0,0,0,11.300000000000011,6.949130890052356,7438.2
M,299.5,310.8,1507,40.2,156,0,0,0,0,0,0,11.300000000000011,6.343602094240838,6271.200000000001
M,299.5,310.9,1577,34.6,159,0,0,0,0,0,0,11.399999999999977,5.713528795811519,5501.400000000001
L,299.5,310.9,1496,38.5,162,0,0,0,0,0,0,11.399999999999977,6.030994764397906,6237.0
L,299.6,310.9,1487,42.5,164,0,0,0,0,0,0,11.299999999999955,6.617539267015707,6970.0
L,299.6,310.9,1853,26.3,166,0,0,0,0,0,0,11.299999999999955,5.103026178010471,4365.8
M,299.7,311.0,1435,50.1,168,0,0,0,0,0,0,11.300000000000011,7.528115183246073,8416.800000000001
M,299.8,311.1,1763,25.5,171,0,0,0,0,0,0,11.300000000000011,4.707486910994764,4360.5
L,299.8,311.1,1820,24.9,174,0,0,0,0,0,0,11.300000000000011,4.745340314136126,4332.599999999999
M,299.8,311.1,1498,38.1,176,0,0,0,0,0,0,11.300000000000011,5.976314136125655,6705.6
L,299.8,311.1,1603,35.1,179,0,0,0,0,0,0,11.300000000000011,5.891654450261781,6282.900000000001
L,299.8,311.1,1412,42.5,181,0,0,0,0,0,0,11.300000000000011,6.283769633507854,7692.5
L,299.8,311.1,1588,38.0,183,0,0,0,0,0,0,11.300000000000011,6.3187434554973825,6954.0
M,299.8,311.0,1948,20.0,185,0,0,0,0,0,0,11.199999999999989,4.0795811518324605,3700.0
L,299.7,310.9,1384,48.2,188,0,0,0,0,0,0,11.199999999999989,6.985214659685864,9061.6
L,299.7,310.8,1589,36.0,190,0,0,0,0,0,0,11.100000000000023,5.9899476439790575,6840.0
M,299.7,310.8,1405,47.6,192,0,0,0,0,0,0,11.100000000000023,7.002931937172775,9139.2
L,299.7,310.9,1491,40.1,195,0,0,0,0,0,0,11.199999999999989,6.260638743455497,7819.5
H,299.7,310.8,1418,46.6,197,0,0,0,0,0,0,11.100000000000023,6.91924607329843,9180.2
M,299.6,310.8,1603,35.4,202,0,0,0,0,0,0,11.199999999999989,5.942010471204188,7150.799999999999
L,299.6,310.7,1922,23.3,205,1,1,0,0,0,0,11.099999999999966,4.689277486910995,4776.5
M,299.5,310.7,1364,49.5,0,0,0,0,0,0,0,11.199999999999989,7.069947643979058,0.0
L,299.4,310.7,1551,41.2,3,0,0,0,0,0,0,11.300000000000011,6.691225130890053,123.60000000000001
L,299.5,310.7,1589,33.5,5,0,0,0,0,0,0,11.199999999999989,5.573979057591623,167.5
M,299.5,310.7,1423,56.5,7,0,0,0,0,0,0,11.199999999999989,8.418795811518324,395.5
L,299.4,310.6,1418,53.1,10,0,0,0,0,0,0,11.200000000000045,7.884376963350785,531.0
M,299.3,310.5,1404,47.5,12,0,0,0,0,0,0,11.199999999999989,6.983246073298429,570.0
L,299.3,310.5,1281,59.8,15,0,0,0,0,0,0,11.199999999999989,8.021340314136125,897.0
L,299.3,310.5,1529,41.3,17,0,0,0,0,0,0,11.199999999999989,6.6123246073298425,702.0999999999999
M,299.3,310.5,1563,42.1,19,0,0,0,0,0,0,11.199999999999989,6.8902931937172776,799.9
L,299.4,310.6,1348,54.5,22,0,0,0,0,0,0,11.200000000000045,7.692774869109948,1199.0
M,299.3,310.5,1462,40.5,24,0,0,0,0,0,0,11.199999999999989,6.200104712041885,972.0
H,299.3,310.4,1510,45.5,27,0,0,0,0,0,0,11.099999999999966,7.194240837696335,1228.5
L,299.2,310.4,1472,43.3,32,0,0,0,0,0,0,11.199999999999989,6.674094240837696,1385.6
M,299.2,310.4,1325,52.0,34,0,0,0,0,0,0,11.199999999999989,7.214659685863874,1768.0
L,299.2,310.4,1570,37.3,37,0,0,0,0,0,0,11.199999999999989,6.132041884816753,1380.1
L,299.2,310.4,1379,46.8,39,0,0,0,0,0,0,11.199999999999989,6.757821989528796,1825.1999999999998
L,299.1,310.2,1352,52.8,41,0,0,0,0,0,0,11.099999999999966,7.474931937172774,2164.7999999999997
L,299.1,310.3,1727,28.7,43,0,0,0,0,0,0,11.199999999999989,5.190041884816754,1234.1
H,299.0,310.1,1432,50.0,45,0,0,0,0,0,0,11.100000000000023,7.49738219895288,2250.0
L,298.9,310.1,1466,43.4,50,0,0,0,0,0,0,11.200000000000045,6.662240837696335,2170.0
L,298.9,310.1,1510,38.0,52,0,0,0,0,0,0,11.200000000000045,6.008376963350785,1976.0
L,299.0,310.2,1490,41.1,54,0,0,0,0,0,0,11.199999999999989,6.412460732984293,2219.4
L,299.0,310.1,1463,37.4,56,0,0,0,0,0,0,11.100000000000023,5.72944502617801,2094.4
M,298.9,310.0,1561,45.3,58,0,0,0,0,0,0,11.100000000000023,7.404534031413611,2627.3999999999996
L,298.9,310.1,2109,18.0,61,0,0,0,0,0,0,11.200000000000045,3.9750785340314136,1098.0
L,298.9,310.2,1705,32.5,63,0,0,0,0,0,0,11.300000000000011,5.802356020942408,2047.5
M,298.9,310.1,1549,40.2,65,0,0,0,0,0,0,11.200000000000045,6.520397905759163,2613.0
H,299.0,310.2,1637,38.0,68,0,0,0,0,0,0,11.199999999999989,6.513717277486911,2584.0
M,298.9,310.1,1484,37.9,73,0,0,0,0,0,0,11.200000000000045,5.889382198952879,2766.7
L,298.9,310.1,1401,44.4,76,0,0,0,0,0,0,11.200000000000045,6.513549738219895,3374.4
L,298.9,310.1,1571,36.8,78,0,0,0,0,0,0,11.200000000000045,6.053696335078533,2870.3999999999996
M,298.9,310.1,1513,41.5,80,0,0,0,0,0,0,11.200000000000045,6.574816753926702,3320.0
L,299.0,310.1,1470,40.3,83,0,0,0,0,0,0,11.100000000000023,6.203246073298429,3344.8999999999996
L,299.0,310.1,1505,41.3,85,0,0,0,0,0,0,11.100000000000023,6.508534031413612,3510.4999999999995
L,299.0,310.2,1432,42.2,87,0,0,0,0,0,0,11.199999999999989,6.3277905759162305,3671.4
M,299.0,310.2,1625,31.8,89,0,0,0,0,0,0,11.199999999999989,5.4109947643979055,2830.2000000000003
L,299.0,310.2,1377,62.5,92,1,0,0,1,0,0,11.199999999999989,9.011780104712042,5750.0
M,299.1,310.3,1441,43.9,94,0,0,0,0,0,0,11.199999999999989,6.62407329842932,4126.599999999999
M,299.0,310.2,1564,39.9,97,0,0,0,0,0,0,11.199999999999989,6.53440837696335,3870.2999999999997
L,298.9,310.1,1580,37.3,100,0,0,0,0,0,0,11.200000000000045,6.17109947643979,3729.9999999999995
L,299.0,310.2,1516,35.3,102,0,0,0,0,0,0,11.199999999999989,5.603643979057591,3600.6
L,299.0,310.1,1447,42.8,104,0,0,0,0,0,0,11.100000000000023,6.484984293193717,4451.2
M,298.9,310.0,1323,52.9,106,0,0,0,0,0,0,11.100000000000023,7.328450261780104,5607.4
L,298.9,310.0,1470,45.9,109,0,0,0,0,0,0,11.100000000000023,7.065235602094241,5003.099999999999
M,299.0,310.0,2049,19.5,111,0,0,0,0,0,0,11.0,4.183821989528796,2164.5
L,298.9,310.0,1794,27.2,114,0,0,0,0,0,0,11.100000000000023,5.109612565445025,3100.7999999999997
L,298.9,310.1,1356,47.8,116,0,0,0,0,0,0,11.200000000000045,6.78709947643979,5544.799999999999
H,299.0,310.1,1555,38.6,118,0,0,0,0,0,0,11.100000000000023,6.285130890052356,4554.8
M,299.0,310.1,1487,47.5,123,0,0,0,0,0,0,11.100000000000023,7.396073298429319,5842.5
M,299.0,310.0,1341,58.9,126,0,0,0,0,0,0,11.0,8.270670157068063,7421.4
M,298.9,310.0,1487,36.6,129,0,0,0,0,0,0,11.100000000000023,5.698869109947644,4721.400000000001
H,299.0,310.0,1569,34.3,132,0,0,0,0,0,0,11.0,5.635256544502617,4527.599999999999
H,299.0,310.1,2053,19.7,137,0,0,0,0,0,0,11.100000000000023,4.234984293193717,2698.9
L,299.0,310.1,1583,35.8,142,0,0,0,0,0,0,11.100000000000023,5.934178010471204,5083.599999999999
L,299.0,310.0,1672,33.2,144,0,0,0,0,0,0,11.0,5.812607329842932,4780.8
M,299.0,310.0,1337,57.4,146,0,0,0,0,0,0,11.0,8.036,8380.4
H,299.1,310.1,1421,41.2,149,0,0,0,0,0,0,11.0,6.130387434554974,6138.8
L,299.1,310.2,1425,52.7,154,0,0,0,0,0,0,11.099999999999966,7.863612565445026,8115.8
L,299.2,310.2,1609,33.2,156,0,0,0,0,0,0,11.0,5.59359162303665,5179.200000000001
L,299.2,310.3,1507,41.3,158,0,0,0,0,0,0,11.100000000000023,6.517183246073298,6525.4
L,299.2,310.3,1463,38.9,160,0,0,0,0,0,0,11.100000000000023,5.959235602094241,6224.0
H,299.3,310.4,1393,44.9,162,0,0,0,0,0,0,11.099999999999966,6.549287958115183,7273.8
L,299.3,310.4,1725,26.8,167,0,0,0,0,0,0,11.099999999999966,4.840837696335078,4475.6
L,299.4,310.5,1514,36.1,169,0,0,0,0,0,0,11.100000000000023,5.723078534031414,6100.900000000001
L,299.3,310.4,1365,53.9,171,0,0,0,0,0,0,11.099999999999966,7.704031413612565,9216.9
L,299.4,310.5,1372,46.3,173,0,0,0,0,0,0,11.100000000000023,6.651685863874345,8009.9
L,299.4,310.4,1509,40.6,175,0,0,0,0,0,0,11.0,6.415225130890052,7105.0
L,299.3,310.4,1629,32.6,177,0,0,0,0,0,0,11.099999999999966,5.560774869109948,5770.2
L,299.4,310.5,1749,28.1,179,0,0,0,0,0,0,11.100000000000023,5.1462722513089005,5029.900000000001
L,299.4,310.4,1582,31.7,181,0,0,0,0,0,0,11.0,5.25124607329843,5737.7
L,299.2,310.2,1458,47.0,183,0,0,0,0,0,0,11.0,7.1754973821989525,8601.0
L,299.1,310.1,1416,41.2,185,0,0,0,0,0,0,11.0,6.108816753926702,7622.000000000001
H,299.1,310.0,1657,33.1,187,0,0,0,0,0,0,10.899999999999977,5.74310994764398,6189.7
M,299.1,310.0,1437,41.1,192,0,0,0,0,0,0,10.899999999999977,6.184366492146597,7891.200000000001
M,299.1,310.0,1580,36.0,195,0,0,0,0,0,0,10.899999999999977,5.956020942408377,7020.0
M,299.0,310.0,1488,46.3,198,0,0,0,0,0,0,11.0,7.2140732984293185,9167.4
L,299.0,309.9,1373,55.7,201,1,0,0,0,1,0,10.899999999999977,8.007968586387435,11195.7
L,299.1,310.0,1367,56.3,203,1,0,0,0,1,0,10.899999999999977,8.058858638743455,11428.9
H,299.1,310.0,1431,49.5,205,0,0,0,0,0,0,10.899999999999977,7.417225130890053,10147.5
L,299.0,310.1,1623,33.0,210,0,0,0,0,0,0,11.100000000000023,5.6082722513089,6930.0
L,299.0,310.0,1484,39.6,212,0,0,0,0,0,0,11.0,6.153549738219896,8395.2
L,299.0,309.9,1548,34.5,214,0,0,0,0,0,0,10.899999999999977,5.592251308900524,7383.0
L,298.9,309.8,1287,61.9,216,1,0,0,0,1,0,10.900000000000034,8.341916230366493,13370.4
M,298.9,309.8,1392,43.1,218,0,0,0,0,0,0,10.900000000000034,6.282219895287959,9395.800000000001
H,299.0,310.0,1458,44.9,221,0,0,0,0,0,0,11.0,6.854890052356021,9922.9
M,299.1,310.1,1570,30.9,226,0,0,0,0,0,0,11.0,5.079895287958116,6983.4
L,299.1,310.1,1435,48.8,229,1,0,0,0,1,0,11.0,7.332774869109947,11175.199999999999
L,299.1,310.2,1317,54.8,231,1,0,0,0,1,0,11.099999999999966,7.55723560209424,12658.8
L,299.2,310.3,1610,33.3,233,0,0,0,0,0,0,11.100000000000023,5.61392670157068,7758.9
M,299.1,310.3,1838,24.0,235,0,0,0,0,0,0,11.199999999999989,4.6190575916230365,5640.0
L,299.2,310.3,1352,48.9,238,1,0,0,0,1,0,11.100000000000023,6.922806282722513,11638.199999999999
L,299.1,310.3,1619,35.2,240,0,0,0,0,0,0,11.199999999999989,5.967413612565445,8448.0
L,299.1,310.3,1619,31.1,242,0,0,0,0,0,0,11.199999999999989,5.27234554973822,7526.200000000001
L,299.0,310.2,1690,30.7,244,0,0,0,0,0,0,11.199999999999989,5.432774869109948,7490.8
L,299.0,310.2,1412,44.1,246,0,0,0,0,0,0,11.199999999999989,6.520335078534032,10848.6
H,299.0,310.2,1744,31.5,0,0,0,0,0,0,0,11.199999999999989,5.752460732984293,0.0
M,299.0,310.1,1593,35.4,5,0,0,0,0,0,0,11.100000000000023,5.904942408376963,177.0
L,299.1,310.2,1695,29.6,8,0,0,0,0,0,0,11.099999999999966,5.253612565445026,236.8
M,299.0,310.2,1298,57.2,10,0,0,0,0,0,0,11.199999999999989,7.774408376963351,572.0
L,299.0,310.1,1886,21.2,13,0,0,0,0,0,0,11.100000000000023,4.186722513089005,275.59999999999997
L,299.0,310.1,2033,19.3,15,0,0,0,0,0,0,11.100000000000023,4.108575916230366,289.5
M,299.1,310.2,1711,28.1,17,0,0,0,0,0,0,11.099999999999966,5.034460732984294,477.70000000000005
L,299.1,310.2,1598,33.4,20,0,0,0,0,0,0,11.099999999999966,5.588816753926701,668.0
L,299.1,310.1,1894,24.2,22,0,0,0,0,0,0,11.0,4.799455497382199,532.4
M,299.1,310.1,1412,44.4,24,0,0,0,0,0,0,11.0,6.564691099476439,1065.6
L,299.1,310.0,1394,46.6,27,0,0,0,0,0,0,10.899999999999977,6.80213612565445,1258.2
M,299.0,310.0,1338,56.4,29,0,0,0,0,0,0,11.0,7.901905759162303,1635.6
H,298.9,309.9,1376,51.0,32,0,0,0,0,0,0,11.0,7.3482722513089005,1632.0
L,299.0,310.0,1360,48.1,37,0,0,0,0,0,0,11.0,6.8498429319371725,1779.7
L,299.1,310.1,1486,40.7,39,0,0,0,0,0,0,11.0,6.333005235602094,1587.3000000000002
M,299.1,310.1,1649,31.6,41,0,0,0,0,0,0,11.0,5.4563769633507855,1295.6000000000001
L,299.1,310.1,1367,45.6,44,0,0,0,0,0,0,11.0,6.527246073298429,2006.4
L,299.0,310.1,1362,59.5,46,0,0,0,0,0,0,11.100000000000023,8.485759162303665,2737.0
M,298.9,310.0,1520,35.6,48,0,0,0,0,0,0,11.100000000000023,5.666178010471204,1708.8000000000002
L,299.0,310.0,1582,31.9,51,0,0,0,0,0,0,11.0,5.284376963350785,1626.8999999999999
M,299.0,310.0,1667,30.0,53,0,0,0,0,0,0,11.0,5.2366492146596855,1590.0
L,298.9,310.0,1693,28.8,56,0,0,0,0,0,0,11.100000000000023,5.105591623036649,1612.8
L,298.9,310.0,1559,33.4,58,0,0,0,0,0,0,11.100000000000023,5.4524188481675395,1937.1999999999998
L,298.9,309.9,1592,32.0,60,0,0,0,0,0,0,11.0,5.334450261780105,1920.0
L,298.9,309.9,1404,39.8,62,0,0,0,0,0,0,11.0,5.851225130890052,2467.6
M,298.8,309.8,1413,45.5,64,0,0,0,0,0,0,11.0,6.7320942408376965,2912.0
L,298.8,309.8,1663,28.2,67,0,0,0,0,0,0,11.0,4.910638743455498,1889.3999999999999
L,298.8,309.8,1508,36.3,69,0,0,0,0,0,0,11.0,5.731979057591622,2504.7
M,298.9,309.8,1353,53.7,71,0,0,0,0,0,0,10.900000000000034,7.607968586387435,3812.7000000000003
L,298.8,309.8,1485,42.4,74,0,0,0,0,0,0,11.0,6.593089005235602,3137.6
L,298.9,310.0,1633,31.2,76,0,0,0,0,0,0,11.100000000000023,5.3350366492146595,2371.2
L,298.9,310.0,1422,43.6,78,0,0,0,0,0,0,11.100000000000023,6.492062827225132,3400.8
L,298.9,310.1,1577,41.4,80,0,0,0,0,0,0,11.200000000000045,6.836418848167539,3312.0
L,298.9,310.0,1482,41.1,82,0,0,0,0,0,0,11.100000000000023,6.3780314136125655,3370.2000000000003
M,299.0,310.1,1705,30.1,84,0,0,0,0,0,0,11.100000000000023,5.373874345549738,2528.4
L,299.0,310.1,1699,32.9,87,0,0,0,0,0,0,11.100000000000023,5.85309947643979,2862.2999999999997
L,299.0,310.1,1664,29.7,89,0,0,0,0,0,0,11.100000000000023,5.174952879581151,2643.2999999999997
M,299.0,310.0,1486,34.6,91,0,0,0,0,0,0,11.0,5.383832460732984,3148.6
L,299.1,310.1,1336,61.3,94,0,0,0,0,0,0,11.0,8.575581151832461,5762.2
H,299.1,310.1,1429,42.9,96,0,0,0,0,0,0,11.0,6.419277486910994,4118.4
M,299.1,310.2,1456,48.4,101,0,0,0,0,0,0,11.099999999999966,7.37909947643979,4888.4
L,299.1,310.2,1496,45.0,104,0,0,0,0,0,0,11.099999999999966,7.049214659685864,4680.0
L,299.1,310.1,1894,20.1,106,0,0,0,0,0,0,11.0,3.986324607329843,2130.6000000000004
L,299.1,310.1,1373,55.6,108,0,0,0,0,0,0,11.0,7.993591623036649,6004.8
H,299.0,310.0,1387,45.2,110,0,0,0,0,0,0,11.0,6.564649214659686,4972.0
L,298.9,309.9,1500,44.2,115,0,0,0,0,0,0,11.0,6.942408376963351,5083.0
L,298.9,309.9,1517,36.6,117,0,0,0,0,0,0,11.0,5.813842931937173,4282.2
L,298.9,309.9,1309,56.2,119,0,0,0,0,0,0,11.0,7.703225130890052,6687.8
M,298.9,309.9,1357,54.5,121,0,0,0,0,0,0,11.0,7.7441361256544505,6594.5
L,298.8,309.8,1490,40.6,124,0,0,0,0,0,0,11.0,6.334450261780105,5034.400000000001
H,298.8,309.8,1911,21.6,126,0,0,0,0,0,0,11.0,4.3222617801047125,2721.6000000000004
L,298.8,309.8,1599,33.6,131,0,0,0,0,0,0,11.0,5.625801047120419,4401.6
M,298.8,309.7,2098,19.0,133,0,0,0,0,0,0,10.899999999999977,4.174031413612566,2527.0
M,298.7,309.7,1629,27.9,136,0,0,0,0,0,0,11.0,4.759068062827225,3794.3999999999996
L,298.8,309.8,1557,37.2,139,0,0,0,0,0,0,11.0,6.064963350785341,5170.8
L,298.8,309.8,1461,39.4,141,0,0,0,0,0,0,11.0,6.027581151832461,5555.4
L,298.8,309.8,1563,33.7,143,0,0,0,0,0,0,11.0,5.515507853403142,4819.1
L,298.7,309.8,1695,29.0,145,0,0,0,0,0,0,11.100000000000023,5.147120418848168,4205.0
L,298.8,310.0,1528,36.7,147,0,0,0,0,0,0,11.199999999999989,5.872000000000001,5394.900000000001
L,298.8,310.0,1389,49.6,149,0,0,0,0,0,0,11.199999999999989,7.21407329842932,7390.400000000001
L,298.9,310.0,2231,17.4,151,0,0,0,0,0,0,11.100000000000023,4.064858638743455,2627.3999999999996
M,298.9,310.1,1442,42.9,153,0,0,0,0,0,0,11.200000000000045,6.4776753926701565,6563.7
H,298.9,310.1,1458,44.3,156,0,0,0,0,0,0,11.200000000000045,6.763287958115183,6910.799999999999
L,299.0,310.1,1444,47.7,161,0,0,0,0,0,0,11.100000000000023,7.2124397905759166,7679.700000000001
M,298.9,310.0,1348,58.2,163,0,0,0,0,0,0,11.100000000000023,8.21503664921466,9486.6
L,298.9,310.0,1791,27.6,166,0,0,0,0,0,0,11.100000000000023,5.176083769633508,4581.6
L,299.0,310.0,1509,38.0,168,0,0,0,0,0,0,11.0,6.004397905759162,6384.0
L,298.9,310.0,1515,42.9,170,0,0,0,0,0,0,11.100000000000023,6.805602094240838,7293.0
M,298.9,310.1,1655,31.5,172,0,0,0,0,0,0,11.200000000000045,5.458900523560209,5418.0
L,298.9,310.1,1495,42.9,175,0,0,0,0,0,0,11.200000000000045,6.715759162303665,7507.5
L,298.9,310.2,1623,37.2,177,0,0,0,0,0,0,11.300000000000011,6.322052356020943,6584.400000000001
L,298.9,310.2,1562,42.5,179,0,0,0,0,0,0,11.300000000000011,6.951308900523561,7607.5
L,298.8,310.1,1574,36.2,181,0,0,0,0,0,0,11.300000000000011,5.966366492146597,6552.200000000001
L,298.8,310.0,1611,32.4,183,0,0,0,0,0,0,11.199999999999989,5.465591623036649,5929.2
L,298.8,310.0,1403,45.6,185,0,0,0,0,0,0,11.199999999999989,6.699141361256545,8436.0
L,298.8,310.1,1481,47.4,187,0,0,0,0,0,0,11.300000000000011,7.350722513089004,8863.8
M,298.9,310.1,1441,41.2,189,0,0,0,0,0,0,11.200000000000045,6.216670157068063,7786.8
H,298.8,310.1,1483,45.4,192,0,0,0,0,0,0,11.300000000000011,7.050073298429319,8716.8
L,298.7,310.0,1555,32.6,197,0,0,0,0,0,0,11.300000000000011,5.308167539267016,6422.200000000001
L,298.6,309.9,1615,28.8,199,0,0,0,0,0,0,11.299999999999955,4.870366492146597,5731.2
L,298.6,309.8,1561,32.6,201,0,0,0,0,0,0,11.199999999999989,5.328649214659687,6552.6
L,298.5,309.8,1593,35.1,203,0,0,0,0,0,0,11.300000000000011,5.85490052356021,7125.3
M,298.5,309.7,1552,34.0,205,0,0,0,0,0,0,11.199999999999989,5.52544502617801,6970.0
H,298.5,309.7,1561,35.3,208,0,0,0,0,0,0,11.199999999999989,5.769979057591622,7342.4
L,298.6,309.8,1597,35.9,213,0,0,0,0,0,0,11.199999999999989,6.003382198952879,7646.7
M,298.6,309.9,1517,34.0,215,0,0,0,0,0,0,11.299999999999955,5.400837696335079,7310.0
L,298.6,309.8,2271,16.2,218,1,1,0,0,0,0,11.199999999999989,3.852376963350785,3531.6
L,298.5,309.7,1613,36.7,0,0,0,0,0,0,0,11.199999999999989,6.198649214659686,0.0
M,298.5,309.6,1509,47.3,2,0,0,0,0,0,0,11.100000000000023,7.473895287958115,94.6
L,298.6,309.7,1703,26.1,5,0,0,0,0,0,0,11.099999999999966,4.6542722513089005,130.5
L,298.6,309.7,1925,22.1,7,0,0,0,0,0,0,11.099999999999966,4.454712041884817,154.70000000000002
M,298.6,309.6,1635,29.7,9,0,0,0,0,0,0,11.0,5.084764397905759,267.3
L,298.5,309.5,1294,66.7,12,1,0,0,1,0,0,11.0,9.037675392670158,800.4000000000001
L,298.6,309.6,1472,39.1,14,0,0,0,0,0,0,11.0,6.026722513089005,547.4
H,298.6,309.6,1449,42.5,16,0,0,0,0,0,0,11.0,6.448429319371728,680.0
L,298.6,309.6,1563,35.0,21,0,0,0,0,0,0,11.0,5.7282722513089,735.0
L,298.6,309.6,1611,35.7,23,0,0,0,0,0,0,11.0,6.022272251308901,821.1
L,298.6,309.6,1386,48.6,25,0,0,0,0,0,0,11.0,7.053361256544504,1215.0
H,298.6,309.5,1584,31.8,27,0,0,0,0,0,0,10.899999999999977,5.274471204188482,858.6
M,298.7,309.6,1424,50.4,32,0,0,0,0,0,0,10.900000000000034,7.515141361256544,1612.8
L,298.5,309.5,1561,34.8,35,0,0,0,0,0,0,11.0,5.688251308900523,1218.0
L,298.5,309.4,1560,37.9,37,0,0,0,0,0,0,10.899999999999977,6.190994764397906,1402.3
H,298.6,309.5,1375,41.0,39,0,0,0,0,0,0,10.899999999999977,5.903141361256544,1599.0
M,298.6,309.5,1684,27.8,44,0,0,0,0,0,0,10.899999999999977,4.902115183246074,1223.2
M,298.6,309.6,1397,54.1,47,0,0,0,0,0,0,11.0,7.913895287958115,2542.7000000000003
L,298.6,309.6,1387,57.6,50,0,0,0,0,0,0,11.0,8.365570680628272,2880.0
H,298.7,309.7,1311,54.5,52,0,0,0,0,0,0,11.0,7.481623036649214,2834.0
L,298.8,309.8,1509,36.2,57,0,0,0,0,0,0,11.0,5.719979057591623,2063.4
M,298.8,309.8,1477,46.7,59,0,0,0,0,0,0,11.0,7.2226073298429325,2755.3
L,298.8,309.9,1441,41.6,62,0,0,0,0,0,0,11.099999999999966,6.2770261780104715,2579.2000000000003
L,298.7,309.9,1404,47.1,64,0,0,0,0,0,0,11.199999999999989,6.924439790575917,3014.4
H,298.8,309.9,1466,44.6,66,0,0,0,0,0,0,11.099999999999966,6.846450261780104,2943.6
M,298.7,309.8,1435,48.8,71,0,0,0,0,0,0,11.100000000000023,7.332774869109947,3464.7999999999997
H,298.7,309.7,1697,29.8,74,0,0,0,0,0,0,11.0,5.295350785340314,2205.2000000000003
M,298.7,309.6,1738,27.3,79,0,0,0,0,0,0,10.900000000000034,4.968314136125654,2156.7000000000003
H,298.6,309.5,1420,50.4,82,0,0,0,0,0,0,10.899999999999977,7.494031413612565,4132.8
M,298.5,309.5,1535,39.8,87,0,0,0,0,0,0,11.0,6.39717277486911,3462.6
L,298.6,309.6,1715,28.4,90,0,0,0,0,0,0,11.0,5.100104712041885,2556.0
L,298.6,309.5,1483,43.2,92,0,0,0,0,0,0,10.899999999999977,6.708439790575917,3974.4
M,298.5,309.4,1521,37.5,94,0,0,0,0,0,0,10.899999999999977,5.972513089005235,3525.0
H,298.5,309.4,1573,36.0,97,0,0,0,0,0,0,10.899999999999977,5.929633507853403,3492.0
H,298.5,309.4,1414,46.7,102,0,0,0,0,0,0,10.899999999999977,6.914534031413613,4763.400000000001
L,298.5,309.3,1590,33.9,107,0,0,0,0,0,0,10.800000000000011,5.644083769633508,3627.2999999999997
L,298.5,309.3,1623,33.1,109,0,0,0,0,0,0,10.800000000000011,5.6252670157068065,3607.9
H,298.4,309.3,1694,30.9,111,0,0,0,0,0,0,10.900000000000034,5.481109947643979,3429.8999999999996
M,298.4,309.2,1597,33.5,116,0,0,0,0,0,0,10.800000000000011,5.602041884816754,3886.0
L,298.5,309.3,1471,44.7,119,0,0,0,0,0,0,10.800000000000011,6.8852041884816755,5319.3
M,298.5,309.3,1551,34.7,121,0,0,0,0,0,0,10.800000000000011,5.635570680628272,4198.700000000001
H,298.5,309.3,1421,50.3,124,0,0,0,0,0,0,10.800000000000011,7.484429319371728,6237.2
M,298.4,309.3,1496,45.6,129,0,0,0,0,0,0,10.900000000000034,7.143204188481676,5882.400000000001
H,298.4,309.3,1984,19.2,132,0,0,0,0,0,0,10.900000000000034,3.9887748691099474,2534.4
L,298.4,309.2,1692,29.8,137,0,0,0,0,0,0,10.800000000000011,5.279748691099476,4082.6
L,298.4,309.1,1467,42.5,139,0,0,0,0,0,0,10.700000000000045,6.528534031413613,5907.5
L,298.4,309.2,1651,28.5,141,0,0,0,0,0,0,10.800000000000011,4.927068062827225,4018.5
L,298.3,309.1,1417,60.5,143,0,0,0,0,0,0,10.800000000000011,8.976806282722514,8651.5
L,298.2,309.0,1413,55.0,145,0,0,0,0,0,0,10.800000000000011,8.137696335078534,7975.0
M,298.2,309.0,1441,44.2,147,0,0,0,0,0,0,10.800000000000011,6.669340314136126,6497.400000000001
M,298.2,309.0,1353,50.3,150,0,0,0,0,0,0,10.800000000000011,7.1262722513089,7545.0
L,298.1,309.0,1502,40.9,153,0,0,0,0,0,0,10.899999999999977,6.432649214659685,6257.7
L,298.2,309.0,1610,31.7,155,0,0,0,0,0,0,10.800000000000011,5.344188481675393,4913.5
M,298.2,309.1,1411,45.8,157,0,0,0,0,0,0,10.900000000000034,6.766890052356021,7190.599999999999
L,298.3,309.1,1387,52.3,160,0,0,0,0,0,0,10.800000000000011,7.595821989528795,8368.0
H,298.3,309.1,1430,40.9,162,0,0,0,0,0,0,10.800000000000011,6.1242931937172775,6625.8
M,298.4,309.1,1576,38.8,167,0,0,0,0,0,0,10.700000000000045,6.403015706806282,6479.599999999999
M,298.5,309.2,1721,29.4,170,0,0,0,0,0,0,10.699999999999989,5.298157068062826,4998.0
M,298.5,309.3,1465,42.4,173,0,0,0,0,0,0,10.800000000000011,6.504293193717277,7335.2
M,298.6,309.4,1407,45.1,176,0,0,0,0,0,0,10.799999999999955,6.644575916230367,7937.6
M,298.6,309.4,1464,36.9,179,0,0,0,0,0,0,10.799999999999955,5.656712041884816,6605.099999999999
M,298.6,309.5,1568,36.7,182,0,0,0,0,0,0,10.899999999999977,6.025717277486912,6679.400000000001
L,298.6,309.4,1667,35.6,185,0,0,0,0,0,0,10.799999999999955,6.2141570680628275,6586.0
L,298.5,309.4,1360,60.9,187,1,0,0,0,1,0,10.899999999999977,8.672670157068064,11388.3
M,298.5,309.3,1488,43.7,189,0,0,0,0,0,0,10.800000000000011,6.808963350785341,8259.300000000001
L,298.4,309.3,1504,39.3,192,0,0,0,0,0,0,10.900000000000034,6.18923560209424,7545.599999999999
L,298.4,309.2,1610,32.4,194,0,0,0,0,0,0,10.800000000000011,5.462198952879581,6285.599999999999
L,298.4,309.2,1345,52.7,196,0,0,0,0,0,0,10.800000000000011,7.422146596858639,10329.2
M,298.3,309.3,1376,57.0,198,0,0,0,0,0,0,11.0,8.212774869109948,11286.0
L,298.4,309.4,1385,50.0,201,0,0,0,0,0,0,11.0,7.2513089005235605,10050.0
M,298.4,309.4,1429,41.8,203,0,0,0,0,0,0,11.0,6.254680628272251,8485.4
L,298.3,309.3,1337,56.1,206,1,0,0,0,1,0,11.0,7.854,11556.6
L,298.4,309.3,1542,35.4,208,0,0,0,0,0,0,10.900000000000034,5.715895287958115,7363.2
L,298.4,309.2,2118,17.7,210,0,0,0,0,0,0,10.800000000000011,3.925507853403141,3717.0
L,298.3,309.1,1386,45.3,212,0,0,0,0,0,0,10.800000000000011,6.574429319371728,9603.599999999999
M,298.3,309.1,1632,32.7,0,0,0,0,0,0,0,10.800000000000011,5.5881047120418845,0.0
L,298.4,309.3,1545,36.9,3,0,0,0,0,0,0,10.900000000000034,5.9696858638743455,110.69999999999999
M,298.4,309.3,1390,53.6,5,0,0,0,0,0,0,10.900000000000034,7.801465968586387,268.0
M,298.4,309.3,1355,50.6,8,0,0,0,0,0,0,10.900000000000034,7.179371727748691,404.8
L,298.4,309.2,1425,45.5,11,0,0,0,0,0,0,10.800000000000011,6.789267015706806,500.5
M,298.4,309.2,1491,51.2,13,0,0,0,0,0,0,10.800000000000011,7.993633507853403,665.6
H,298.3,309.2,1486,42.4,16,0,0,0,0,0,0,10.899999999999977,6.5975287958115185,678.4
M,298.3,309.2,1359,51.4,21,0,0,0,0,0,0,10.899999999999977,7.31440837696335,1079.3999999999999
L,298.4,309.3,1395,47.6,24,0,0,0,0,0,0,10.900000000000034,6.9530890052356025,1142.4
L,298.3,309.2,1383,52.1,26,0,0,0,0,0,0,10.899999999999977,7.544952879581152,1354.6000000000001
H,298.3,309.1,1484,37.0,28,0,0,0,0,0,0,10.800000000000011,5.749528795811519,1036.0
L,298.3,309.1,1421,47.4,33,0,0,0,0,0,0,10.800000000000011,7.052921465968586,1564.2
L,298.3,309.0,1339,58.8,35,0,0,0,0,0,0,10.699999999999989,8.244314136125654,2058.0
L,298.4,309.1,1362,46.1,37,0,0,0,0,0,0,10.700000000000045,6.574680628272252,1705.7
H,298.5,309.2,1568,40.6,39,0,0,0,0,0,0,10.699999999999989,6.666052356020943,1583.4
L,298.6,309.4,2312,15.5,44,0,0,0,0,0,0,10.799999999999955,3.7524607329842934,682.0
M,298.5,309.3,1498,34.6,46,0,0,0,0,0,0,10.800000000000011,5.427308900523561,1591.6000000000001
M,298.5,309.3,1761,27.2,49,0,0,0,0,0,0,10.800000000000011,5.015623036649214,1332.8
L,298.6,309.4,1316,51.4,52,0,0,0,0,0,0,10.799999999999955,7.082973821989528,2672.7999999999997
L,298.6,309.4,1525,37.8,54,0,0,0,0,0,0,10.799999999999955,6.036125654450261,2041.1999999999998
H,298.6,309.4,1362,45.3,56,0,0,0,0,0,0,10.799999999999955,6.460586387434555,2536.7999999999997
L,298.7,309.6,1516,38.5,61,0,0,0,0,0,0,10.900000000000034,6.111623036649215,2348.5
L,298.6,309.5,1450,44.2,63,0,0,0,0,0,0,10.899999999999977,6.710994764397906,2784.6000000000004
M,298.6,309.5,1366,55.0,65,0,0,0,0,0,0,10.899999999999977,7.867015706806283,3575.0
L,298.5,309.5,1547,33.1,68,0,0,0,0,0,0,11.0,5.361853403141362,2250.8
M,298.6,309.5,1580,33.9,70,0,0,0,0,0,0,10.899999999999977,5.608586387434555,2373.0
H,298.7,309.6,1755,26.9,73,0,0,0,0,0,0,10.900000000000034,4.943403141361257,1963.6999999999998
M,298.7,309.6,1800,24.8,78,0,0,0,0,0,0,10.900000000000034,4.67434554973822,1934.4
M,298.8,309.7,1439,45.8,81,0,0,0,0,0,0,10.899999999999977,6.90117277486911,3709.7999999999997
L,298.9,309.8,1411,56.3,84,0,0,0,0,0,0,10.900000000000034,8.318251308900523,4729.2
M,298.9,309.9,1645,31.4,86,0,0,0,0,0,0,11.0,5.40869109947644,2700.4
M,298.9,309.8,2450,13.9,89,0,0,0,0,0,0,10.900000000000034,3.5659685863874344,1237.1000000000001
L,299.0,309.9,1630,34.0,92,0,0,0,0,0,0,10.899999999999977,5.803141361256545,3128.0
L,299.0,309.9,1411,44.7,94,0,0,0,0,0,0,10.899999999999977,6.604366492146597,4201.8
L,298.9,309.9,1526,35.4,96,0,0,0,0,0,0,11.0,5.656586387434555,3398.3999999999996
L,298.9,309.9,1590,31.3,98,0,0,0,0,0,0,11.0,5.211204188481675,3067.4
H,299.0,309.9,1884,25.6,100,0,0,0,0,0,0,10.899999999999977,5.050303664921466,2560.0
M,298.9,309.8,1947,21.7,105,0,0,0,0,0,0,10.900000000000034,4.424073298429319,2278.5
L,298.9,309.9,1373,52.1,108,0,0,0,0,0,0,11.0,7.4903979057591625,5626.8
L,298.9,309.8,1616,36.5,110,0,0,0,0,0,0,10.900000000000034,6.176335078534032,4015.0
M,298.9,309.9,1449,44.1,112,0,0,0,0,0,0,11.0,6.691193717277487,4939.2
M,298.9,309.8,1363,50.6,115,0,0,0,0,0,0,10.900000000000034,7.221759162303665,5819.0
H,298.8,309.7,1461,55.1,118,0,0,0,0,0,0,10.899999999999977,8.429434554973822,6501.8
L,298.8,309.7,1374,58.6,123,0,0,0,0,0,0,10.899999999999977,8.431036649214661,7207.8
L,298.7,309.7,1293,59.1,125,0,0,0,0,0,0,11.0,8.001706806282723,7387.5
M,298.8,309.8,1490,38.6,127,0,0,0,0,0,0,11.0,6.022408376963351,4902.2
L,298.8,309.8,1753,27.5,130,0,0,0,0,0,0,11.0,5.047905759162304,3575.0
L,298.8,309.8,1493,38.5,132,0,0,0,0,0,0,11.0,6.01890052356021,5082.0
L,298.8,309.8,1895,22.0,134,0,0,0,0,0,0,11.0,4.36544502617801,2948.0
H,298.7,309.6,1654,34.3,136,0,0,0,0,0,0,10.900000000000034,5.940544502617801,4664.799999999999
L,298.7,309.5,1673,30.8,141,0,0,0,0,0,0,10.800000000000011,5.395643979057592,4342.8
L,298.8,309.6,1613,27.7,143,0,0,0,0,0,0,10.800000000000011,4.678544502617801,3961.1
L,298.8,309.6,1903,22.3,145,0,0,0,0,0,0,10.800000000000011,4.44365445026178,3233.5
L,298.8,309.5,1368,44.7,147,0,0,0,0,0,0,10.699999999999989,6.403099476439791,6570.900000000001
M,298.8,309.6,1575,34.4,149,0,0,0,0,0,0,10.800000000000011,5.673298429319372,5125.599999999999
H,298.8,309.6,1516,40.2,152,0,0,0,0,0,0,10.800000000000011,6.381486910994765,6110.400000000001
L,298.8,309.5,1645,32.8,157,0,0,0,0,0,0,10.699999999999989,5.649842931937172,5149.599999999999
L,298.8,309.5,1374,48.1,159,0,0,0,0,0,0,10.699999999999989,6.9203560209424095,7647.900000000001
H,298.9,309.7,1407,48.6,161,0,0,0,0,0,0,10.800000000000011,7.160230366492146,7824.6
M,298.9,309.6,1284,55.3,166,0,0,0,0,0,0,10.700000000000045,7.43509947643979,9179.8
L,298.9,309.5,1645,31.1,169,0,0,0,0,0,0,10.600000000000023,5.3570157068062825,5255.900000000001
L,298.8,309.4,1387,54.1,171,0,0,0,0,0,0,10.599999999999966,7.857246073298429,9251.1
M,298.8,309.3,1618,35.1,173,0,0,0,0,0,0,10.5,5.946785340314136,6072.3
L,298.8,309.3,1357,47.1,176,0,0,0,0,0,0,10.5,6.692638743455498,8289.6
L,298.7,309.2,1396,44.8,178,0,0,0,0,0,0,10.5,6.548774869109947,7974.4
L,298.7,309.2,1586,31.4,180,0,0,0,0,0,0,10.5,5.214701570680628,5652.0
H,298.7,309.2,1449,42.3,182,0,0,0,0,0,0,10.5,6.418083769633507,7698.599999999999
M,298.7,309.2,1423,48.9,187,0,0,0,0,0,0,10.5,7.286356020942408,9144.3
H,298.7,309.3,1402,45.3,190,0,0,0,0,0,0,10.600000000000023,6.650324607329843,8607.0
M,298.7,309.2,1437,45.7,195,0,0,0,0,0,0,10.5,6.876534031413613,8911.5
L,298.6,309.1,1537,35.7,198,0,0,0,0,0,0,10.5,5.745643979057592,7068.6
M,298.7,309.1,1423,49.5,200,0,0,0,0,0,0,10.400000000000034,7.375759162303665,9900.0
M,298.6,309.1,1587,37.3,203,0,0,0,0,0,0,10.5,6.198439790575916,7571.9
M,298.6,309.1,1487,43.2,206,0,0,0,0,0,0,10.5,6.726534031413613,8899.2
L,298.6,309.0,1456,47.7,0,0,0,0,0,0,0,10.399999999999977,7.272376963350785,0.0
L,298.7,309.1,1607,32.7,2,0,0,0,0,0,0,10.400000000000034,5.502502617801047,65.4
L,298.6,309.0,1469,46.0,4,0,0,0,0,0,0,10.399999999999977,7.075811518324607,184.0
M,298.6,309.0,1481,40.8,6,0,0,0,0,0,0,10.399999999999977,6.327204188481675,244.79999999999998
L,298.6,308.9,1327,58.8,9,0,0,0,0,0,0,10.299999999999955,8.170429319371728,529.1999999999999
L,298.5,308.8,1589,30.6,11,0,0,0,0,0,0,10.300000000000011,5.091455497382199,336.6
L,298.5,308.8,1670,29.6,13,0,0,0,0,0,0,10.300000000000011,5.176125654450262,384.8
M,298.5,308.7,1662,28.3,15,0,0,0,0,0,0,10.199999999999989,4.925089005235602,424.5
M,298.5,308.8,1553,34.9,18,0,0,0,0,0,0,10.300000000000011,5.675361256544503,628.1999999999999
M,298.5,308.8,1557,36.0,21,0,0,0,0,0,0,10.300000000000011,5.869319371727749,756.0
L,298.4,308.8,1352,56.7,24,0,0,0,0,0,0,10.400000000000034,8.027057591623038,1360.8000000000002
L,298.5,308.8,1305,58.7,26,0,0,0,0,0,0,10.300000000000011,8.021308900523561,1526.2
H,298.5,308.7,1450,43.9,28,0,0,0,0,0,0,10.199999999999989,6.66544502617801,1229.2
M,298.5,308.7,1347,48.5,33,0,0,0,0,0,0,10.199999999999989,6.840785340314136,1600.5
H,298.6,308.8,1566,39.1,36,0,0,0,0,0,0,10.199999999999989,6.411581151832461,1407.6000000000001
M,298.5,308.7,1615,33.3,41,0,0,0,0,0,0,10.199999999999989,5.631361256544502,1365.3
M,298.5,308.6,1384,54.4,44,0,0,0,0,0,0,10.100000000000023,7.883727748691099,2393.6
M,298.5,308.7,1367,47.3,47,0,0,0,0,0,0,10.199999999999989,6.770586387434554,2223.1
M,298.5,308.6,1897,20.2,50,0,0,0,0,0,0,10.100000000000023,4.012502617801047,1010.0
L,298.5,308.6,1522,36.9,53,0,0,0,0,0,0,10.100000000000023,5.880816753926701,1955.6999999999998
M,298.4,308.5,1576,27.4,55,0,0,0,0,0,0,10.100000000000023,4.5217172774869105,1507.0
H,298.4,308.4,1479,39.2,58,0,0,0,0,0,0,10.0,6.070869109947644,2273.6000000000004
L,298.3,308.3,1452,45.5,63,0,0,0,0,0,0,10.0,6.917905759162304,2866.5
L,298.3,308.3,1432,46.9,65,0,0,0,0,0,0,10.0,7.032544502617801,3048.5
L,298.3,308.2,1663,28.4,67,0,0,0,0,0,0,9.899999999999977,4.9454659685863875,1902.8
L,298.3,308.3,1597,32.4,69,0,0,0,0,0,0,10.0,5.4180942408376955,2235.6
L,298.3,308.2,1472,44.3,71,0,0,0,0,0,0,9.899999999999977,6.828230366492146,3145.2999999999997
L,298.4,308.3,1452,48.5,73,0,0,0,0,0,0,9.900000000000034,7.374031413612565,3540.5
H,298.3,308.2,1534,33.2,75,0,0,0,0,0,0,9.899999999999977,5.332858638743456,2490.0
L,298.3,308.1,1505,46.1,80,0,0,0,0,0,0,9.800000000000011,7.264973821989529,3688.0
L,298.3,308.1,1528,33.9,82,0,0,0,0,0,0,9.800000000000011,5.4239999999999995,2779.7999999999997
H,298.3,308.1,2636,12.8,84,0,0,0,0,0,0,9.800000000000011,3.5330680628272253,1075.2
M,298.3,308.1,1722,28.6,89,0,0,0,0,0,0,9.800000000000011,5.156984293193718,2545.4
L,298.4,308.1,1395,44.0,92,0,0,0,0,0,0,9.700000000000045,6.4272251308900525,4048.0
L,298.4,308.1,1375,50.8,94,0,0,0,0,0,0,9.700000000000045,7.31413612565445,4775.2
M,298.3,308.0,1766,26.0,96,0,0,0,0,0,0,9.699999999999989,4.807958115183246,2496.0
L,298.3,307.9,1399,47.8,99,0,0,0,0,0,0,9.599999999999966,7.002324607329842,4732.2
L,298.3,308.0,1578,37.8,101,0,0,0,0,0,0,9.699999999999989,6.245905759162303,3817.7999999999997
L,298.3,307.9,1502,42.0,103,0,0,0,0,0,0,9.599999999999966,6.60565445026178,4326.0
M,298.2,307.9,1529,36.6,105,0,0,0,0,0,0,9.699999999999989,5.859832460732984,3843.0
L,298.2,307.8,1804,25.1,108,0,0,0,0,0,0,9.600000000000023,4.741403141361257,2710.8
M,298.2,307.8,1411,53.4,110,0,0,0,0,0,0,9.600000000000023,7.889780104712041,5874.0
L,298.1,307.8,1413,54.1,113,0,0,0,0,0,0,9.699999999999989,8.004534031413613,6113.3
L,298.2,307.8,1355,59.4,115,0,0,0,0,0,0,9.600000000000023,8.427958115183246,6831.0
L,298.2,307.8,1429,46.9,117,0,0,0,0,0,0,9.600000000000023,7.017811518324606,5487.3
L,298.1,307.8,1565,35.3,119,0,0,0,0,0,0,9.699999999999989,5.784764397905758,4200.7
M,298.1,307.9,1446,42.8,121,0,0,0,0,0,0,9.799999999999955,6.480502617801046,5178.799999999999
M,298.2,307.9,1462,38.8,124,0,0,0,0,0,0,9.699999999999989,5.9398534031413615,4811.2
M,298.2,307.8,1578,34.5,127,0,0,0,0,0,0,9.600000000000023,5.700628272251309,4381.5
L,298.1,307.8,1606,33.0,130,0,0,0,0,0,0,9.699999999999989,5.5495287958115185,4290.0
M,298.1,307.8,1525,35.9,132,0,0,0,0,0,0,9.699999999999989,5.732722513089005,4738.8
L,298.1,307.8,1379,49.1,135,0,0,0,0,0,0,9.699999999999989,7.08993717277487,6628.5
L,298.2,307.8,1575,35.0,137,0,0,0,0,0,0,9.600000000000023,5.772251308900524,4795.0
L,298.2,307.9,1399,54.9,139,0,0,0,0,0,0,9.699999999999989,8.042418848167538,7631.099999999999
L,298.2,307.9,1429,49.4,141,0,0,0,0,0,0,9.699999999999989,7.391895287958114,6965.4
L,298.3,307.9,1435,39.9,143,0,0,0,0,0,0,9.599999999999966,5.99544502617801,5705.7
L,298.3,307.9,1766,26.5,145,0,0,0,0,0,0,9.599999999999966,4.900418848167539,3842.5
L,298.3,307.9,1703,28.9,147,0,0,0,0,0,0,9.599999999999966,5.15358115183246,4248.3
L,298.3,307.9,1507,41.2,149,0,0,0,0,0,0,9.599999999999966,6.501403141361257,6138.8
M,298.3,307.9,1609,32.4,151,0,0,0,0,0,0,9.599999999999966,5.458806282722513,4892.4
L,298.4,308.0,1605,32.4,154,0,0,0,0,0,0,9.600000000000023,5.4452356020942405,4989.599999999999
L,298.4,308.1,1491,50.0,156,0,0,0,0,0,0,9.700000000000045,7.806282722513089,7800.0
H,298.4,308.1,1891,24.7,158,0,0,0,0,0,0,9.700000000000045,4.890858638743455,3902.6
H,298.5,308.2,1563,44.6,163,0,0,0,0,0,0,9.699999999999989,7.2994554973821995,7269.8
L,298.6,308.2,1390,51.4,168,0,0,0,0,0,0,9.599999999999966,7.481256544502618,8635.199999999999
L,298.5,308.2,1444,40.5,170,0,0,0,0,0,0,9.699999999999989,6.1237696335078535,6885.0
L,298.6,308.2,1361,68.2,172,1,0,0,1,1,0,9.599999999999966,9.719392670157069,11730.4
M,298.6,308.3,1589,34.1,174,0,0,0,0,0,0,9.699999999999989,5.673811518324608,5933.400000000001
L,298.6,308.2,1705,26.3,177,0,0,0,0,0,0,9.599999999999966,4.69544502617801,4655.1
L,298.6,308.3,1422,40.4,179,0,0,0,0,0,0,9.699999999999989,6.0155811518324604,7231.599999999999
H,298.6,308.3,1377,52.1,181,0,0,0,0,0,0,9.699999999999989,7.5122198952879575,9430.1
L,298.5,308.3,1334,49.8,186,0,0,0,0,0,0,9.800000000000011,6.956356020942408,9262.8
L,298.6,308.4,1559,36.6,188,0,0,0,0,0,0,9.799999999999955,5.974806282722513,6880.8
L,298.7,308.5,1353,47.0,190,0,0,0,0,0,0,9.800000000000011,6.658743455497382,8930.0
M,298.7,308.4,1507,45.7,192,0,0,0,0,0,0,9.699999999999989,7.211507853403142,8774.400000000001
L,298.7,308.4,1694,28.7,195,0,0,0,0,0,0,9.699999999999989,5.0908691099476435,5596.5
H,298.7,308.4,1432,42.8,197,0,0,0,0,0,0,9.699999999999989,6.417759162303665,8431.599999999999
H,298.7,308.5,1572,35.6,202,0,0,0,0,0,0,9.800000000000011,5.860020942408378,7191.200000000001
M,298.8,308.6,1507,42.3,207,0,0,0,0,0,0,9.800000000000011,6.6749842931937176,8756.099999999999
M,298.8,308.6,1500,37.1,210,0,0,0,0,0,0,9.800000000000011,5.827225130890052,7791.0
L,298.9,308.6,1771,24.1,213,0,0,0,0,0,0,9.700000000000045,4.469225130890053,5133.3
M,298.8,308.5,1577,33.2,0,0,0,0,0,0,0,9.699999999999989,5.48234554973822,0.0
L,298.8,308.5,1527,36.2,3,0,0,0,0,0,0,9.699999999999989,5.78820942408377,108.60000000000001
M,298.9,308.4,1827,26.1,5,0,0,0,0,0,0,9.5,4.9931623036649215,130.5
L,298.8,308.4,1484,39.2,8,0,0,0,0,0,0,9.599999999999966,6.091392670157068,313.6
L,298.8,308.4,1401,47.3,10,0,0,0,0,0,0,9.599999999999966,6.938984293193718,473.0
L,298.8,308.3,1634,27.9,12,0,0,0,0,0,0,9.5,4.773675392670157,334.79999999999995
M,298.8,308.4,1604,29.5,14,0,0,0,0,0,0,9.599999999999966,4.954764397905759,413.0
H,298.9,308.4,1632,31.8,17,0,0,0,0,0,0,9.5,5.434303664921466,540.6
M,299.0,308.6,1645,33.4,22,0,0,0,0,0,0,9.600000000000023,5.753193717277487,734.8
H,299.0,308.7,1408,48.5,25,0,0,0,0,0,0,9.699999999999989,7.150575916230366,1212.5
M,299.0,308.7,1500,40.2,30,0,0,0,0,0,0,9.699999999999989,6.314136125654451,1206.0
